:020000040000fa
:080000001801040000000000db
:020000040000fa
:10020000de3a0400000000005a3d04000000000037
:10021000363e040000000000be4004000000000064
:10022000a601040000000000e2010400000000003c
:100230000f1b2200807922000001880000000000ce
:10024000050007000c000700901e020000000000df
:100250000040da000000fe004440a90080a3200016
:100260000000e0000300320000002000a001880030
:100270004440a8000000060060ea2e0001002000b3
:100280001600370062004000e080480091018800bd
:100290009001ba0062004000e080480091018800af
:1002a0009002ba0062004000e08048000002eb00cb
:1002b0006028e10005003a008301e90007003300ef
:1002c000038009000059eb00040037006128e100b9
:1002d000010032000082eb00050007009101880058
:1002e0001001ba000200e000e6ff3a00000005003d
:1002f000910188008002780062004000e0804800a0
:100300003559ba008301e900080032002559ba00c6
:100310008301e900050032000400e000f4ff320030
:1003200015d9ba008301e900f1ff3a000000060088
:10033000800078001106b100030035009101b10082
:1003400001003c000050a10000000600881f78005a
:1003500002047800e5000700080040004f04780020
:10036000000006000000fa00881f780000047800f2
:100370003fb99700ea81570080007800601a20009a
:10038000e1000700800078000000e0000200350076
:100390000040eb0000f47800010078004f04780082
:1003a0000080fa0000000600800078001004e000e1
:1003b000020032005104e000feff3a0000805000cd
:1003c0000000060080017800100078000200e000c4
:1003d00002003a008009e900060037001004e0003e
:1003e00002003a008080eb00020037008009e8003c
:1003f0009000fb0001007800000006000200fa00f7
:10040000f0bf9f003fb99700ea8157008f80e90055
:10041000201e2000710107000080fa000000060085
:10042000889fbe0080047800a1fb80000100780056
:100430000100e0000a003a0061f72100761fe200a7
:100440001c00320011007800908f54001400360018
:100450008080e8001100e000faff3a001500370044
:100460001100e0000600320011017800928f540064
:100470000b0036008280e8001100e000faff3a002d
:100480001001780061f72100b0fb8000820f50005e
:100490000800320011007800908f540002003e00e6
:1004a00001007800150037008080e800910f1100ee
:1004b000f8ff3a00c8fb8000890f540001003100aa
:1004c00009047800080078001b020700000178008a
:1004d0000000e00005003a000000eb00890f540026
:1004e000060032000804d100f3ff37000819780035
:1004f0000200780044000700cbff37004f04be0025
:1005000000000600881f7800630440000800a10076
:100510000001eb00800f540022003600e30f54006e
:1005200001003e004800200008007800bcff0700e2
:10053000800078000001eb000000e00019003200ac
:10054000100178009201780064805100880f5000fb
:100550000300310012009000800878000700370087
:1005600008004100800878001202900014009800f2
:10057000110078000888510008097800910078007f
:100580000100e00004003200110090008180e800ca
:100590000000e00001003a008000eb00a1fb8800b1
:1005a0000281e800020078004f0478000000060095
:1005b000881f780000047800f2fb8000d0fb8000e8
:1005c000800f51000a0031008200d0000200e800d4
:1005d000f0fb8800e0fb8000610078000000010073
:1005e000f2fb8000d0fb8000800f5100f6ff390045
:1005f00080e92100e0fb880020022000d0fb880079
:1006000008007800280907000000e00036003200ea
:100610000081e90012027800e30f52003200360038
:100620000408a30030003a00b1fb80000100e000a4
:1006300002003200810f51000300310001087800f0
:10064000b2fb88001d003700810178001100900086
:100650000000e00008003200820f50000600310068
:1006600080017800100090000000e00002003200dd
:10067000820f5000faff390093007800018041009a
:10068000800f510018003900820f500003003a001b
:10069000848940000301780008003700930090002f
:1006a0000100e0000300320004004100808f500090
:1006b0000d003900110198009201980092009000fd
:1006c0000100e000080032009201780003004100c0
:1006d000810f500004003a00743fef001089410080
:1006e00010009000100198000000060080017800c2
:1006f0000200e00003003200b15978000201e90075
:10070000fdff3a00000006006200fa00889fbe006c
:100710008a9fbe000004be000205780083007800b6
:100720006a8057008b010700f88f9f0089979f0010
:100730000000eb00909f9f001a80fb008005fb00eb
:100740000000ea00cf04de00090478005002200017
:10075000808f550001003a000904e9000800e0001c
:100760000c0034000f909700080178008a00780090
:10077000ff8997000300010080979f008080eb00b5
:100780000000e000900032001f9897000800400031
:10079000909f9f000905450050022000808f550062
:1007a000040032000b00e000e3ff3a009f9897003e
:1007b000850037000000eb00f0979f00e0979f0056
:1007c000d0979f00c0979f00b0979f00a0979f0071
:1007d000b09f9f0009003700c0f321000080500047
:1007e0000000d00021f4210001004000bf989700d4
:1007f00090807000b19f9f000a05e8009a00fb00fe
:10080000c0f3210055010700800078000000e000df
:10081000f1ff3a00a0c2b3009a4f10000e003a0058
:100820003fb897000080e900b0bf9f00100078003b
:10083000a09f9f000000e00005003d000000ea00ce
:10084000a09f9f003f9897000020a000b09f9f00ae
:100850000a05e80011003700a19f9f000b00370038
:10086000af989700f0ff2700808f500006003200fd
:100870006a09b9001a00fb000200400001fd2f00c8
:1008800001004000a09f9f000a05e8001a00fb003d
:100890003a0107000000e000f1ff3a00e0c2b300b7
:1008a0009a4f1000030032000080eb00809f9f00f1
:1008b0001c003700a0c2b300da4f100007003a0056
:1008c0003fb897000080e900b0bf9f00100078009b
:1008d000809f9f000a05e800120037000000eb002f
:1008e000809f9f000b0037008f989700f0ff270034
:1008f000808f5000060032006a09b9001a00fb0020
:100900000200400001fd2f0001004000809f9f0079
:100910000a05e8001a00fb00180107000000e000cb
:10092000f1ff3a009a00fb00e0f921000b010700fb
:100930008040eb000000e00001003200ba40780087
:10094000817f9f0080c6b30080cf500004003a0032
:100950009acf100002003a006640500007003700ae
:100960008f789700c0c6b30080cf500005003a00d2
:100970009acf100003003a0065404000807f9f003e
:100980000a05e800a0fb2f00008447003a01fb00a5
:1009900088017800ea80570060f92f000f004000be
:1009a000fc0007000000e00006003a008800780024
:1009b00060f92f000f0040007c0207000000e000fb
:1009c0005dff3d008080eb00010078004f05be0018
:1009d0004f04be000080fa00000006001200fa007a
:1009e000889fbe008a9fbe008c9fbe0002047800d4
:1009f0008006eb0090b79f00a1b79f0083007800ae
:100a00007a805700d3000700ddb79f00c8b79f006a
:100a10004fb097001080fb008005fb000000ea004b
:100a20004f06de000b0078002e0307000000e000f8
:100a30001a0032005fb097000000e800d0b79f00b6
:100a40002fb09700120020008000eb009fb19700ac
:100a50000300010080047800220307000000e0008a
:100a6000f4ff3a005fb09700e18f440008003200c5
:100a70000000e900d0b79f002fb097000001eb0005
:100a8000890078009fb1970003000100290037001a
:100a90000000e900d0b79f00260037000c04780062
:100aa00050022000808f550001003a000c04e9003c
:100ab0004fb597000804e9001e0033005fb09700af
:100ac0000000e800d0b79f002fb097001200200070
:100ad0008000eb009fb197000300010080047800c4
:100ae0001a00fb00808f54000f0032005fb09700a7
:100af000e18f4400080032000000e900d0b79f00f9
:100b00002fb097000001eb00890078009fb197009b
:100b100003000100020037000000e900d0b79f0089
:100b20000d0078007f0037000a05e8000804e9009e
:100b3000e2ff3b004fb097008c004000c1b79f0020
:100b400050022000808f5500040032000d00780014
:100b50000b00e00073003200adff3700a0c2b3000d
:100b6000914f100005003a00f880570011007800fe
:100b70003041780080087800010037000041eb0028
:100b800082f79f000000eb00f0b79f000e003700d7
:100b9000ffb09700f0ff2700808f50000700320061
:100ba0006a09b9004fb097001000fb000200400036
:100bb00001fd2f0001004000f0b79f004fb09700eb
:100bc0000000e800c0b79f004fb097001000fb0086
:100bd0006a0007000000e000edff3a004fb0970008
:100be0009000fb0020f921005c0007000041eb00b1
:100bf0000000e00004003200f88057001100780087
:100c0000304178008008780092f79f0080c6b300da
:100c1000804f510007003a00cfb09700914f11006c
:100c200004003a006640500090f79f000100e80081
:100c30000a0037009ff09700c0c6b30080cf500075
:100c400007003a004fb1970092cf100004003a001d
:100c50006540400090f79f000200e800c0b79f0089
:100c60004fb097009000fb0090f921003b00070077
:100c70000000e00019003a005fb097000000e800b3
:100c8000d0b79f002fb09700120020008000eb002b
:100c90009fb19700030001008004780091020700d3
:100ca0000000e000f4ff3a005fb09700e18f4400dd
:100cb000080032000000e900d0b79f002fb0970075
:100cc0000001eb00890078009fb19700030001004c
:100cd000020037000000e900d0b79f007e80570077
:100ce00088020700800078000000e00005003c005a
:100cf0000d0078000d00e0000a003a0001007800c5
:100d0000080037002ff097000004e00001003200d7
:100d10008d06e8004fb097000000e800c0b79f00c4
:100d20003bff37004f06be004f05be004f04be001c
:100d30000080fa00000006000000e000030034001c
:100d400061070700e10f400001003a000000eb00de
:100d500000000600010878000000060090cf100097
:100d6000050032001004e00001003a000000050018
:100d7000d0cf1000fbff3a00000006000003b100d6
:100d8000030035009000b10001003c001000050098
:100d900000000500889fbe008a1f780000047800cc
:100da0000102780002457800830478000200fb000d
:100db000cf80de005002b1000180b100320520007a
:100dc000820f5000e08f58006b013e000060010070
:100dd000630137006801370067013700660137009b
:100de0006501370064013700630137006201370095
:100df00061013700600137005f0137005e01370095
:100e00005d0137005c0137005b0137005a01370094
:100e10005901370058013700570137005601370094
:100e20005501370054013700530137005201370094
:100e300051013700500137004f0137004e01370094
:100e40004d0137004c0137004b0137004a01370094
:100e50004901370048013700470137004601370094
:100e60004501370044013700430137004201370094
:100e700041013700400137003f0137003e01370094
:100e80003d0137003c013700210137003a013700ae
:100e9000390137003801370037013700810037004a
:100ea0003501370034013700330137003201370094
:100eb00031013700300137002f0137002e01370094
:100ec0002d0137002c013700150037001c003700ba
:100ed0002901370028013700270137002601370094
:100ee00017003700240137002301370022013700a3
:100ef00021013700c20037006a003700f5003700d3
:100f00001d0137001c013700010137001a013700ad
:100f100064003700180137001701370061003700ff
:100f20006e01440012007800808141009480e90045
:100f3000010a78000009e80091497800170137009c
:100f400028619000c0c6b300804f51000a003a00eb
:100f50009400780064805000000a78001000be0001
:100f60004f89de00cf91de000002be000203780050
:100f7000820378001600370010c7b300804f51007d
:100f800003003a00140178006800510005003700a2
:100f900094007800a0c6b300804f510005003a00cd
:100fa00068805000000a78003002be002003be00b6
:100fb000070037000180e900000a7800100078007f
:100fc00000027800cfa2de000503780086037800d7
:100fd000049cbe000694be00a860900080c6b300ca
:100fe00080cf50000f00320020c6b30080cf5000e9
:100ff00006003a00184078000000fb00cf80de00b9
:1010000001017800820178000a00370040c7b30070
:1010100080cf5000030032006640400080cf500077
:1010200006003a0018007800cf80de000101780049
:1010300082017800009cbe000294be003800be0011
:101040002801be00e00f5000e08f5800e00f59006b
:10105000e08f590004003d006e01440092007800ca
:10106000d0c2b3000c003700081090000018a30095
:10107000040032006e01440092007800b0c2b30058
:10108000050037000008a300580032006e0144003c
:101090009200780000c2b30080f478000109e800f3
:1010a0005200370028619000c0c6b300804f510045
:1010b00006003a009400780064805000000a78002e
:1010c0001002be006033b8001600370010c7b3002e
:1010d000804f510003003a0014017800680051006d
:1010e0000500370094007800a0c6b300804f51007f
:1010f00005003a0068805000000a78003002be0007
:101100002003be00070037000180e900000a7800d4
:101110001000780000027800050020000600200082
:1011200007002000049cbe000694be00a86090004a
:1011300080c6b30080cf50000f00320020c6b3003d
:1011400080cf500006003a00184078000080fb0075
:101150000100200002002000030020000a003700e8
:1011600040c7b30080cf500003003200664040000b
:1011700080cf500006003a001800780001002000df
:101180000200200003002000009cbe000294be006c
:10119000081090000038a300140032003800be0090
:1011a0002801be00e00f5000e08f5800e00f59000a
:1011b000e08f59000d00320080c7b300804f55000a
:1011c0000300320080c5b300804f550007003a008d
:1011d0006e0044009000780002c3b30082f47800ef
:1011e0008100e8008af478000108e80078009000a7
:1011f00000804400600498008a4078004100370075
:10120000286090008000fb00c0062000808f500006
:10121000230032000a003c0064005000808f500020
:101220002600320004003c0066005000808f500011
:101230000b00320021003700a00620000500370017
:1012400040072000808f50001c0032001b003c0033
:1012500063005000808f50000700320017003700f5
:101260001480e900000a780010007800485c9000c3
:1012700008487800490037001480e900000a780027
:101280001002780068089000cf80de00010178002d
:1012900082017800009abe000292be003f00370033
:1012a0001480e900000a78001001780068089000b6
:1012b000cf80de000089be00380037001480e900ce
:1012c000000a780010007800680c90000808780088
:1012d000320037001480e900000a7800100078001e
:1012e000cf80de000101780082017800009cbe0002
:1012f0000294be00780090000080440060049800d2
:1013000081c7b30008007800cd0107002300370033
:101310001480e900000a780010007800600498004a
:10132000580990000200e00002003d001efc07008a
:10133000090037008000eb0073020700800078008e
:101340000000e000030032006800900000805000c0
:101350000100370058089000100c98000f0037006b
:101360006e0144009200780050c2b30080f1780012
:101370000109e80009003700ee0044001100780080
:10138000808144000a4278008008e8000a04e000f6
:1013900001003a0054c2b300844978000000eb0019
:1013a0004f0578004f04be00000006000400fa005c
:1013b000889fbe008a9fbe008c1f780000047800c2
:1013c0000106780070089000f800900001005000bd
:1013d000880890000100500098089000010050001b
:1013e000a808900001005000b808900001005000cb
:1013f000c8089000810550000002220090bf9f00a5
:1014000000032300a0bf9f00081090000028a30045
:1014100018003a000b00e000160034000b057800bd
:101420008a047800e20f55000100360029002000f0
:101430000900e0000c00340058009000c801900042
:1014400009017800ee805700030001005004980065
:101450008080eb000000e0009c00320068089000f3
:1014600009004000600c9800090555004240a900a1
:10147000ebff3c00780190000200e0000c0034001b
:1014800058009000c80190008c0078000300010013
:10149000500498008080eb000000e0008b003200d8
:1014a00068089000f800900001004000600c98006f
:1014b000080890000000e0001600340000057800e5
:1014c0008a047800e20f5500010036002900200050
:1014d0000900e0000c00340058009000c8019000a2
:1014e00009017800ec8057000300010050049800c7
:1014f0008080eb000000e00074003200680890007b
:1015000009004000600c9800090555004240a90000
:10151000ebff3c00180990000200e0000c003400d2
:10152000e800900058009000c801900003000100fe
:10153000500498008080eb000000e000630032005f
:10154000680890009808900001004000600c980026
:10155000280890000000e000160034000005780024
:101560008a047800e20f55000100360029002000af
:101570000900e0000c00340058009000c801900001
:1015800009017800ec805700030001005004980026
:101590008080eb000000e0004c0032006808900002
:1015a00009004000600c9800090555004240a90060
:1015b000ebff3c00380990000200e0000e00340010
:1015c000e8009000180890008080400058009000cb
:1015d000c801900003000100500498008080eb00d7
:1015e0000000e0003900320068089000b808900060
:1015f00001004000600c9800480890000000e000e6
:1016000016003400000578008a047800e20f5500c7
:1016100001003600290020000900e0000c00340021
:1016200058009000c801900009017800ec80570034
:1016300003000100500498008080eb000000e000ef
:10164000220032006808900009004000600c9800f9
:10165000090555004240a900ebff3c00081090002e
:101660000028a300180032000b00e0001600340030
:101670000b0578008a047800e20f5500010036005f
:10168000290020000900e0000c0034005800900000
:10169000c801900009017800ee80570003000100a6
:1016a000500498008080eb000000e000070032004a
:1016b0006808900009004000600c9800090555007a
:1016c0004240a900ebff3c008000eb0001007800e5
:1016d0004f0678004f05be004f04be000080fa00a0
:1016e000000006006900e100040035006d00e10023
:1016f000030034000002b1000100320000000500c8
:1017000010000500889fbe00000478000040eb0038
:101710000054980038009000104078000000fb0052
:10172000cf80de005002b1000180b1003205200000
:10173000820f5000e08f5800bd003e0000600100a5
:1017400097003700ba003700b9003700b8003700fb
:10175000b7003700b6003700b5003700b4003700d7
:10176000b3003700b2003700b1003700b0003700d7
:10177000af003700ae003700ad003700ac003700d7
:10178000ab003700aa003700a9003700a8003700d7
:10179000a7003700a6003700a5003700a4003700d7
:1017a000a3003700a2003700a1003700a0003700d7
:1017b0009f0037009e0037009d0037009c003700d7
:1017c0009b0037009a0037009900370098003700d7
:1017d00097003700960037009500370094003700d7
:1017e00093003700920037009100370090003700d7
:1017f0008f0037008e003700670037008c003700fd
:101800008b0037008a00370089003700220037003c
:1018100087003700860037008000370084003700db
:1018200083003700820037008100370080003700d6
:101830007f0037007e0037001500370016003700a4
:101840007b0037007a0037007900370078003700d6
:10185000110037007600370075003700740037003c
:10186000730037000f0037000b0037000a00370005
:101870006f0037006e003700470037006c003700fc
:10188000050037006a0037006900370002003700a2
:101890008000eb0062003700080078002301070099
:1018a00061003700684890000004e00038003a000a
:1018b000784890008000fb00c0062000808f500018
:1018c000250032000a003c0064005000808f500068
:1018d0002900320004003c0066005000808f500058
:1018e0000b00320024003700a0062000050037005e
:1018f00040072000808f50001f0032001e003c0077
:1019000063005000808f5000080032001a0037003a
:10191000280090000080e900200498001000780062
:10192000084c900008487800190037002800900003
:101930000080e90020049800100278004800900020
:10194000cf80de000101780082017800009abe009d
:101950000292be000e003700280090000080e900cf
:10196000200498001001780048009000cf80de002d
:101970000089be0006003700280090000080e900c2
:1019800020049800100078004804900008087800af
:101990001100200027003700110020002000370030
:1019a000480090000000e8004004980018009000f3
:1019b00098017800120020008000eb000300010075
:1019c000800478001100200050022000808f540015
:1019d0001800320048009000e18f440008003200f7
:1019e0000000e90040049800180090009801780079
:1019f0000001eb00890078000300010002003700bd
:101a00000000e9004004980009007800e18f4400dc
:101a1000050032000000eb00030037008080eb007f
:101a2000080078000f0207008000780001003700ee
:101a30008000eb00010078004f04be0000000600ab
:101a40006f02b000889fbe008a9fbe008c9fbe00c0
:101a50008e1f78008006780030f12100b0b79f001b
:101a600080c5b30080cf50000200320022f0210078
:101a7000b2b79f0083002000c3b79f00f0c6b30039
:101a800080cf50000a0032006940400080cf5000f3
:101a900005003200a4002000c4b79f0080c5b30039
:101aa00080cf500002003a0000012000c0b79f0024
:101ab0008e0120003d04be002d05be0040c6b300cf
:101ac00080cf5000030032006540400080cf5000be
:101ad0000a003a00e00f5400e08f5c00e00f5d0068
:101ae000e08f5d0005003d000800be000a01be0059
:101af000840607000205be000004be00e00f54008b
:101b0000e08f5c00e00f5d00e08f5d0003003a00b5
:101b10005d0890000000e0000c0032007e01200013
:101b2000cfb0970001027800cfa2de000503780055
:101b3000860378000800be000a01be000707070000
:101b40003fb2970064407800d0e79f004fb0970005
:101b5000cf80de000101780082017800d0b79f00bd
:101b6000e1b79f00f2b79f0083bf9f000203be0052
:101b70000002be000800be000a01be00f006070019
:101b8000809ebe008296be00e00f5000e08f58009d
:101b9000e00f5900e08f5900220034000e00e000f1
:101ba000200034003d00be002d01be005fb2970052
:101bb000efb297007fb397008fbb9700eb0607004b
:101bc0000205be000004be000e07e900e1fc2f0084
:101bd0008f804000010647005fb29700efb2970088
:101be0007fb397008fbb97000800be000a01be00bc
:101bf000920707001d0010003fb19700624e780069
:101c0000889ebe008a96be00e00f5400e08f5c0004
:101c1000e00f5d00e08f5d00020034000e00e00088
:101c2000e0ff3c00cfb19700e88f510010003a0070
:101c30000d1090000038a3000d003200f70f570080
:101c400006003e00e4fc2f000e024200e4c07f00cc
:101c500000c3b30080cf5000050032000e07e9003a
:101c600000c3b300e1fc2f008e80400080f07f00b5
:101c700078011700920e98006d009000e3fc2f0091
:101c80008f8141008e80410098fa07001d0e900060
:101c90005d089000800f560006003d000c005000cb
:101ca000800e98000d1090000040a1008016980052
:101cb0000f0037000000e0000d003d000d10900007
:101cc00074006000f00f500009003a007d08900099
:101cd000fd009000010050008d08900001005000b0
:101ce0000c0750004240a900010034008e0e9800fd
:101cf0004f0778004f06be004f05be004f04be00e0
:101d00006f02b100000006000200e0000500320092
:101d100090cf1000040032000000e8000201e9004a
:101d2000fbff3a000000eb00000006002000fa0074
:101d3000889fbe008a9fbe008c9fbe000004780072
:101d4000600090000000e00001003c00f0ff270070
:101d50004bfd2f008f8545000000e90050049800de
:101d6000c8009000090033000100e800400498001a
:101d70001800900098017800120020008000eb000d
:101d80000300010080047800030037000100e80030
:101d9000400498008084eb00b0022000808f540043
:101da000030032000080e800808f540012003a00e7
:101db000895d7800580090000000e9005004980008
:101dc000c8009000090033000100e80040049800ba
:101dd0001800900098017800120020008000eb00ad
:101de0000300010080047800030037000100e800d0
:101df000400498008084eb000046eb00380090001f
:101e00009000fb0030ef2100d4fb070031ef2100f0
:101e100001005000b1ef210060c078000005fb0018
:101e200000032000808f540033003a001cc0b30030
:101e3000580090000000e90050049800c80090008d
:101e4000090033000100e8004004980018009000e9
:101e500098017800120020008000eb0003000100d0
:101e600080047800030037000100e8004004980077
:101e70008084eb0080072000808f54000300320034
:101e800080052000808f540018003a000a00e0000e
:101e900002003200f00f550014003a000a01200041
:101ea000580090000000e90050049800c80090001d
:101eb000090033000100e800400498001800900079
:101ec00098017800120020008000eb000300010060
:101ed00080047800030037000100e8004004980007
:101ee0008084eb000046eb00030037000a00e000ae
:101ef00001003a008a0020000a00e00007003200da
:101f0000ea0f5500050032008a067800e80f5500f8
:101f1000030032006d01200001003700ad002000f9
:101f200000032000808f540015003a0058009000f4
:101f30000000e90050049800c80090000900330038
:101f40000100e80040049800180090009801780013
:101f5000120020008000eb000300010080047800e4
:101f6000030037000100e800400498008084eb0083
:101f70001cc0b30000032000808f5400ebff320030
:101f80000c04e0001900320000c3b300805d78004b
:101f9000160037006d805700808f5500010031001a
:101fa000895d7800580090000000e9005004980016
:101fb000c8009000090033000100e80040049800c8
:101fc0001800900098017800120020008000eb00bb
:101fd0000300010080047800030037000100e800de
:101fe000400498008084eb001cc0b300e18f4400e3
:101ff000060032000d01780089007800c0ed210054
:1020000041ff07000000e000e2ff3a00c800900036
:10201000e18f4400080032000100e900400498000c
:1020200018009000980178000001eb00890078000a
:1020300003000100020037000100e900400498009d
:102040000c04e00009003a0040fd2f000f004000a2
:10205000808f550003003a0009007800e18f4400aa
:10206000560032000000eb0054003700804deb00ba
:10207000684890000004e0004f003a0038009000eb
:102080009040780040c6b30080cf5000030032007b
:102090006540400080cf50000a003a000a017800f5
:1020a0008000eb0040fd2f000f004000680107009a
:1020b0000203be000002be0010c0b300005498002e
:1020c0000d0037000a0178008000eb0040fd2f0072
:1020d0000f004000ba0107000203be000002be006c
:1020e00010c0b30000549800b800900000c7b300bf
:1020f000914f10002b003200784890008000fb00c8
:10210000c0062000808f5000200032000a003c00f2
:1021100064005000808f50002200320004003c0018
:1021200066005000808f50000b0032001d00370009
:10213000a00620000500370040072000808f5000d7
:102140001800320017003c0063005000808f5000e0
:102150000700320013003700280090000080e900db
:10216000200498001000780004487800120037001e
:10217000280090000080e9002004980010007800fa
:102180000498be000690be000b00370028009000a7
:102190000080e90020049800100078000488be0048
:1021a00005003700280090000080e9002004980016
:1021b0001000780004087800100020004f06be00d0
:1021c0004f05be004f04be000080fa00000006006c
:1021d0008142780080017800e20f5100150036003e
:1021e0009340900013427800d0c2b30080cf5000db
:1021f00009003a00854f520004003e002340900041
:102200001100200080cf520014003600e38141000d
:10221000630151000500370011002000854f520076
:102220000e0032008301e8000201e900e20f5100d4
:10223000ebff3e000200e0000700320093cf1200e7
:1022400002003a0011002000040037008301e8007a
:102250000201e900f9ff3a008000eb00010078007c
:1022600000000600ec874700889fbe008a9fbe00e2
:102270008c9fbe008e1f78000004780081067800d5
:102280000040eb00a0ef9f000045eb008000eb005a
:10229000f1b79f00f8489000c0c6b30080cf50004f
:1022a00002003a0010002000f0b79f000d00e0008f
:1022b00025003d00380090008000e80031049800bf
:1022c000114178000040eb0090ef9f00e0c5b300a3
:1022d000804f510003003a0092ef9f000100e80098
:1022e0003004980038019000d0c5b300924f100020
:1022f00001003a000201e800d10520000200780048
:1023000096fa0700e0b79f000000eb00efb09700df
:102310000100e000c8003200380090000086500044
:10232000e20f5600080034000c81e9000000e800cc
:10233000d102200074fe07000000e000020032001d
:1023400010c0b300a0ef9f00680090000000e00004
:1023500004003c00f0ff27000d00e00001003a00ff
:102360001000200050049800684890000004e0002d
:1023700078003a0028009000ffb097000100e000cc
:10238000050032000080e900200498001000780069
:1023900080bf9f006f0037000080e9002004980094
:1023a000100778006b0037000d00e00004003400d7
:1023b00009007800cbfc07000000e00078003a003c
:1023c0000d00e0002a003d002fe897000004e00027
:1023d00012003a009fe897000104e00006003a006e
:1023e000380090000c0178008900780046fe070054
:1023f0000000e0006a0032001fe897000004e000df
:1024000006003200380090000c0178008900780046
:102410003dfe07000000e00061003a00afe89700d1
:102420000104e000120032001fe897000004e00001
:1024300006003a00380090000c017800890078000e
:1024400063ff07000000e000550032009fe897009e
:102450000104e00006003200380090000c01780012
:10246000890078005aff07000000e0004c003a00a5
:102470007fb097000000e00008003a002ac0b300d7
:10248000684890000004e00032003a00095f7800dc
:1024900010c0b300005498002e00370089ef9f0051
:1024a0001b0020000905fb000a0078000100320033
:1024b0000b007800800478000000e00005003a007e
:1024c0000a00e00003003a0078805700b6f70700e2
:1024d0008004e8000900e00012003c008b05e900e0
:1024e000f880550061c07f008000fb00480190002b
:1024f000e18f4000070032000200e900400498002c
:1025000018009000980178000001eb000300010022
:10251000020037000200e900400498008b8f54004d
:10252000eeff3500684890000004e00005003a0026
:102530000fb897000a18780080bf9f0010c0b30042
:1025400000549800680090000000e90060049800c2
:102550002ac0b300580090000000e9005004980021
:1025600048019000090033000200e8004004980090
:102570001800900098017800120020008000eb0005
:102580000300010080047800030037000200e80027
:10259000400498008084eb00e18f440082ff3a0001
:1025a00048019000e18f4400080032000200e90079
:1025b0004004980018009000980178000001eb009a
:1025c0008900780003000100020037000200e900e2
:1025d000400498000d00e000020032000a04e00010
:1025e00006003a000a00fb001100200001003a003a
:1025f0008080eb00010078000f00370068489000f1
:102600000004e00007003a00ffb097000100e0007e
:10261000030032000fb897000008eb0001003700fc
:10262000004feb000d00e00002003d00efb097000e
:1026300031049800100020004f0778004f06be00bc
:102640004f05be004f04be00cf00b10000000600e1
:102650000200fa00889fbe008a9fbe008c1f78008f
:102660000005780081047800020678000100e0008f
:1026700001003a00ec8457000a047800010037009a
:102680000804e8001800fb0016fc07000000e0004a
:10269000fbff3a0098407800d0c2b30080cf5000d2
:1026a00003003200bbc2b3008bcf500002003a00df
:1026b000814578000804e8000c0178000800be009d
:1026c0003f0007000203be000002be00990f540045
:1026d00001003a008a0c7800990f550005003a0075
:1026e000e00f5200e08f5a00e00f5b00e08f5b00cc
:1026f00017003a00b0c2b30080cf550009003a007d
:10270000f0ff2f00f1ff2f00f2ff2f00f3ff270053
:102710000020e10001a8e10002b0e10003b8e100ff
:102720000b003e00d0c2b30080cf550015003a0028
:102730006000b80002002000030028000020e10033
:1027400001a8e10002b0e10003b8e1000d0036008d
:102750002002200070fc88006022b80006002000e3
:10276000070028006b40400080cf55000d0032006c
:10277000f4ff2f00f5ff2f00f6ff2f00f7ff2700d3
:1027800008003700d0c2b30080cf550005003a00e2
:102790000400be000601be005a0307000203be008b
:1027a0000002be000400be000601be004f06780015
:1027b0004f05be004f04be000080fa000000060076
:1027c000f2874700889fbe008a9fbe008c9fbe0094
:1027d0008e1f780090b79f0001077800820678006e
:1027e00000067800010037000c06e8001c00fb0022
:1027f000bcfb07000000e000fbff3a009c407800b3
:10280000d0c2b30080cf50000400320000c0e90005
:1028100090ef9f0080cf500002003a0091ef9f00a0
:102820000c06e8000d00e00051003500e18f560075
:102830004f00320040022000808f56004c003c00c8
:102840000d00e0000d003400f08f56001a003a0031
:1028500000c3b3009c4f100017003a009c4090004a
:1028600080c7b30080cf50001200320080c5b30093
:1028700080cf500010003a000e00370000c3b300b4
:102880009c4f100002003200ad0020000a0037000b
:102890009c40900080c7b30080cf500004003200fd
:1028a0008d00200080c5b30080cf500002003a00a8
:1028b0000d0120000c86e800acb79f0000c3b300f8
:1028c0009c4f100002003a00dc4f1000feff320067
:1028d0006044b8006055b800bcb79f0018003700ce
:1028e000d8b79f00e9b79f00fab79f008bbf9f0042
:1028f000e0e4210080c0500081ef9f000d027800cd
:10290000cfa2de0005037800860378000800be0031
:102910000a01be00490407000fec97000802fb0003
:10292000cfa2de0005037800860378000004420091
:1029300081844a0002054b0083854b000c06e800a9
:102940001c00fb0051000700800078000d0178009a
:10295000e0e42100ecfc0700800078000000e000cb
:10296000dfff3a002fb097008c0f500007003a00ad
:102970000e00e000020032009fb09700010f7800c7
:102980006000b8006011b8003a0037003fb297000d
:102990008400560030e721006d4078000000fb0005
:1029a00000805000250033004240a9001c003c007c
:1029b0008fea97000500fb00cf80de000101780060
:1029c000820178000000540081805c0002015d00fb
:1029d00083815d000040e10001c8e10002d0e10018
:1029e00003d8e1000e0039000d027800cfa2de000e
:1029f0000503780086037800510307005fb2970053
:102a0000efb297007fb397008fbb97000400e100ff
:102a10000588e1000690e1000798e1000700320018
:102a20002002200070fc8800f8ff2f00f9ff2f0023
:102a30000805be00b5c2b30095ef9f00d0c2b30039
:102a40001feb9700804f530005003a000800be00be
:102a50000a01be00ab0207000205be000004be0072
:102a60000e00e000010032000c0f78000800be00ec
:102a70000a01be004f0778004f06be004f05be009a
:102a80004f04be002f01b100000006008000780056
:102a90001104b100030035009101b10001003c00b8
:102aa0000050a000000006000c02e20004003d00ff
:102ab0000f42ab00020032000f02ab00feff3200fb
:102ac0000040da00feff3700889fbe0080047800d7
:102ad000901fe20005003a000000eb001000070024
:102ae0008080eb000000e0000a00350088fc8000d8
:102af000880078000900e000060032000900440068
:102b0000070007008080eb000000e00001003500b6
:102b100088007800010078004f04be000000060025
:102b2000800078000001eb000000e00003003a00a4
:102b300000fb210080fc880006003700001b2200fb
:102b4000808f500002003e0081fc880001003700a9
:102b50000081eb000200780000000600889fbe00a4
:102b60008a9fbe00010578000100e00004003500e6
:102b700008003c000000e0002000320005003700a3
:102b800060001000e080180002003b0001f02c0003
:102b90001a0037000004be006011b8006b09200065
:102ba0000982cf00020039000882cf000441b00042
:102bb000694252000e00320008003b008281710021
:102bc000610164008904d1000884d3008b05e8000a
:102bd0000442e800f9ff3a00050037000804440009
:102be00089844c008b05e9000442e900fbff3a00b0
:102bf000610107000af0a70001f0a0004f05be0028
:102c00004f04be0000000600889fbe008a9fbe00e1
:102c10008c1f78007e0107008501330003866c005d
:102c20006450e1002e0032006420e10033003200e5
:102c30006150e1002f0032006120e10031003200dc
:102c400085855500eb07b00009002000080420002e
:102c5000050037000804440089844c000a00310054
:102c60000603430087834b000001530081815b0012
:102c7000f8ff33000203be000800a000080444006f
:102c800089844c00f6ff3900c639dd0083017300ea
:102c900001003200130020008904d1000884d30011
:102ca0000998a300050032000800a7000300a00057
:102cb0008904d1000884d3008b05e8008904d10081
:102cc0000884d3000001eb000281d2002a01070032
:102cd00001f0a1000cf0a70001f0a0005d01370099
:102ce0006420e1005f0132000801be000200be0066
:102cf000f7ff37006120e1005a0132006000b800a0
:102d0000f3ff37000000200001f82700f0ff370034
:102d10000001be00560107000470a70003f0a100e7
:102d20006509b100160032000d0035006828e10089
:102d300006003500f0ff2f00f1ff27000300e00040
:102d400013003b00010028000000050000004000c7
:102d5000818048008502e900fcff3a000800370046
:102d6000f88f420002003c008000eb0000000500ec
:102d70008100d1000080d3008502e800fcff3a000a
:102d80000300e00002003b0060001000e08018003b
:102d900000000600839f68000100e00002003d0083
:102da00060001000e08018000300e00002003d0019
:102db00060011100e0811900420107004f00e000ae
:102dc00002003b0060001000e080180000000600d8
:102dd000889fbe008a9fbe008c1f78000004be0042
:102de000230107000478a30026003a006120e100d7
:102df0002500320009f8a30025003a006420e10014
:102e000021003200f507b1000508a30002003200de
:102e100000004000818048006044b800031020009a
:102e200002002000000040008180480008054400a6
:102e300089854c000a0541008b8549000a05500030
:102e40008b855800030033000a00be0002047400a2
:102e5000838474008301d1000281d300830f710049
:102e6000f0ff3a008904d1000884d30060014900d2
:102e700082017800c1adde00fb07b000be00070094
:102e8000f40037000960a0000800be00f100370020
:102e90001202200072fc8800f0ff2f00f1ff2700d3
:102ea000ec003700889fbe008a9fbe008c1f780010
:102eb000d70007001002200002003b0070fc8800d1
:102ec000db0037008a0062006408e10002003a007b
:102ed00070fc8800e30037006108e100fcff32006d
:102ee0000800be000304780047ff070001f0a100be
:102ef0000401070008f0a600040037000001be002e
:102f000091042400b0fd20003700070009f0a7005d
:102f100001f0a200cf003700889fbe008a9fbe004c
:102f20008c1f7800ba000700c100330003866c00d4
:102f30006450e100240032006420e10027003200e8
:102f40006150e100220032006120e10021003200e6
:102f50008b854200eb07b1000134b800003ab8009d
:102f60000804420089844a00013ab8000030b800e1
:102f70008880400009014a0004003300000040003e
:102f800081804800020149008b05e900c909dd0084
:102f9000830170000100320013002000c814de001d
:102fa0004814dd004709de001200b200c808de0048
:102fb000088470007000070001f0a1000cf0a70069
:102fc00001f0a000a30037006120e100a50032005d
:102fd0000801be000200be00f7ff37006150e100ab
:102fe000fcff3a009f00370003f0a200889fbe005c
:102ff0008a9fbe008c1f7800850007008c0033007c
:103000006450e1004f0032006420e10052003200c1
:1030100003826c0007003b000905d0000306d000c6
:10302000820f54000c065d000200390002003200dd
:1030300089017800030678008582550004003d0070
:103040000003fd008103fd008502ea008b8542003c
:10305000840f720002003b0060001000e080180046
:103060006011b8000005eb007a28e1000a00390081
:1030700006007800c75ddd00f707b20087807500a5
:103080002d003700828171000a017800610560001f
:103090008180d1000080d3008502e900f9ff3b0068
:1030a000060440008784480002003b0060041400ce
:1030b000e0841c000988a300070032008a817100a7
:1030c00082817100610164008904d1000884d30009
:1030d0008b05e800170037000978a30013003a00b9
:1030e0000b00e000130034008b05e90008044400e5
:1030f00089844c000a4474000978a3000d003a004a
:103100000b00e000070034008b05e90008044400d0
:1031100089844c0001003a000b0020000978a300cc
:10312000f7ff32000001eb000200370082817100de
:103130000a017800100007000cf0a70001f0a000c1
:10314000440037006420e10002003a00838f6c00e5
:10315000440033000801be000200be003d003700fd
:1031600014002000cc003700f4ff2f00ca00370005
:1031700004002000c8003700810020006180550055
:103180000b003d000b00200061fe2f000100e1005c
:103190001d00340082817100610164008904d10046
:1031a0000884d3000000e800faff3a007100200014
:1031b000610064000300700002006000090032003a
:1031c00061044400e0844c000988a5000500320039
:1031d0008b05e8006808e10002003a008904d1008c
:1031e0000884d300f20f20000258e10005003d00e2
:1031f000c75ddd00f907b20089807500080078001e
:10320000000006000bf827008b0078000000050086
:103210000004be00160007000003be000405be0047
:103220000200be0012000700844f75000000060077
:103230000200be006450e100050036006420e10099
:10324000020036000968a30001003a000800be0031
:103250000160a0004f0678004f05be004f04be007d
:1032600000000600f0ff2f00f1ff2700f9ff3700f4
:10327000c70ade00f107b200f50fb2000800320005
:10328000e1cf4200020032000170a00024000500de
:10329000810f7000010032000408050044000500a1
:1032a000810f700002003a00140005008502e90059
:1032b0000000400081c04800fcff3b000170a000fe
:1032c000240005006022b800060220000000d000a3
:1032d0008180d2000482d2008582d2000000a0004a
:1032e0000202520083825a0003003b0002024200a5
:1032f00083824a000000a1000603e900f3ff3a00c0
:1033000000000600889fbe008a9fbe008c9fbe0002
:103310000004be00d6ff07000800be008906780042
:103320006420e10008003900040032000160a000c0
:103330001202200072fc88005300370091fc230029
:10334000b0fd20004e0037000006eb0009f0a100a0
:1033500003f82300020020000800be0080ff0700e1
:103360000600340001f82300000020000801be0020
:1033700025fe07000004be002c0020000800be004f
:1033800093e82300320a230075ff0700120034007f
:103390000801be00d1fd2300703d2b0013ff070084
:1033a0000005be00b3f32300f27a26000800be0039
:1033b000d9fe070003f82300020020000aff0700df
:1033c0000801be0009ff07000a01be000efe07004b
:1033d0000004be000c06e8000800be0001f0a100d9
:1033e00002002000039823005dff07000800be00d4
:1033f000160035000801be00c7fe07000005be002c
:1034000032cd2c0043fb2300f8fe0700809fbe0056
:103410001269280003d52b000a00be00befe07007b
:10342000620f210013ef2b00f0fe07000a01be001f
:10343000b9fe07004f01be00f3fd07000801be0002
:10344000b5fe07000801be00e8fe07000c00e00022
:103450000b0032000c10a70001f0a200b2fd20000a
:1034600093fc23006260e1000400320022a92000e6
:1034700063f023000c10a70063f82300dbfe0700b5
:103480000df0a70001f0a2004f06be004f05be00e0
:103490004f04be0000000600889fbe008a9fbe0049
:1034a000841f78005aff07004f0078001100330096
:1034b000f0ff2f00838f6c0006003b0004056500c1
:1034c0000a00a7000800370009f0a600100020003d
:1034d00008003700820f5400838f5c00030039001e
:1034e0001000200001003e000000200009f0a700ad
:1034f0000000ea004f05be004f04be000000e000df
:103500000000060060001000e08018006001190053
:10351000e081190000000600881f78000004780090
:103520005001be004000be000000420081804a0001
:1035300002014b0083814b00009cbe000294be0040
:10354000dc00070003003100480090000000e800a4
:10355000400498004f04780000000600889fbe00d9
:10356000000478008004eb005001be004000be0063
:10357000d0000700010031001900200004005000b5
:10358000858058000601590087815900009cbe00c3
:103590000294be00480090000900500040049800ca
:1035a0004f04be00000006001200fa00889fbe0013
:1035b0008a9fbe008c1f78000205be000004be007a
:1035c000f4b79f0085bf9f0096bf9f00a7bf9f00d5
:1035d0000000eb00e0b79f00d0b79f00c0b79f008e
:1035e000b0b79f00a0b79f000006eb005fb1970047
:1035f0006fb097008000d0000000e00015003d0093
:10360000e1b79f00010078000200e00001003d00ea
:103610000000a000ac00070001003d000000a00079
:10362000af00070001003d000000a000b20007004d
:1036300001003d000000a0008100070001003d00e6
:103640000000a000b20007007c805700b2ff070016
:1036500014003700e1b79f00010078000200e0008d
:1036600001003d000000a0009700070001003d00a0
:103670000000a0009a00070001003d000000a0002b
:103680009d00070001003d000000a0006c00070045
:1036900001003d000000a0009d0007007c80570055
:1036a000aeff07006fb097000000e0000700350094
:1036b00010002000010020006011b8000804700014
:1036c000898470000a0571008b8571000c06e80082
:1036d000f0032000800f5600c4ff34006fb0970045
:1036e0000000e00006003d007fb297008fba97000f
:1036f0001fbb9700afbb97007c80570086ff070079
:103700000802be000a03be006fa897000000e00098
:1037100004003a002fb29700bfb297004fb3970052
:10372000dfb397000400be000601be004f0678001c
:103730004f05be004f04be000080fa0000000600e6
:10374000881f780018002000881f780096ff070067
:103750008f87e9004f04780000000600801feb000f
:1037600091ff07008f87e900000006000800fa00bb
:10377000889fbe008a9fbe008c1f78006e000700e5
:1037800005003d0043000700300007000c003d002d
:10379000330007000b003700e00f5200e08f5a00a3
:1037a000e00f5b00e08f5b0006003d000400be0000
:1037b0000601be0053ff07000205be000004be0064
:1037c0001c0020002c000700ddff07000c00e000bb
:1037d000010032004bff07004f0678004f05be0086
:1037e0004f04be000080fa00000006000800fa0046
:1037f000889fbe008a9fbe008c1f78004e00070085
:1038000002003d001c002000220007000f000700fe
:1038100001003d001200070017000700cfff07005e
:103820000c00e0000100320036ff07004f06780070
:103830004f05be004f04be000080fa0000000600e5
:1038400090b79f000100d00080b79f00e00f5400a8
:10385000e08f5c00e00f5d00e08f5d00000006007f
:103860000800be000a01be0026ff07000205be00d8
:103870000004be00000006000802be000a03be00ed
:103880005fb09700efb097007fb197008fb99700b6
:10389000000006001bff07000100070000000600f3
:1038a000b0b79f00c1b79f00d2b79f00e3b79f009a
:1038b000000006000400e1000588e1000690e10038
:1038c0000798e10000000600c0b79f000200d0008a
:1038d000b0b79f00afb097000100e0000000060005
:1038e000b0b79f000100d000a0b79f009fb0970025
:1038f0000100e00000000600a0b79f000100d0001a
:1039000090b79f008fb097000100e0000000060014
:1039100080b79f000804d0008984d2000a85d200b5
:103920008b85d2005fb29700efb297007fb397000c
:103930008fbb970000000600d9ff07000605be00f8
:103940000404be000006eb00e00f5000e08f5800ba
:10395000e00f5900e08f5900000006000800fa004f
:10396000889fbe008a9fbe008c1f7800f0b79f0022
:1039700081bf9f0092bf9f00a3bf9f006044b8001b
:103980006055b8000006eb000408a30008003200f0
:103990007fb097008fb897001fb99700afb9970015
:1039a00008044000898448000a0549008b854900c5
:1039b0008703d1000683d3008582d3000482d3001d
:1039c00010002000010020006011b8000800600015
:1039d000898060000a0161008b8161000000e000c5
:1039e000070032006000b800020020000300280039
:1039f00004027000858270000603710087837100e5
:103a00008b05d1000a85d3008984d3000884d300b4
:103a10000c06e800f0032000800f5600daff3400a7
:103a20000400be000601be004f0678004f05be0030
:103a30004f04be000080fa00000006000800fa00f3
:103a4000889fbe008a9fbe00170007000605be00c3
:103a50000404be00e00f5200e08f5a00e00f5b004c
:103a6000e08f5b0008003d000400be000601be00c0
:103a7000a4fe07000205be000004be000f00070000
:103a8000a0fe0700080007000802be000a03be00ef
:103a90000a000700b1ff07004f05be004f04be003b
:103aa0000080fa0000000600e0b79f00f1b79f0019
:103ab00082bf9f0093bf9f00000006006fb0970079
:103ac000ffb097000fb997009fb99700000006005c
:103ad0002a00fa00889fbe008a1f7800000f780035
:103ae0000000eb00100798000000eb002007980092
:103af0001100200080002000560d07006000b80073
:103b000030079800410798003e019000ce019000d8
:103b1000f0472800e1012000800f5100818f5900fb
:103b200007003c003e009000ce0090006100400085
:103b3000e08048003007980041079800f2ff370006
:103b4000930e07006000b800300798004107980006
:103b50003e019000ce019000f0d320003100200003
:103b6000800f5100818f590007003c003e009000fb
:103b7000ce00900061004000e080480030079800cf
:103b800041079800f2ff3700000000001e0090007f
:103b9000e70f500010003c001e0090000000d00015
:103ba0009e0040000000eb00800878006a0147009a
:103bb0009e009000400020000008b8000001410075
:103bc0006000b8000089be001e0090000000e80000
:103bd00010079800edff370000000000ae009000d5
:103be00030062000808f50002d003c000000eb00cc
:103bf000100798001e009000e70f500024003c00c2
:103c00006a0147009e009000400020000008b800b4
:103c1000800441006a0147009e009000400020009f
:103c20000008b800000441001e009000d70a0700f9
:103c3000cf80de00b81c4000a89448006000b800a7
:103c400030079800410798003e019000ce01900097
:103c5000703e200001002000800f5100818f59002c
:103c600007003c003e009000ce0090006100400044
:103c7000e08048003007980041079800f2ff3700c5
:103c80001e0090000000e80010079800d9ff3700e0
:103c90002e0090000000e80020079800cfff3700ba
:103ca0000000eb00100798001e009000e70f500086
:103cb00017003c001e0090000000d0001e054000d0
:103cc0006a0147009e009000400020000008b800f4
:103cd000000041001000be00a0fb07000004be0071
:103ce0002e009000cf80de009cfb07000001be008c
:103cf0000800be00c4fb070005fc0700000d7800ab
:103d00001e0090000000e80010079800e6ff370052
:103d10004f0578004f04be000080fa000000060046
:103d20005e00fa00889fbe008a9fbe000040eb0044
:103d300030479800a00220000e0040007027980035
:103d40007e209000070009000018eb000040eb0007
:103d5000607f98000040eb00707f98000040eb000f
:103d600000c7980086110700b50b07002d1007004b
:103d7000c911070026080700e210070040c7bf006e
:103d80000080fb00610060000000e00002003200e3
:103d90004007a9000000fe00100020000017980056
:103da0008002200010179800800220002017980041
:103db00080002000301798009e1090002e10900078
:103dc0000088b9000000d0004017980024160700b2
:103dd000ae1090003e109000008db9009e10900033
:103de0003e109000008cb900ae1090003e10900084
:103df0000088b900021e20000000510022002000af
:103e0000110009000200d80080037800010078004a
:103e10009e1090003e1090000088b90002282000fb
:103e20000000510022002000110009000200d8000b
:103e30000e139000be1290003e1290008a0178008e
:103e40000801780087007800cd14070011002000d9
:103e500010002000bc17070039160700eb0607000a
:103e600081052000204c2d00d9110700e411070026
:103e70000000e000fdff3a00000000000e007800a6
:103e8000a41107000000e00068003a0037110700a5
:103e9000607f980030110700707f98007e78900056
:103ea0000004e000030032007e789000e84f5000ec
:103eb000f2ff3a00ee7890000ec0900080cf5000e4
:103ec000eeff32006e7890000001fb00cf91de0023
:103ed000022f9800132f980090002000010020006e
:103ee0000e2990009e299000800f5100818f59006b
:103ef00043003e000e2890009e28900000600100c4
:103f000036003700080037000c003700100037007b
:103f100014003700180037001c003700200037005d
:103f20002400370028003700802520005007980023
:103f3000c01220006007980035003700802520005f
:103f40005007980080252000600798003000370057
:103f5000c0122000500798008025200060079800bc
:103f60002b003700802520005007980080da2f00b2
:103f700060079800260037000000eb00500798000b
:103f80000000eb00600798002100370080da2f0066
:103f90005007980080252000600798001c0037001b
:103fa00080da2f005007980040ed2f00600798003e
:103fb0001700370080da2f005007980080da2f00b2
:103fc000600798001200370040ed2f00500798005e
:103fd00080da2f00600798000d0037005048e2009b
:103fe00003003a00fb0a070010c0b30050e8b70016
:103ff00001f5210040b12200030b07000400370047
:104000000000eb00600798000000eb0050079800ec
:10401000ee78900001c798006e0090008a0f0700ac
:104020005e009000c50f070094ff37001e04e000fb
:104030009f023d000000eb00200798001e00fb00df
:104040000000ea006101b900f0fb2f00f1ff2f0032
:104050000201400083814800222f9800332f9800ee
:1040600040032000010020002e299000be2990006e
:10407000800f5100818f590074023e002e2890005d
:10408000be289000006001007c0037006f023700fe
:104090006e0237000f013700340137006b02370022
:1040a0006a0237006902370059013700670237009a
:1040b000660237007f0137008e0137009f0137000d
:1040c000be01370061023700dc0137005f023700b4
:1040d0005e0237005d0237004b0237005b0237009b
:1040e0005a0237005902370058023700570237008a
:1040f000560237005502370054023700530237008a
:104100005202370051023700140037004f023700c7
:104110004e0237004d0237004c0237004b02370089
:104120004a02370049023700480237004702370089
:104130004602370045023700440237004302370089
:104140004202370041023700400237003f02370089
:104150003e0237003d023700e50137000000eb006a
:1041600070050700300f9800100020006d05070053
:10417000400f9800200020006a050700500f9800ab
:1041800076004700601f98006402470094007800a2
:1041900001007800128520008201400000c1eb0080
:1041a0006e509000824960008100e800010a7800aa
:1041b000e401470093007800010078001485200096
:1041c000040140003e0890004880de00004978006d
:1041d0008100e800810978006402470094007800bb
:1041e00001007800128520008201400000c1eb0030
:1041f0000e589000824960008100e800010a7800b2
:10420000e401470093007800010078001485200045
:10421000040140004e0890004880de00004978000c
:104220008100e8008109780064024700940078006a
:1042300001007800128520008201400000c1eb00df
:104240002e589000824960008100e800010a780041
:10425000e4014700930078000100780014852000f5
:10426000040140005e0890004880de0000497800ac
:104270008100e80081097800f40137002004200063
:104280000e004000ec050700200420000e00400056
:10429000601f9800e4014700930078000100780057
:1042a00014852000040140006e1890001049780029
:1042b0008100e800810978006e1890000000e80095
:1042c000601f9800e4014700930078000100780027
:1042d00014852000040140006e18900010497800f9
:1042e0008100e800810978006e1890000000e80065
:1042f000601f9800e40147009300780001007800f7
:1043000014852000040140006e18900010497800c8
:104310008100e800810978006e1890000000e80034
:10432000601f9800e40147009300780001007800c6
:1043300014852000040140006e1890001049780098
:104340008100e80081097800200420000e00400070
:1043500064004000601f9800e4014700930078006b
:104360000100780014852000040140006e189000c0
:10437000104978008100e800810978006e189000eb
:104380000000e800601f9800e401470093007800f7
:104390000100780014852000040140006e18900090
:1043a000104978008100e800810978006e189000bb
:1043b0000000e800601f9800e401470093007800c7
:1043c0000100780014852000040140006e18900060
:1043d000104978008100e800810978006e1890008b
:1043e0000000e800601f9800e40147009300780097
:1043f0000100780014852000040140006e18900030
:10440000104978008100e80081097800200420002c
:104410000e00400068004000601f9800e401470063
:10442000930078000100780014852000040140000a
:104430006e189000104978008100e800810978002a
:104440006e1890000000e800601f9800e40147002b
:1044500093007800010078001485200004014000da
:104460006e189000104978008100e80081097800fa
:104470006e1890000000e800601f9800e4014700fb
:1044800093007800010078001485200004014000aa
:104490006e189000104978008100e80081097800ca
:1044a0006e1890000000e800601f9800e4014700cb
:1044b000930078000100780014852000040140007a
:1044c0006e189000104978008100e800810978009a
:1044d0005e013700000000000e00e8000d1007002c
:1044e0000000e000fcff3200000000000e80e80049
:1044f000081007000000e000fcff32001e409000a2
:104500008080fb002e4090000000fb004800dd0092
:1045100000804000600798000e00e800fd0f0700d3
:104520000000e000fcff3200000000000e80e80008
:10453000f80f07000000e000fcff32001e40900072
:104540008080fb002e4090000000fb004800dd0052
:1045500000804000500798006e0090003a0e07005f
:104560005e009000750e07003801370064024700b6
:10457000940078000100780012852000820140003c
:1045800000c1eb004e489000824960008100e800c5
:10459000010a7800e40147009300780001007800e8
:1045a00014852000040140006e0090004880de0069
:1045b000004978008100e800810978006402470022
:1045c00094007800010078001285200082014000ec
:1045d00000c1eb002e489000824960008100e80095
:1045e000010a7800e4014700930078000100780098
:1045f00014852000040140005e0090004880de0029
:10460000004978008100e800810978000f01370037
:104610002e00900041852000010040007418070022
:1046200010c0b3003047980064024700940078003f
:1046300001007800128520008201400000c1eb00db
:104640000e609000824960008100e800010a780055
:104650006402470094007800010078001285200071
:104660008201400000c1eb002e6090008249600092
:104670008100e800010a7800640247009400780095
:1046800001007800128520008201400000c1eb008b
:104690004e609000824960008100e800010a7800c5
:1046a000ae0090004e10900000804000200798005f
:1046b000e6003700000000000e00e800950f07003c
:1046c0000000e000fcff3200000000000e80e80067
:1046d000900f07000000e000fcff32002e40900029
:1046e0008000fb001e4090000000fb00590a0700fc
:1046f000d60037000000eb00300798003e00900025
:10470000e50f5000d1003c00e40147009300780021
:104710000100780014852000040140000040eb00f7
:10472000004978008100e800810978003e0090008f
:104730000000e80030079800f0ff37000000eb00b1
:10474000300798003e009000e70f5000bf003c008b
:104750003e0090000d0807004007980064024700e3
:10476000940078000100780012852000820140004a
:1047700000c1eb000e489000824960008100e80013
:10478000010a7800e40147009300780001007800f6
:1047900014852000040140004e0090004880de0097
:1047a000004978008100e800810978003e0090000f
:1047b0000000e80030079800e2ff37000000eb003f
:1047c000300798003e009000e70f50009f003c002b
:1047d0003e0090000308070040079800640247006d
:1047e00094007800010078001285200082014000ca
:1047f00000c1eb000e489000824960008100e80093
:10480000010a7800e4014700930078000100780075
:1048100014852000040140004e0090004880de0016
:10482000004978008100e800810978003e0090008e
:104830000000e80030079800e2ff3700290e07006b
:104840004007980064024700940078000100780057
:10485000128520008201400000c1eb000e4890004c
:10486000824960008100e800010a7800e401470005
:1048700093007800010078001485200004014000b6
:104880004e0090004880de00004978008100e8007a
:1048900081097800170e070040079800640247005e
:1048a0009400780001007800128520008201400009
:1048b00000c1eb000e489000824960008100e800d2
:1048c000010a7800e40147009300780001007800b5
:1048d00014852000040140004e0090004880de0056
:1048e000004978008100e80081097800570037000e
:1048f0000000eb00380707004007980064024700fb
:1049000094007800010078001285200082014000a8
:1049100000c1eb000e489000824960008100e80071
:10492000010a7800e4014700930078000100780054
:1049300014852000040140004e0090004880de00f5
:10494000004978008100e80081097800100020000b
:104950002107070040079800640247009400780090
:1049600001007800128520008201400000c1eb00a8
:104970000e489000824960008100e800010a78003a
:10498000e4014700930078000100780014852000be
:10499000040140004e0090004880de00004978008d
:1049a0008100e80081097800200020000a07070044
:1049b00040079800640247009400780001007800e6
:1049c000128520008201400000c1eb000e489000db
:1049d000824960008100e800010a7800e401470094
:1049e0009300780001007800148520000401400045
:1049f0004e0090004880de00004978008100e80009
:104a00008109780011003700e0872100501f9800cd
:104a1000812520005e189000ed0e070000fc80004c
:104a20004007980064024700940078000100780075
:104a3000128520008201400000c1eb000e4890006a
:104a4000824960008100e800010a7800000000004f
:104a50000e007800af0e07000000e000fcff3200ff
:104a60001e04e00075fd3a002e0090000000e000fa
:104a700002fd32003e4090000004e00005003200dc
:104a80000040eb0030479800ba1707000000e00034
:104a9000fdff3200ae00900010852000cc0e070014
:104aa000d70e07000000e000fdff3a00f3fc3700de
:104ab0001e04e000f1fc3400a3c0b3009ecf11003f
:104ac00003003200d4c0b3009e4f120003003a002e
:104ad0000e0078008f0e0700f7ff37001e407800a9
:104ae00051e8b70010002000200798000e00780061
:104af000880e07000000e000080032006401470053
:104b00001200780080007800138520008380400028
:104b10009e4878000000e80000097800a4c0b300b7
:104b20009e4f120003003200d0c0b3009e4f100011
:104b3000eeff3a00e401470093007800010078009e
:104b400014852000040140000040eb00004978007b
:104b50008100e8008109780051c8bf000000fb0017
:104b6000f3ed070051e8b70051c8bf000001fb009a
:104b7000cf91de00f0fb2f00f1ff2f00020140007b
:104b800083814800522f9800632f98005001200025
:104b9000010020005e299000ee299000800f510056
:104ba000818f5900d8023e005e289000ee289000c8
:104bb0000060010015003700310037004000370069
:104bc000670037007a0037008b0037009a00370003
:104bd000b0003700340137004b0137009301370034
:104be000a2013700b4013700ba01370006023700ce
:104bf0002b0237003e0237004f02370056023700c3
:104c000063023700a2023700b80237000000eb0051
:104c1000c4020700300f980010002000c1020700f6
:104c2000400f980020002000be020700500f98009f
:104c3000de089000811f78004e099000821f7800e6
:104c4000be099000831f7800b0512d00801f7800ae
:104c500010852000c3ed0700e8875700108520006d
:104c6000d1ed07008000780010852000580e070065
:104c7000630e07000000e000fdff3a007ffc3700f4
:104c800074004700801f780080522d00801f78003c
:104c900010852000d9ed0700e48757002e0890000a
:104ca000460b070031002000e0522d00480e07009f
:104cb000530e07000000e000fdff3a006ffc3700d4
:104cc000e7c2bf000080fb000000d1000080fb00b5
:104cd000610060008000d000e7c2bf000080fb00e0
:104ce00061006000008040008000d000e6c2bf008c
:104cf0000080fb004700de000080fb0000804000d9
:104d00008000d000e6c2bf000080fb004600de004d
:104d10000080fb006100600000804000600f980090
:104d20006e0a9000841f780020532d00801f7800a9
:104d3000108520008bed0700e487570010852000c8
:104d400099ed07008000780010852000200e0700f4
:104d50002b0e07000000e000fdff3a0047fc370083
:104d60006a004700801f78006c004700801f7800b1
:104d700090532d00801f7800108520009fed0700c4
:104d8000e68757006e0090002f0c07005e00900031
:104d90006a0c07003100200020542d000c0e070083
:104da000170e07000000e000fdff3a0033fc37005b
:104db0005e009000801f7800ee009000811f780058
:104dc00060542d00801f78001085200065ed0700dd
:104dd000e68757001085200073ed070080007800fb
:104de00010852000fa0d0700050e07000000e00006
:104df000fdff3a0021fc370074004700801f780057
:104e000000552d00801f7800108520007bed0700e5
:104e1000e48757002e089000070b070031002000a0
:104e200060552d00ea0d0700f50d07000000e000b9
:104e3000fdff3a0011fc37004c0d07000080fb001d
:104e4000801f7800440d07000080fb00801f780061
:104e50003c0d07000080fb00801f7800a0552d004e
:104e6000801f7800108520003eed0700e88757007e
:104e7000108520004ced0700800078001085200090
:104e8000d30d0700de0d07000000e000fdff3a0033
:104e9000fafb370011002000b0582d00cc0d0700a0
:104ea000d70d07000000e000fdff3a00b10120002f
:104eb000d0582d00c60d0700d10d07000000e000fe
:104ec000fdff3a00b1022000905a2d00c00d0700ee
:104ed000cb0d07000000e000fdff3a00f1012000cb
:104ee000505d2d00ba0d0700c50d07000000e00061
:104ef000fdff3a0081022000505f2d00b40d070035
:104f0000bf0d07000000e000fdff3a008102200015
:104f1000e0612d00ae0d0700b90d07000000e000b4
:104f2000fdff3a00c102200070642d00a80d0700ab
:104f3000b30d07000000e000fdff3a0091012000e2
:104f400040672d00a20d0700ad0d07000000e00036
:104f5000fdff3a00f1002000e0682d009c0d0700e5
:104f6000a70d07000000e000fdff3a00210220002d
:104f7000e0692d00960d0700a10d07000000e0007c
:104f8000fdff3a0031042000106c2d00900d070049
:104f90009b0d07000000e000fdff3a009102200099
:104fa00050702d008a0d0700950d07000000e000ed
:104fb000fdff3a00d1022000f0722d00840d0700a1
:104fc0008f0d07000000e000fdff3a007101200096
:104fd000d0752d007e0d0700890d07000000e00050
:104fe000fdff3a00b101200050772d00780d070039
:104ff000830d07000000e000fdff3a00b102200031
:1050000010792d00720d07007d0d07000000e000f3
:10501000fdff3a00b1022000d07b2d006c0d07008f
:10502000770d07000000e000fdff3a00a10120001d
:10503000907e2d00660d0700710d07000000e00056
:10504000fdff3a00b102200040802d00600d0700f6
:105050006b0d07000000e000fdff3a00c1022000d8
:1050600000832d005a0d0700650d07000000e000c9
:10507000fdff3a0061022000d0852d00540d07008d
:105080005f0d07000000e000fdff3a00f101200085
:1050900040882d004e0d0700590d07000000e0006c
:1050a000fdff3a0075fb37004e119000821f78001b
:1050b000be119000831f78002e129000841f78008c
:1050c0001e109000801f78008e109000811f7800c5
:1050d000408a2d00801f780010852000a1ec070079
:1050e000ec87570010852000afec070080007800a7
:1050f00010852000360d0700410d07000000e0007c
:10510000fdff3a005dfb3700600220000e0040000a
:10511000801f7800400220000e004000801f7800b1
:10512000200220000e004000801f780000022000b6
:105130000e004000801f7800708b2d00801f7800cb
:1051400010852000adec0700ea8757000e10900094
:105150000000e00005003a009e1090002e10900024
:105160000088b90040179800050037009e10900095
:105170002e1090000088b9000000d0004017980061
:1051800037110700ae1090003e109000008db9005e
:105190009e1090003e109000008cb900ae10900060
:1051a0003e1090000088b900021e2000000051004f
:1051b00022002000110009000200d80080037800be
:1051c000010078009e1090003e1090000088b90009
:1051d00002282000000051002200200011000900d8
:1051e0000200d8000e139000be1290003e129000f4
:1051f0008a0178000801780087007800e00f070036
:105200001100200010002000cf1207004c110700f1
:1052100031002000608c2d00ed0c0700f80c070019
:105220000000e000fdff3a0014fb3700e10320001e
:10523000a08c2d00e60c0700f10c07000000e00038
:10524000fdff3a00a00220000e00400020fa0700f7
:105250009101200090902d00dd0c0700e80c070064
:105260000000e000fdff3a0004fb37007400470037
:10527000801f780072004700801f780030922d0058
:10528000801f7800108520005cec0700e68757003f
:10529000ae0890001e0890006e0707003100200045
:1052a000c0922d00ca0c0700d50c07000000e000da
:1052b000fdff3a00f1fa37009100200000932d0025
:1052c000c30c0700ce0c07000000e000fdff3a0011
:1052d000eafa3700700020002c05070080007800f3
:1052e000a00220000e0040007000900000805000de
:1052f000801f7800600020002405070080007800ef
:10530000a00220000e0040006000900000805000cd
:10531000801f7800500020001c05070080007800e6
:10532000a00220000e0040005000900000805000bd
:10533000801f7800400020001405070080007800de
:10534000a00220000e0040004000900000805000ad
:10535000801f7800300020000c05070080007800d6
:10536000a00220000e00400030009000008050009d
:10537000801f7800200020000405070080007800ce
:10538000a00220000e00400020009000008050008d
:10539000801f780010002000fc04070080007800c7
:1053a000a00220000e00400010009000008050007d
:1053b000801f78000000eb00f404070080007800f4
:1053c000a00220000e00400010805000801f7800d6
:1053d000a0932d00801f780010852000e1eb0700ce
:1053e000f287570010852000efeb0700800078005f
:1053f00010852000760c0700810c07000000e000fb
:10540000fdff3a009dfa370070002000f504070008
:10541000801f780060002000f2040700801f7800e1
:1054200050002000ef040700801f7800400020009b
:10543000ec040700801f780030002000e90407001a
:10544000801f780020002000e6040700801f7800fd
:1054500010002000e3040700801f78000000eb002c
:10546000e0040700801f780060952d00801f780001
:1054700010852000bbeb0700f28757001085200045
:10548000c9eb07008000780010852000500c070051
:105490005b0c07000000e000fdff3a0077fa3700e0
:1054a0006e004700801f780070004700801f780062
:1054b00020972d00801f780010852000cfeb07007b
:1054c000e68757000e089000fa0a07007e00900059
:1054d000fe0a070031002000b0972d003c0c0700a9
:1054e000470c07000000e000fdff3a0063fa3700b8
:1054f000000b0700801f7800fa0a0700801f780061
:10550000f0972d00801f78001085200095eb070094
:10551000e687570010852000a3eb07008000780085
:10552000108520002a0c0700350c07000000e00061
:10553000fdff3a0051fa37003100200090982d000d
:10554000230c07002e0c07000000e000fdff3a00ce
:105550000000fe0049fa37000000eb003a0a07009d
:105560000000eb00750a07008000eb0080002000bf
:10557000b806070031002000d0982d00140c070059
:105580001f0c07000000e000fdff3a003bfa370067
:105590007e004700801f780010992d00801f780042
:1055a0001085200095eb0700e48757005048e20083
:1055b00003003a008705070010c0b30050e8b700a9
:1055c0007e099000422f9800ce299000e38f510071
:1055d000190032004e2a9000e30f520007003c00f1
:1055e0004e289000e10f50000b003200ce289000b2
:1055f000e28f50000c0032001b0037004e29900053
:10560000e40f510010003200ce299000e58f5100c8
:105610001100320014003700018420000000eb006c
:105620007905070013003700016e20004084200038
:10563000750507000f00370041d5200060f22000fb
:10564000710507000b00370041e92000e0c7210089
:105650006d0507000700370001f5210040b1220069
:105660006905070003003700710507000040eb00e3
:1056700050e8b7003100200060992d00d40b0700de
:10568000df0b07000000e000fdff3a00fbf93700e8
:1056900020002000d0030700801f780010002000a9
:1056a000cd030700801f78000000eb00ca0307004d
:1056b000801f7800a0992d00801f780010852000a1
:1056c00028eb0700e88757001085200036eb07001d
:1056d0008000780010852000bd0b0700c80b070074
:1056e0000000e000fdff3a00e4f93700010220006d
:1056f000709a2d00b60b0700c10b07000000e000f8
:10570000fdff3a00ddf9370051012000809c2d009b
:10571000af0b0700ba0b07000000e000fdff3a00e6
:10572000d6f937000400fa00000f780020002000ae
:105730009e0f10000b003e009e007800200320000a
:105740000008b80012fc8000020040000000d000f9
:1057500061ad2100010040001000780010079800a2
:1057600002003700a0292000100798001e009000ba
:105770000080fa00000006000c00fa00000f78001c
:10578000110798006000b8002007980031079800c2
:10579000200020009e0f100031003e001e009000ef
:1057a0000000e0002e0032009e0090002003200048
:1057b000808f50002a003e000000eb004007980058
:1057c00011fc80001e009000008050003003b000eb
:1057d00022032000110009000280d8008000fd0093
:1057e00050079800ce0090001e009000808f50005f
:1057f0001b0031009e007800200320000008b80044
:105800005e019000020040000000d00061ad210068
:1058100001004000100078006101b9002e009000e6
:10582000be009000000041008180490020079800e0
:10583000310798004e0090000000e80040079800f3
:105840005e0090000000e800220320001100090023
:105850000200d8008000fd0050079800e1ff3700eb
:105860001e0090006101b8002e009000be00900064
:1058700048f507000080fa00000006000000fa006a
:10588000510020000000eb00bbff07008000780003
:1058900030f980000080500050f98800510020004d
:1058a00010002000b4ff07008000780040f980005d
:1058b0000080500060f98800510020002000200086
:1058c000adff07008000780040fc800000805000a1
:1058d00070f988000080fa00000006000000fa005d
:1058e000889fbe00e5ff070051f9800050f9800055
:1058f0000089b90061f9800060f980000088b90072
:10590000020140008381480071f9800070f9800035
:105910000088b90002004000838048008ff407002f
:105920002bf5070080f9880091f9880051f9800073
:1059300050f980000089b90061f9800060f98000a9
:105940000088b900020040008380480083f407000b
:105950001ff507000004be0070f98000cf80de0054
:105960007ef407000801be004ef50700c2092300bf
:105970005326240068f507000001be000000200047
:10598000412b240098f50700c0f98800d1f9880060
:1059900002002000030a2400c0f98000d1f9800031
:1059a000eff507000000e00004003d006000b800d3
:1059b000a0f98800b1f988001100370060f9800073
:1059c000cf80de0065f407000004be0050f98000bf
:1059d000cf80de0061f407000801be0031f507004a
:1059e000c2092300532624004bf5070002002000c3
:1059f000433324007df50700a0f98800b1f9880041
:105a00004f04be000080fa00000006000000fa000b
:105a1000210320000000eb0057ff070030f9880049
:105a2000210320001000200053ff070040f98800e8
:105a30000080fa00000006000c00fa00881f7800c1
:105a400000047800a5ff070080f9800091f980002c
:105a5000008fbe00a2f98000b3f9800022079800f1
:105a600033079800c0f98000d1f980004007980002
:105a7000510798008e007800080078001101be00e0
:105a80000288be0064004000e48040001101be00b6
:105a90000288be0064004000e48040001101be00a6
:105aa0000288be00080078004f0478000080fa00e9
:105ab000000006000000fa0088ff0700c0f980001f
:105ac000d1f980000080fa00000006000000fa0012
:105ad00082ff0700a0f98000b1f980000080fa0081
:105ae000000006000000fa007cff070080f980003b
:105af00091f980000080fa00000006000600fa001c
:105b0000881f7800000478005cff070050f98000cf
:105b1000000f780061f980001107980070f980008b
:105b2000200798001e00be00008cbe00ae00900052
:105b300021049800080078004f0478000080fa00e3
:105b4000000006000000fa004cff070050f980003a
:105b50000080fa00000006000000fa0047ff07007e
:105b600060f980000080fa00000006000000fa00e2
:105b700042ff070070f980000080fa000000060074
:105b80000a00fa006000b800008fbe00cfff0700d7
:105b9000008fbe0020f98000cf80de00eff3070009
:105ba0001e01be0010f5070059f4070020079800f9
:105bb0002e0090000000e00003003d00ae009000c9
:105bc0008100ea00210798002e0190006110b900c1
:105bd000e2f3070002002000030a240062f5070038
:105be0000000e00088003400690607000000eb00b8
:105bf0003007980002002c00833a24001e00be00eb
:105c000059f507000000e0000200340011002000f8
:105c1000310798000001eb004207980002002000c5
:105c2000431b24001e00be004df507000000e000ed
:105c300002003c001000200040079800be009000c9
:105c40004e019000028070000000e0000800320069
:105c500002002800634224001e00be0044f5070035
:105c60000000e00002003200c4c2a8006300370058
:105c700002002000431b24001e00be003af507006e
:105c80000000e00008003400020020007328240017
:105c90001e00be0032f507000000e00002003c00dc
:105ca000c5e2a80055003700020020007328240038
:105cb0001e00be002cf507000000e00008003400c4
:105cc00002002000132e24001e00be0024f5070051
:105cd0000000e00002003c00c5c2a80047003700f9
:105ce00002002000132e24001e00be001ef5070037
:105cf0000000e0000800340002002800d331240036
:105d00001e00be0016f507000000e00002003c0087
:105d1000c5a2a8003900370002002800d3312400b2
:105d20001e00be0010f507000000e000080034006f
:105d300002002800a33424001e00be0008f507005e
:105d40000000e00002003c00c542a8002b00370024
:105d500002002800a33424001e00be0002f5070044
:105d60000000e0000800340002002800733724001f
:105d70001e00be00faf407000000e00002003c0034
:105d8000c582a8001d0037000200280073372400d8
:105d90001e00be00f4f407000000e000080034001c
:105da00002002400233924001e00be00ecf407008a
:105db0000000e00002003c00c522a8000f003700f0
:105dc00002002400233924001e00be00e6f4070070
:105dd0000000e0000800340002002c00833a240098
:105de0001e00be00def407000000e00002003c00e0
:105df000c4e2a80001003700e50507001e00be0050
:105e0000c3f3070020f988000080fa0000000600b4
:105e10000000fa000000eb00001588000000eb0015
:105e2000101588000000eb00201588000000eb0032
:105e300030158800a802a800a822a800a842a9003e
:105e4000a862a900a882a900a8a2a900a8c2a900c6
:105e5000a8e2a900a902a900a922a900a942a900b3
:105e6000a962a900a982a900a9a2a900a9c2a900a2
:105e7000a9e2a900aa02a900aa22a900aa42a80090
:105e8000aa62a800aa82a800aaa2a900aac2a90080
:105e9000aae2a900ab02a900ab22a900ab42a9006b
:105ea000ab62a900ab82a900aba2a900abc2a9005a
:105eb000abe2a900112a200091407800c0cfb300c6
:105ec00000c06000a1e2b700a042a800012a2000a3
:105ed0009140780000ceb30000c07000a0e2b7008f
:105ee000212a20009140780030ccb30000c060002f
:105ef0000034a000a2e2b700a342a800512a20006b
:105f00009140780000ceb30000c060000004a00003
:105f1000a5e2b700412a20009140780000ccb300f0
:105f200000c0600071c2b30001407000a4e2b7007d
:105f30008560a9008d60a800a1e2a8000000000013
:105f400011fc800000032000808f5000fbff360012
:105f50000080fa0000000600809fbe00821f7800cb
:105f60000a00fa008560a900c001200050158800d1
:105f7000212a20009140780030ccb30000c060009e
:105f80000034a000a2e2b700412a2000914078002e
:105f900000ccb30000c0600071c2b30001407000cb
:105fa000a4e2b700d0c3b3007c58e3000f003a006e
:105fb000c00f200050158800212a20009140780051
:105fc00030ccb30000c060004041b300a2e2b70093
:105fd000412a20009140780000ccb30000c060004e
:105fe0003041b300a4e2b7005e003700e0c3b30065
:105ff0007c58e3002c003a00212a200091407800d0
:1060000030ccb30000c060000044a000a2e2b700a2
:10601000412a20009140780000ccb30000c060000d
:106020007041b300a4e2b7007dd8bf000080fb0040
:10603000100798001e009000e10f50001100320080
:106040009e009000e18f500004003c001e01900073
:106050000200e00008003200420037001e009000fd
:10606000e20f50000a0032009e009000e38f5000c3
:106070000a0032003b003700c01121005015880093
:1060800038003700c0212200501588003500370045
:10609000c04124005015880032003700c08128001c
:1060a000501588002f003700c087210022c0b300a0
:1060b000904f11002b003a00212a200091407800d7
:1060c00030ccb30000c060000044a000a2e2b700e2
:1060d000412a20009140780000ccb30000c060004d
:1060e0007041b300a4e2b7007dd8bf000080fb0080
:1060f000200798002e009000e10f500011003200a0
:10610000ae009000e18f500004003c002e01900092
:106110000200e00008003200120037002e0090005c
:10612000e20f50000a003200ae009000e38f5000f2
:106130000a0032000b003700c01121005015880002
:1061400008003700c02122005015880005003700e4
:10615000c04124005015880002003700c08128008b
:106160005015880000282000000f780000fc8000f7
:106170000000d000e2872100820040001e0078006d
:10618000900878001e8fe80000fc80000000d0001e
:1061900062942100820040001e0078009008780080
:1061a0001e8fe80000fc80000000d000e2a021006b
:1061b000820040001e007800900878001e8fe800e2
:1061c00001f8210011007800000178000000e800cb
:1061d0008008780020062000800f51000200360061
:1061e0000000eb0000fc8800e0c3b3007c58e30033
:1061f0001f003a0010fc80000000d00062ad2100ba
:10620000820040001e007800900878001e8fe80091
:1062100010fc80000000d000a2b3210082004000ea
:106220001e007800900878001e8fe80010fc8000a7
:106230000000d000e2b92100820040001e0078007a
:106240009008780021f82100110078000001780002
:106250000000e8008008780000032000800f510053
:10626000810036000000eb0010fc88007e00370043
:10627000f0c3b3007c58e30038003a007dd8bf007b
:106280000080fb00300798003e009000e10f5000b6
:1062900017003200be009000e18f500004003c0067
:1062a0003e0190000200e000080032006e0037005e
:1062b0003e009000e20f500016003200be00900039
:1062c000e38f50001c003200670037001e0078008a
:1062d0001000780010e088001e8fe8001e00780093
:1062e0001000780050e08800e2e2a8005e0037006d
:1062f0001e0078001000780020e088001e8fe80063
:106300001e0078001000780060e08800e302a8001a
:10631000550037001e0078001000780030e088003b
:106320001e8fe8001e0078001000780070e08800e2
:10633000e802a8004c0037001e007800100078002a
:1063400040e088001e8fe8001e00780010007800f2
:1063500080e08800e822a80043003700c0872100c1
:1063600032c0b300904f11003f003a007dd8bf000b
:106370000080fb00400798004e009000e10f5000a5
:1063800019003200ce009000e18f500004003c0064
:106390004e0190000200e000080032003200370099
:1063a0004e009000e20f50001a003200ce00900024
:1063b000e38f5000220032002b0037001e007800cf
:1063c0001000780090e088001e8fe8001e00780022
:1063d00010007800d0e08800e2e2a90010c0b3000d
:1063e0007df8b700200037001e007800100078000c
:1063f000a0e088001e8fe8001e00780010007800e2
:10640000e0e08800e302a90020c0b3007df8b700f7
:10641000150037001e00780010007800b0e08800fa
:106420001e8fe8001e00780010007800f0e0880061
:10643000e802a90030c0b3007df8b7000a003700b9
:106440001e00780010007800c0e088001e8fe80071
:106450001e0078001000780000e18800e822a90002
:106460000040eb007df8b700c187210011407800a3
:10647000004178000040e80080487800f0c3b30095
:10648000804f5100020036000040eb007cf8b7005e
:106490000080fa004f0178004f00be000040060067
:1064a0000200fa00000f78009e00780040062000ed
:1064b0000008b80002fc8000020040000000d0008c
:1064c000e187210001004000100078000080fa0000
:1064d000000006000c00fa00000f78001107980079
:1064e0006000b800200798003107980020002000c5
:1064f0009e0f100031003e001e0090000000e000e2
:106500002e0032009e00900040062000808f500038
:106510002a003e000000eb004007980001fc8000cc
:106520001e009000008050005006b000420620007f
:10653000110009000280d8008000fd00500798007b
:10654000ce0090001e009000808f50001b00310094
:106550009e007800400620000008b8005e01900010
:10656000020040000000d000e1872100010040004f
:10657000100078006101b9002e009000be0090006c
:1065800000004100818049002007980031079800f1
:106590004e0090000000e800400798005e00900068
:1065a0000000e80042062000110009000200d800a7
:1065b0008000fd0050079800e1ff37001e009000aa
:1065c0006101b8002e009000be009000f1f10700bc
:1065d0000080fa00000006000800fa00000f7800b2
:1065e0000000eb0020079800703821003007980069
:1065f0000000eb00100798009e009000300620007d
:10660000808f50002f003c009e0078004006200044
:106610000008b8001e019000020040000000d000f9
:10662000e2872100820040002e009000910f1000b0
:106630000b0034009e007800400620000008b800df
:106640001e019000020040000000d000e187210000
:106650000100400010007800200798001500370066
:106660009e007800400620000008b8001e0190003f
:10667000020040000000d000e287210082004000bc
:106680003e009000910f10000a003d009e0078002f
:10669000400620000008b8001e01900002004000e3
:1066a0000000d000e18721000100400010007800c8
:1066b000300798001e0090000000e80010079800c6
:1066c000cdff3700ae0090003e00900000805000eb
:1066d0000080fa00000006000800fa00000f7800b1
:1066e00011079800220798002e0090000000e0009b
:1066f00024003200ae00900040062000808f500041
:1067000020003e000000eb0030079800be00900023
:106710002e009000808f50001a003100ae009000d3
:106720003e009000008050008000d0001e009000cd
:10673000008040000082e9009e01780001fc80009a
:106740003e00900000804000420620001100090039
:106750000280d80001017800400620000018b8002f
:10676000000041000000d000e1872100010040004e
:10677000100a78003e0090000000e8003007980002
:10678000e2ff37000080fa00000006000400fa0073
:10679000000f7800700020009e0f100003003600ec
:1067a0000001eb00120798000b0037001e00780074
:1067b0000000d00022c02100820040001e007800ae
:1067c0000000d00022c121000200400091007800aa
:1067d00010805000100798001e0090000080fa0002
:1067e000000006000400fa00000f7800700020008e
:1067f0009e0f1000030036008000eb001107980088
:10680000060037001e0078000000d00021c02100e3
:106810000100400010007800100798001e00900052
:106820000080fa0000000600811f7800821f7800b7
:106830004100dd00030037004f017800cf007800f1
:106840000000060011fb88000001eb00e19d2d0017
:1068500081004000030039000200280082804000cf
:10686000120020004400f8003400f8004440a80062
:106870000000200002004000a0018800000000008d
:106880007c34020000000000110078000000a1002c
:10689000c01288007c340200000000001100780063
:1068a0000000a100d01288007c340200000000002b
:1068b000110078000000a100e01288007c34020082
:1068c00000000000110078000000a100f012880014
:1068d00062bfed0062bfed0051fc8800a1018000a5
:1068e00021fb88003400f900000000004400f9009a
:1068f0008920a900d0ff3700e28040000400390061
:10690000a1018000e1804000a10188000100280071
:10691000000006008920a900809fbe00829fbe0063
:106920008012800090128000a0128000b0128000bf
:106930005e1fe20026003a00621fe20024003200df
:106940003400f8004400f8004440a80020fb800018
:10695000a001880051fc8000f23402000000000019
:10696000110078000000a100c0128800f23402007b
:1069700000000000110078000000a100d012880083
:10698000f234020000000000110078000000a100b5
:10699000e0128800f23402000000000011007800cc
:1069a0000000a100f012880062bfed0062bfed00a0
:1069b00051fc8800a101800021fb88004400f900ff
:1069c0003400f9004f01be004f00be000040060039
:1069d000603fef005ebfef004f01be004f00be0002
:1069e00000400600e280400004003900a101800060
:1069f000e1804000a101880001002800000006009d
:106a0000801f78004022ef004222ef004422ef0076
:106a10004822ef004c22ef00c6e2a800e5a2a90040
:106a2000e582a800e5e2a900e5c2a9004002a900ac
:106a30004022a90040a2a9004122a90040c2a8000a
:106a40004102a9004142a900f00e20001012880066
:106a50004362a9004342a8003000200020128800b1
:106a60004c02a8004802a8008920a9009120a90092
:106a700041e2a9004f00780000000600811f780065
:106a8000801f7800f0ff2700c0128800003020002f
:106a90000000b300d0128800de02a9000000000050
:106aa000e002a9009001090000000000e002a80037
:106ab00041e2a8004602ae00feff3700f0ff2700cb
:106ac000c0128800004020003001b300d0128800be
:106ad0004602ae00feff3700f0ff2700c01288001c
:106ae000001020000030a0000040a000d01288005c
:106af0004602ae00feff3700f0ff2700c0128800fc
:106b000000202000d01288004602ae00feff3700b1
:106b1000f0ff2700c0128800006020000010a000d5
:106b2000d01288004602ae00feff3700f0ff2700bb
:106b3000c012880000702000f005b300d012880059
:106b40004602ae00feff370001f020003012800048
:106b5000010060000000e000fcff3a0030128000fd
:106b6000010060000000e000fcff320030128000f5
:106b7000010060000000e000fcff3a0030128000dd
:106b8000010060000000e000fcff32004662ae0041
:106b900002003700801280009012800041e2a900bc
:106ba000f01e2000101288004362a8004342a80093
:106bb0008920a900a8c0a800a8a0a900a880a900b1
:106bc0009120a80041e2a8004f007800cf00780093
:106bd000000006000200fa00e202a8000000eb003c
:106be000000f7800f07022009e0f100002003c00a1
:106bf0001e0fe800fbff370081ff07009fff070023
:106c00000080fa00000006000400fa00000f78007f
:106c10001107980060bfef005e3fef009e009000fc
:106c20001e00780000ff07000080fa000000060048
:106c30000000fa00e202a9000080fa00000006004d
:106c40000000fa000000eb0080088800011120001d
:106c500091407800f0ccb30000c0600010e1b700b4
:106c60000000eb0030088800205c200060088800ed
:106c700084c0a9008cc0a80011e1a8000080fa001f
:106c8000000006000000fa0011e1a9000080fa00ef
:106c9000000006000800fa00000f780011079800b5
:106ca00060fc8000200798002e0090000000e000ab
:106cb0000b0032002e009000300090009e0f50001c
:106cc00003003a0011002000310798001f00370030
:106cd0002e0090004000900020079800f2ff37003f
:106ce000a000200007e60700200798002e00900073
:106cf0000000e00002003a00100020002ce607002f
:106d00002e0090009e00900001087800ae009000d8
:106d10000000eb0090009800ae00900010c0b3009f
:106d2000c04098002e0090009e007800310098002e
:106d30002e00900061fc8000410098002e00900021
:106d400060fc880011002000310798003e00900090
:106d50000080fa00000006000800fa00000f78002a
:106d60000000eb001007980060fc800020079800ee
:106d70002e0090000000e0001a0032002e0090006b
:106d8000300090009e0f500010003a001e0090004e
:106d90000000e000050032009e0090002e009000f0
:106da00040009000c0009800030037002e009000c3
:106db0004000900060fc88002e00900012e6070062
:106dc0001000200030079800080037002e009000c7
:106dd000100798002e0090004000900020079800b7
:106de000e3ff370020002000300798003e009000ad
:106df0000080fa00000006000800fa00000f78008a
:106e00001107980060fc8000200798002e00900079
:106e10000000e0000e0032002e00900030009000d4
:106e20009e0f500006003a002e0090009e00900039
:106e30000108780010002000300798000600370095
:106e40002e0090004000900020079800efff3700d0
:106e500021002000310798003e0090000080fa00d9
:106e6000000006000600fa00000f780060fc8000b9
:106e7000100798001e0090000000e0000e00320095
:106e80001e009000300090009e0f500006003a0057
:106e90009e0090000000eb00900098001000200081
:106ea00020079800060037001e0090004000900068
:106eb00010079800efff37002000200020079800ff
:106ec0002e0090000080fa00000006000600fa0084
:106ed000000f780060fc8000100798001e009000f2
:106ee0000000e0000e0032001e0090003000900014
:106ef0009e0f500006003a009e0090000040eb00fc
:106f0000c0409800100020002007980006003700bd
:106f10001e0090004000900010079800efff37001f
:106f200020002000200798002e0090000080fa002a
:106f3000000006000600fa00000f780060fc8000e8
:106f4000100798001e0090000000e0000e003200c4
:106f50001e009000300090009e0f500006003a0086
:106f60009e00900010c0b300c040980010002000a8
:106f700020079800060037001e0090004000900097
:106f800010079800efff370020002000200798002e
:106f90002e0090000080fa00000006003600f80085
:106fa000809fbe00829fbe00849fbe00869fbe0061
:106fb0000200fa0060fc8000000f780084c0a90085
:106fc0001e00e0001c0032001e00780040409000cf
:106fd000e14f500014003a001e0078001000e0005d
:106fe000110032009e0078001e0078001000900012
:106ff0000000e800900098001e0178001e00780054
:107000009000e90012009000810f50000600360049
:107010001e00780030009000000001009e00780003
:107020000000eb00900098001e00780040009000e7
:10703000000f7800e2ff37000080fa004f03be0027
:107040004f02be004f01be004f00be003600f900e7
:10705000004006000600fa00000f780011079800b3
:107060001e007800200798002e009000e30f5000cb
:10707000640032002e009000e30f500007003e0035
:107080002e009000e10f50002d0032002e009000e5
:10709000e10f50003f003e000d0037002e00900031
:1070a000e50f50008f0032002e009000e40f5000da
:1070b000700036002e009000e60f5000a500320050
:1070c0002e009000e70f5000be003200d2003700c3
:1070d0001e009000e10f50000f003600c4c2bf0038
:1070e0000080fb004600de000080fb0061006000c5
:1070f0000000a200614060004601dd00412c20003c
:1071000091407800f0cbb30000c0600002407000f6
:10711000c4e2b7001c0137002e40900061406000bf
:107120004601dd00412c200091407800f0cbb300f7
:1071300000c0600002407000c4e2b70012013700d6
:107140001e009000e10f50000b003600c4c2bf00cb
:107150000080fb004700de000080fb000000a20072
:10716000c700dd00c4c2bf000074a1000140700070
:10717000c4e2b700040137002e409000c700dd00d4
:10718000c4c2bf000074a10001407000c4e2b70097
:10719000fd0037001e009000e10f50000f00360088
:1071a000c5c2bf000080fb000000d1000080fb00d2
:1071b000610060000000a200614060000041d0005a
:1071c000512c200091407800d0cfb30000c0600067
:1071d00002407000c5e2b700eb0037002e4090007f
:1071e000614060000041d000512c200091407800a7
:1071f000d0cfb30000c0600002407000c5e2b7000d
:10720000e10037001e009000e10f50000f00360033
:10721000c5c2bf000080fb004400de000080fb0010
:10722000610060000000a200614060004401dd00d8
:10723000512c200091407800f0ceb30000c06000d7
:1072400002407000c5e2b700cf0037002e4090002a
:10725000614060004401dd00512c20009140780025
:10726000f0ceb30000c0600002407000c5e2b7007d
:10727000c50037001e009000e10f50000f003600df
:10728000c5c2bf000080fb004200de000080fb00a2
:10729000610060000000a200614060004201dd006a
:1072a000512c200091407800b0cfb30000c06000a6
:1072b00002407000c5e2b700b30037002e409000d6
:1072c000614060004201dd00512c200091407800b7
:1072d000b0cfb30000c0600002407000c5e2b7004c
:1072e000a90037001e009000e10f50000f0036008b
:1072f000c5c2bf000080fb004500de000080fb002f
:10730000610060000000a200614060004501dd00f6
:10731000512c200091407800f0cdb30000c06000f7
:1073200002407000c5e2b700970037002e40900081
:10733000614060004501dd00512c20009140780043
:10734000f0cdb30000c0600002407000c5e2b7009d
:107350008d0037001e009000e10f50000f00360036
:10736000c5c2bf000080fb004600de000080fb00bd
:10737000610060000000a200614060004601dd0085
:10738000512c200091407800f0cbb30000c0600089
:1073900002407000c5e2b7007b0037002e4090002d
:1073a000614060004601dd00512c200091407800d2
:1073b000f0cbb30000c0600002407000c5e2b7002f
:1073c000710037001e009000e10f50000b003600e6
:1073d000c5c2bf000080fb004700de000080fb004c
:1073e0000000a200c700dd00c5c2bf000074a100fc
:1073f00001407000c5e2b700630037002e409000e6
:10740000c700dd00c5c2bf000074a10001407000cc
:10741000c5e2b7005c0037002e409000c700dd00d9
:10742000c5c2bf000074a10001407000c5e2b700f2
:10743000c5c2bf000080fb004700de000080fb00eb
:10744000614060004601dd00512c20009140780031
:10745000f0cbb30000c0600002407000c5e2b7008e
:10746000c5c2bf000080fb004600de000080fb00bc
:1074700061006000614060004501dd00512c20008a
:1074800091407800f0cdb30000c060000240700071
:10749000c5e2b700c5c2bf000080fb004500de00aa
:1074a0000080fb0061006000614060004201dd007f
:1074b000512c200091407800b0cfb30000c0600094
:1074c00002407000c5e2b700c5c2bf000080fb00eb
:1074d0004200de000080fb0061006000614060004f
:1074e0004401dd00512c200091407800f0ceb30023
:1074f00000c0600002407000c5e2b700c5c2bf0016
:107500000080fb004400de000080fb0061006000a2
:10751000614060000041d000512c20009140780073
:10752000d0cfb30000c0600002407000c5e2b700d9
:10753000c5c2bf000080fb000000d1000080fb003e
:1075400061006000c700dd00c4c2bf000074a1007c
:1075500001407000c4e2b700c4c2bf000080fb005d
:107560004700de000080fb00614060004601dd0056
:10757000412c200091407800f0cbb30000c06000a7
:1075800002407000c4e2b7000080fa00000006006c
:107590000000fa00c4c2a900c4e2a900c522a900e3
:1075a000c582a900c542a900c5a2a900c5c2a900fb
:1075b000c5e2a9000080fa00000006000000fa0001
:1075c000c4c2bf000080fb004600de000080fb005c
:1075d000610060000080ea00614060004601dd005b
:1075e000412c200091407800f0cbb30000c0600037
:1075f00002407000c4e2b700c4c2bf000080fb00bc
:107600004700de000080fb000080ea00c700dd00cc
:10761000c4c2bf000074a10001407000c4e2b70002
:10762000c5c2bf000080fb000000d1000080fb004d
:10763000610060000080ea00614060000041d0000d
:10764000512c200091407800d0cfb30000c06000e2
:1076500002407000c5e2b700c5c2bf000080fb0059
:107660004400de000080fb00610060000080ea0052
:10767000614060004401dd00512c20009140780001
:10768000f0ceb30000c0600002407000c5e2b70059
:10769000c5c2bf000080fb004200de000080fb008e
:1076a000610060000080ea00614060004201dd008e
:1076b000512c200091407800b0cfb30000c0600092
:1076c00002407000c5e2b700c5c2bf000080fb00e9
:1076d0004500de000080fb00610060000080ea00e1
:1076e000614060004501dd00512c20009140780090
:1076f000f0cdb30000c0600002407000c5e2b700ea
:10770000c5c2bf000080fb004600de000080fb0019
:10771000610060000080ea00614060004601dd0019
:10772000512c200091407800f0cbb30000c06000e5
:1077300002407000c5e2b700c5c2bf000080fb0078
:107740004700de000080fb000080ea00c700dd008b
:10775000c5c2bf000074a10001407000c5e2b700bf
:107760000080fa00000006000200fa00000f780016
:107770009e007800e0ad230046fd07000080fa007f
:10778000000006000000fa00e0ad230072fd0700d3
:107790000080fa00000006000200fa00000f7800e6
:1077a0001e00e000030035009e007800e0ad2300dd
:1077b00091fd07000080fa00000006000000fa00ba
:1077c000c4c2bf000080fb004600de000080fb005a
:1077d000610060000080ea00614060004601dd0059
:1077e000412c200091407800f0cbb30000c0600035
:1077f00002407000c4e2b7000080fa0000000600fa
:107800000000fa00c4c2bf000080fb004700de0099
:107810000080fb000080ea00c700dd00c4c2bf009a
:107820000074a10001407000c4e2b7000080fa00bb
:10783000000006000000fa00c5c2bf000080fb0087
:107840000000d1000080fb00610060000080ea00c1
:10785000614060000041d000512c20009140780030
:10786000d0cfb30000c0600002407000c5e2b70096
:107870000080fa00000006000000fa00c5c2bf0048
:107880000080fb004400de000080fb00610060001f
:107890000080ea00614060004401dd00512c2000be
:1078a00091407800f0ceb30000c06000024070004c
:1078b000c5e2b7000080fa00000006000000fa00f0
:1078c000c5c2bf000080fb004200de000080fb005c
:1078d000610060000080ea00614060004201dd005c
:1078e000512c200091407800b0cfb30000c0600060
:1078f00002407000c5e2b7000080fa0000000600f8
:107900000000fa00c5c2bf000080fb004500de0099
:107910000080fb00610060000080ea0061406000c0
:107920004501dd00512c200091407800f0cdb300de
:1079300000c0600002407000c5e2b7000080fa009d
:10794000000006000000fa00c5c2bf000080fb0076
:107950004600de000080fb00610060000080ea005d
:10796000614060004601dd00512c2000914078000c
:10797000f0cbb30000c0600002407000c5e2b70069
:107980000080fa00000006000000fa00c5c2bf0037
:107990000080fb004700de000080fb000080ea0062
:1079a000c700dd00c5c2bf000074a1000140700027
:1079b000c5e2b7000080fa00000006000200fa00ed
:1079c000000f7800100020009e0f10000f003600fe
:1079d000d0c2bf000080fb004200de000080fb0040
:1079e000610060000000a200614060004201dd0013
:1079f000012d200091407800b0cfb30000c060009e
:107a000002407000d0e2b700090037009e407800c5
:107a100061c060004201dd00012d2000914078002e
:107a2000b0cfb30000c0600002407000d0e2b700e9
:107a30000080fa00000006000200fa00000f780043
:107a4000100020009e0f10000f003600d0c2bf00b3
:107a50000080fb000000d1000080fb00610060009e
:107a60000000a200614060000041d000012d200014
:107a700091407800d0cfb30000c060000240700099
:107a8000d0e2b700090037009e40780061c0600076
:107a90000041d000012d200091407800d0cfb300ec
:107aa00000c0600002407000d0e2b7000080fa0021
:107ab000000006000400fa005a1fe2001e00320017
:107ac00071fa800080da2f00808f50001a00350094
:107ad00071fa800080252000808f500016003c0045
:107ae000d602a900d622a900d642a900d662a900d2
:107af0000000eb00d0fa880072fa8000020f7800d4
:107b00001e0178000200e00003003d001e01780025
:107b10000201ea00020f7800007122001e017800c5
:107b2000110009000200d800ef005000a0d523008a
:107b3000b1fc07004b0037004e1fe2000b00340081
:107b4000b0fa80000000e800b0fa880090fa8000e7
:107b50000000e90090fa8800521fe2000e003d008c
:107b60003000200090fa88000b003700b0fa800047
:107b70000000e900b0fa880090fa80000000e800f8
:107b800090fa880090fa8000e30f50000200340061
:107b90000000eb0090fa880090fa8000100798002f
:107ba0001e019000e10f5100130032001e009000f2
:107bb000e10f500004003c001e0190000200e000b4
:107bc000080032001a0037001e009000e20f50003b
:107bd0000e0032001e019000e30f51001000320031
:107be00013003700d602a900d622a800d642a90069
:107bf000d662a8000e003700d602a900d622a8003f
:107c0000d642a800d662a90009003700d602a80013
:107c1000d622a900d642a800d662a90004003700e7
:107c2000d602a800d622a900d642a900d662a80092
:107c300071fa800080da2f00808f50000900350033
:107c400071fa800080252000808f500005003c00e4
:107c500010002000d0fa8800f1002000a0d52300f9
:107c600065fc07000080fa00000006000400fa002e
:107c70005c1fe2001e00320081fa800080da2f00d3
:107c8000808f50001a00350081fa80008025200086
:107c9000808f500016003c00d682a900d6a2a90011
:107ca000d6c2a900d6e2a9000000eb00e0fa8800e5
:107cb00082fa8000020f78001e0178000200e000c6
:107cc00003003d001e0178000201ea00020f780067
:107cd000007122001e017800110009000200d80086
:107ce000ef00500060e3230043fc07004b00370027
:107cf000501fe2000b003d00c0fa80000000e800c9
:107d0000c0fa8800a0fa80000000e900a0fa88000c
:107d1000541fe2000e003d0030002000a0fa880051
:107d20000b003700c0fa80000000e900c0fa8800ac
:107d3000a0fa80000000e800a0fa8800a0fa800005
:107d4000e30f5000020034000000eb00a0fa8800ae
:107d5000a0fa8000100798001e019000e10f51006a
:107d6000130032001e009000e10f500004003c00a0
:107d70001e0190000200e000080032001a003700e7
:107d80001e009000e20f50000e0032001e01900015
:107d9000e30f51001000320013003700d682a90013
:107da000d6a2a800d6c2a900d6e2a8000e003700cd
:107db000d682a900d6a2a800d6c2a800d6e2a90001
:107dc00009003700d682a800d6a2a900d6c2a80012
:107dd000d6e2a90004003700d682a800d6a2a900e6
:107de000d6c2a900d6e2a80081fa800080da2f006e
:107df000808f50000900350081fa80008025200026
:107e0000808f500005003c0010002000e0fa880040
:107e1000f100200060e32300f7fb07000080fa0078
:107e2000000006000000fa008000eb00a0d523004f
:107e300098fb07008000eb0060e3230095fb070040
:107e40000080fa00000006000200fa00000f78002f
:107e50001e00e0000a003a000000eb0070fa880003
:107e60008000eb00a0d52300e3fb0700d602a900a9
:107e7000d622a900d642a900d662a9002d0037005b
:107e800080c12f009e0f10000a003d0080c12f000e
:107e900070fa8800008f2d0072fa8000110009002e
:107ea0000200d8008000fd00a0d52300d2fb07000f
:107eb00020003700803e20009e0f10000a00340092
:107ec000803e200070fa88000071220072fa800063
:107ed000110009000200d8008000fd00a0d5230099
:107ee000c5fb0700130037001e00780070fa8800f9
:107ef0001e00e00008003d00008f2d001e017800ec
:107f0000110009000200d8008000fd00a0d5230068
:107f1000b9fb070007003700007122001e0178003e
:107f2000110009000200d8008000fd00a0d5230048
:107f3000b1fb07000080fa00000006000200fa0012
:107f4000000f78001e00e0000a003a000000eb007d
:107f500080fa88008000eb0060e32300a6fb0700a6
:107f6000d682a900d6a2a900d6c2a900d6e2a9004d
:107f70002d00370080c12f009e0f10000a003d0029
:107f800080c12f0080fa8800008f2d0082fa8000c7
:107f9000110009000200d8008000fd0060e323000a
:107fa00095fb070020003700803e20009e0f100048
:107fb0000a003400803e200080fa88000071220010
:107fc00082fa8000110009000200d8008000fd0044
:107fd00060e3230088fb0700130037001e007800d1
:107fe00080fa88001e00e00008003d00008f2d0090
:107ff0001e017800110009000200d8008000fd0079
:1080000060e323007cfb07000700370000712200bb
:108010001e017800110009000200d8008000fd0058
:1080200060e3230074fb07000080fa0000000600f4
:108030000800fa00000f7800110798001e00780071
:10804000200798002e0190000200e00003003d0090
:108050002e0090000000ea00200798001e0190000a
:10806000320798003e0090000000e00003003d0051
:108070003e0190000201ea00320798002e009000b5
:108080003e01900082004000803e2000808f500022
:1080900006003c001e0090001e0010006aff070052
:1080a0001e0090001e004000a4ff07000080fa00a0
:1080b000000006000200fa00000f78001e007800a1
:1080c000b0fa88000080fa00000006000200fa0002
:1080d000000f78001e007800c0fa88000080fa00c7
:1080e000000006000000fa00b0fa80000080fa00ec
:1080f000000006000000fa00c0fa80000080fa00cc
:10810000000006000000fa00dec2a8008200a800fd
:108110008400a9008c00a8000080fa00000006007e
:108120003600f800809fbe00829fbe00849fbe0084
:10813000869fbe000000fa008c00a90051012000bb
:10814000e00b2400d3fa07000040eb006fffb700fc
:108150000040eb006effb7000040eb0070ffb7007f
:108160000080fa004f03be004f02be004f01be0068
:108170004f00be003600f900004006000200fa0081
:1081800030fc8000e10f40001a003a00e0c2bf005e
:108190000080fb004600de000080fb006100600004
:1081a0000000e000070032008c00a8008400a90055
:1081b000e00b2400e8fa07000080eb0030fc8800a8
:1081c0005800370091002000e00b24000afb070054
:1081d0000040eb006fffb7000040eb006effb70000
:1081e0000040eb0070ffb7000000eb0030fc88009f
:1081f0004c00370030fc8000e10f50000d003a00c9
:10820000e0c2bf000080fb004600de000080fb00f3
:108210006100600070ffb70021012000e00b240026
:10822000f5fa0700110020001000200089fb07006c
:108230003c00370030fc8000e10f50001200340099
:1082400030fc8000e60f50000f003c00e0c2bf0091
:108250000080fb004600de000080fb006100600043
:10826000004f78009e80fb0030fc8000660010000c
:108270000008dd00004f78006edfbf001e404000a8
:108280006effb7002700370030fc8000e60f50007b
:108290001200340030fc8000ec0f50000f003c0056
:1082a000e0c2bf000080fb004600de000080fb0053
:1082b00061006000004f78009e80fb0030fc800071
:1082c0006c0010000008dd00004f78006fdfbf0079
:1082d0001e4040006fffb7001200370030fc8000e6
:1082e000ed0f50000f003a008000eb00100020005e
:1082f00058fb07008c00a8008400a900e00b2400b4
:1083000095fa07000080eb0030fc880070dfbf00aa
:1083100084ffb7006edfbf0071ffb7006fdfbf00e3
:1083200072ffb70030fc8000e10f40000300320014
:1083300030fc80000000e80030fc88000080fa007b
:10834000000006000000fa0084dfbf000080fb0090
:108350000080fa00000006000000fa0071dfbf0094
:108360000080fb000080fa00000006000000fa0018
:1083700072dfbf000080fb000080fa0000000600f2
:108380000000fa00c4c2a900c4e2a900c522a900e5
:10839000c582a900c542a900c5a2a900c5c2a900fd
:1083a000c5e2a900c0c2a900c0e2a900c122a9007b
:1083b000c182a900c142a900c1a2a900c1c2a900ed
:1083c000c1e2a900d022a900cc22a900d042a90074
:1083d000cc42a900e2e2a900e302a900e802a90058
:1083e000e822a900dee2a900df02a900e402a90058
:1083f000e422a900e202a900de02a900d602a90037
:10840000d622a900d642a900d662a900d682a90028
:10841000d6a2a900d6c2a900d6e2a900d202a9001c
:10842000d222a900d242a900d262a900d282a90018
:10843000d2a2a900d2c2a900d2e2a900d1a2a90069
:10844000cda2a900e842a900e862a900e442a9007f
:10845000e462a900de22a800dec2a800e4c2a800ef
:10846000e4e2a800e502a800e522a800de22a800b8
:10847000d302a800d322a800d342a800d362a80048
:10848000d382a800d3a2a800d3c2a800d3e2a80038
:108490000080fa00000006000c22ef000e22ef0020
:1084a0000ee2a9000ec2a9008520a9008d20a80017
:1084b0000de2a80070002000a01088008540a900ef
:1084c0008d40a80081e0a900c0048000f1002f00c9
:1084d000008060000155200000804000c00488003a
:1084e0000fe2a8000f42a80000000600809fbe0017
:1084f0008520a9000000eb0012c2bf00c1fa2100d4
:10850000804878001000200070fd88004f00be00f9
:1085100000400600ae1fe200090032008d20a900d5
:108520008000eb0071fd8800c2fa210092407800c3
:1085300001487800100020008d20a80000000600ef
:108540000000eb00000006008540a900809fbe00ef
:10855000821f7800aa1fe20015003200a61fe20069
:1085600016003200a81fe2001400320031fd800026
:10857000420020000f22af00feff370040fd8000c8
:108580000000e000070032000000e900a8bfb700cb
:108590003140780010e2b7000201e900f5ff3a002f
:1085a00002003700a63fef000100370031fd8800d0
:1085b0004f0178004f00be00004006000000200080
:1085c00050fd88004f0178004f00be0000400600bb
:1085d000aa1fe200feff3a008d40a9008100e900d9
:1085e00041fd8800b04078008110880030fd88008f
:1085f0001100200051fd88008d40a80000000600f9
:1086000050fd8000000006000400fa00004f7800d2
:10861000114798000040eb00204798002e40900042
:108620000004e0002b003a0010c0b300204798007f
:1086300067010700804078002e40900001406000f4
:10864000204798001e407800a5020700804078006f
:108650002e40900001406000204798001e4090008e
:108660009f020700804078002e409000014060008b
:10867000204798007a010700804078002e40900043
:1086800001406000204798001e40e8009402070067
:10869000804078002e409000014060002047980004
:1086a0006300470010020700804078002e409000d1
:1086b0000140600020479800cc0107006e020700cf
:1086c0002e4090000004e00002003a001001070074
:1086d000d2ff37003e4090000000fb000080fa000f
:1086e000000006000800fa00004f7800110798000b
:1086f00042479800534798000040eb0060479800bd
:108700000040eb00704798006e4090000004e000cd
:108710003e003a0010c0b300604798002c010700eb
:10872000804078006e4090000140600060479800f3
:108730001e4078006a020700804078006e4090007a
:1087400001406000604798004e40900064020700be
:10875000804078006e4090000140600060479800c3
:108760003f010700804078006e40900001406000ab
:10877000604798001e40e8005902070080407800da
:108780006e40900001406000604798000040eb00a0
:1087900070479800fe4090005e40900080cf5000ef
:1087a00014003d007e4090008000fb005e40900081
:1087b0000000fb000000e900808f500005003a0037
:1087c0008a010700ee40900000c0600060479800fa
:1087d0000400370046010700ee40900000c0600032
:1087e000604798007e4090000040e8007047980085
:1087f000e8ff3700200207006e4090000004e00010
:1088000002003a00c2000700bfff37006e40900030
:108810000000fb000080fa00000006000400fa00df
:10882000004f780011479800224798000040eb0065
:10883000304798003e4090000004e00023003a00da
:1088400010c0b30030479800e10007008040780076
:108850003e40900001406000304798001e40780084
:108860001f020700804078003e40900001406000f9
:10887000304798001e4090001902070080407800a1
:108880003e40900001406000304798002e4090002c
:1088900013020700804078003e40900001406000d5
:1088a00030479800f4010700804078003e40900077
:1088b00001406000304798003e4090000004e00016
:1088c00002003a0092000700daff37003e409000b5
:1088d0000000fb000080fa00000006000a00fa0019
:1088e000004f7800110798004247980053479800be
:1088f0000040eb00604798000000eb004007980044
:108900006e4090000004e0002f003a0010c0b30059
:1089100060479800ae000700804078006e409000ed
:1089200001406000604798001e407800ec0107009d
:10893000804078006e4090000140600060479800e1
:108940004e409000e6010700804078006e409000a5
:1089500001406000604798000000eb00400798006d
:108960005e4090008000fb004e009000810f5000a0
:108970000d003d009e0090004e00900000804000e1
:1089800010407800d6010700804078006e409000cb
:1089900001406000604798004e0090000000e80031
:1089a00040079800eeff3700b301070080407800d1
:1089b0006e40900001406000604798006e4090005b
:1089c0000004e000ceff32006e4090000000fb008b
:1089d0000080fa00000006000000fa002f000700e7
:1089e0000080fa00000006000000fa006c0007009a
:1089f0000080fa00000006000000fa006e00070088
:108a00000080fa00000006000000fa0000000000ec
:108a100006c2bf000080fb00610060000000e000b3
:108a2000fbff3a0006c2bf000080fb004200de00f0
:108a30000080fb00610060000000e000f4ff3a00ed
:108a400006c2bf000080fb004300de000080fb0088
:108a5000610060000000e000edff3a0006c2bf00c8
:108a60000080fb004400de000080fb00610060002d
:108a70000000e000e6ff3a0009c2bf000080fb00f2
:108a80004600de000080fb00610060000000e000a6
:108a9000dfff3a000080fa00000006000400fa0040
:108aa000600920002010880007e2a90007e2a80062
:108ab00085c0a90085a0a900b109200091407800d7
:108ac00080cfb30000c060005040b3009be0b7000f
:108ad0008da0a9000071220001002000008fbe00bf
:108ae0001e00be00e00f5000e08f5800050032006d
:108af0000080eb008080eb001e0f40005e97480076
:108b0000f7ff3700100020000080fa000000060088
:108b10000400fa006000b800008fbe0007e2a90060
:108b200085c0a90085a0a9008da0a9000071220020
:108b300001002000008fbe001e00be00e00f5000ac
:108b4000e08f5800050032000080eb008080eb00d1
:108b50001e0f40005e974800f7ff3700cfff070069
:108b60000f0007000071220001002000008fbe00ee
:108b70001e00be00e00f5000e08f580005003200dc
:108b80000080eb008080eb001e0f40005e974800e5
:108b9000f7ff3700100020000080fa0000000600f8
:108ba0000000fa0085c0a9008dc0a80010002000b8
:108bb0000080fa00000006000000fa0085c0a9004d
:108bc0008dc0a900100020000080fa0000000600ff
:108bd0000600fa0010c0b30066ffb70008c2bf006d
:108be0000080fb004400de000080fb0061006000ac
:108bf0000000e000150032000602a800007122000b
:108c000001002000008fbe001e00be00e00f5000db
:108c1000e08f58000a003200665fe20003003a006d
:108c200010002000200798000a0037000080eb00a9
:108c30008080eb001e0f40005e974800f2ff370077
:108c40008000eb0021079800020037000000eb00d5
:108c5000200798002e0090000080fa000000060017
:108c60000600fa0060c0b30066ffb70008c2bf008c
:108c70000080fb004300de000080fb00610060001c
:108c80000000e000150032000622a800007122005a
:108c900001002000008fbe001e00be00e00f50004b
:108ca000e08f58000a003200665fe20003003a00dd
:108cb00010002000200798000a0037000080eb0019
:108cc0008080eb001e0f40005e974800f2ff3700e7
:108cd0008000eb0021079800020037000000eb0045
:108ce000200798002e0090000080fa000000060087
:108cf0000600fa0030c0b30066ffb70006c2bf002e
:108d00000080fb00610060000000e0001c003a00f1
:108d100006c2bf000080fb004200de000080fb00b6
:108d2000610060000000e00015003a0006c2bf00cc
:108d30000080fb004300de000080fb00610060005b
:108d40000000e0000e003a0006c2bf000080fb00f9
:108d50004400de000080fb00610060000000e000d5
:108d600007003a0006c2bf000080fb000000d100ef
:108d70000080fb00610060000000e00003003200a2
:108d80000000eb00200798001500370006a2a9009c
:108d90000682a8000071220001002000008fbe00a2
:108da0001e00be00e00f5000e08f58000a003200a5
:108db000665fe20003003a001100200021079800de
:108dc000070037000080eb008080eb001e0f4000a2
:108dd0005e974800f2ff37008000eb002107980003
:108de0002e0090000080fa00000006000600fa0045
:108df00030c0b30066ffb70006c2bf000080fb00b2
:108e0000610060000000e0001c003a0006c2bf00e4
:108e10000080fb004200de000080fb00610060007b
:108e20000000e00015003a0006c2bf000080fb0011
:108e30004300de000080fb00610060000000e000f5
:108e40000e003a0006c2bf000080fb004400de00b6
:108e50000080fb00610060000000e00007003a00b5
:108e600006c2bf000080fb000000d1000080fb00b4
:108e7000610060000000e000030032000000eb0031
:108e8000200798001500370006a2a8000682a80057
:108e90000071220001002000008fbe001e00be00f5
:108ea000e00f5000e08f58000a003200665fe200d9
:108eb00003003a0011002000210798000700370046
:108ec0000080eb008080eb001e0f40005e974800a2
:108ed000f2ff37008000eb00210798002e00900081
:108ee0000080fa00000006000c00fa00000f780075
:108ef000007122000100200010079800210798004f
:108f00000040eb006047980040c0b30066ffb70028
:108f1000007122000100200010079800210798002e
:108f20001e009000ae009000e00f5000e08f58004f
:108f30002b00320006c2bf000080fb006100600011
:108f40000000e0001f003a0006c2bf000080fb00e6
:108f50004200de000080fb00610060000000e000d5
:108f600018003a0006c2bf000080fb004300de008c
:108f70000080fb00610060000000e00011003a008a
:108f800006c2bf000080fb004400de000080fb0042
:108f9000610060000000e0000a003a0009c2bf0062
:108fa0000080fb004600de000080fb0061006000e6
:108fb0000000e00003003a0010c0b30060479800d2
:108fc000070037001e009000ae00900061005000c6
:108fd000e08058001007980021079800d0ff370064
:108fe0006e4090000004e00003003a000000eb0037
:108ff000400798001d0037000662a800006a28009c
:109000001100200010079800210798001e00900012
:10901000ae009000e00f5000e08f580011003200c9
:10902000665fe20008003a009e0078005107980051
:1090300000c2bf00de0090008048780010002000d1
:1090400040079800090037001e009000ae00900015
:1090500061005000e0805800100798002107980038
:10906000eaff37008000eb00410798004e009000b7
:109070000080fa00000006000600fa0050c0b300ad
:1090800066ffb7000642a800007122000100200020
:10909000008fbe001e00be00e00f5000e08f5800a1
:1090a0000a003200665fe20003003a001000200070
:1090b00020079800070037000080eb008080eb005d
:1090c0001e0f40005e974800f2ff37008000eb0063
:1090d000210798002e0090000080fa000000060092
:1090e0000800fa00004f780020c0b30066ffb70008
:1090f0001e40780002e2b70000712200010020004b
:1091000010079800210798001e009000ae00900004
:10911000e00f5000e08f58000c003200665fe20064
:1091200003003a00100020003007980009003700c3
:109130001e009000ae00900061005000e0805800da
:109140001007980021079800efff37000000eb00a0
:10915000300798003e0090000080fa0000000600f2
:10916000801f78000000fa0085c0a9000040eb00d5
:1091700066ffb7000080fa004f007800004006004c
:109180002200fa00000f78001107980022079800cb
:109190003307980044079800550798006607980021
:1091a000200d20001e0f40001e00900067004000b0
:1091b000100798005e0090000000e00003003200fd
:1091c0004e0090000000e00003003a008080eb00b9
:1091d000610f9800ff0037002e0090009e004000b5
:1091e00020352000808f5000030036000080eb0007
:1091f000600f9800f70037009e0090003e0090003e
:1092000080804000701e2000808f500003003600d8
:109210008080eb00610f9800ee0037002e00900078
:109220004e019000110009000280d8008000fd006e
:109230000000e000030032000080eb00600f9800a7
:10924000e40037003e0090005e019000110009002c
:109250000280d8008000fd000000e0000300320022
:109260008080eb00610f9800da0037005e0090000c
:10927000630060000000e0002e003a004e00900005
:10928000630060000000e0000e003a0030032000a0
:10929000500f98005e0090004200de00300f9800f2
:1092a0004e0090004200de00400f98001e0090002b
:1092b00064005000100798001e007800640f5000f2
:1092c000460037004e009000610060000000e000a2
:1092d0000d003a0010012000500f98005e00900031
:1092e0000000d100300f98004e0090000000d10027
:1092f000400f98001e0090000080e90010079800c1
:109300001e8fe9003500370040042000500f980000
:10931000de009000310f98004e009000400f980042
:109320001e0090000000e900100798001e0fe900e1
:109330002a0037005e009000610060000000e0003d
:109340001c003a004e009000610060000000e00048
:109350000d003a0010012000500f98005e009000b0
:109360000000d100300f98004e0090000000d100a6
:10937000400f98001e0090000080e9001007980040
:109380001e8fe9001500370040042000500f9800a0
:10939000de009000310f98004e009000400f9800c2
:1093a0001e0090000000e900100798001e0fe90061
:1093b0000a00370040042000500f9800ce009000b3
:1093c000410f98005e009000300f98001e00900042
:1093d0000000e900100798001e0fe9004e089000f9
:1093e0000000e900000f98003e0890000000e9002e
:1093f000700798002e0090004e01900011000900a7
:109400000280d800100f98003e0090005e0190008e
:10941000110009000280d800200f98006e00900013
:10942000f10007000000e000030032008080eb0044
:10943000610f9800670037005e0890000d0107007b
:109440000000e000030032000080eb00600f980095
:10945000600037006e0090000000e0001b003a0042
:10946000de089000710f980030032000fe08900085
:10947000808f50001200320030032000fe08900060
:10948000808f500004003c007e089000f10f5000d7
:10949000080032002700370040042000fe0890003a
:1094a000808f500023003a000003200006010700cf
:1094b0002000370000022000030107001d003700d4
:1094c0000000eb00000107001a0037005e08900062
:1094d00000179800300320008e109000808f5000fd
:1094e00012003200300320008e109000808f500058
:1094f00004003c000e109000f10f500008003200f4
:109500000c003700400420008e109000808f500027
:1095100008003a0000042000eb00070005003700b7
:1095200000032000e80007000200370000022000ce
:10953000e5000700313520001e0078000501070016
:109540000000e000030032000080eb00600f980094
:1095500020003700811e20001e009000250107001a
:109560000000e000030032008080eb00610f9800f3
:10957000180037001e01e800711e20001e00900038
:10958000430107000000e000030032000080eb0010
:10959000600f98000f0037006e0090001000070069
:1095a000000178007e0290008e0990009e089000d5
:1095b0002e0890009a0407000000e000030032002b
:1095c0008080eb00610f9800020037000000eb0084
:1095d000600f98006e0890000080fa0000000600fe
:1095e0000600fa00000f78001e007800200798009f
:1095f0002e009000e10f50000e0032002e0090006f
:10960000e10f500004003c002e0090000000e0003c
:10961000050032000d0037002e009000e20f5000d0
:1096200007003200090037001000200010079800e2
:1096300008003700200020001007980005003700c0
:1096400020002000100798000200370010002000c2
:10965000100798001e0090000080fa00000006002d
:109660000200fa0046fb0700dbfc0700d1a2a900bc
:1096700040062000000f78001e00e00003003200ca
:10968000000000001e0fe900fbff3700d1a2a80078
:1096900040062000000f78001e00e00003003200aa
:1096a000000000001e0fe900fbff370081e0a90069
:1096b000f1048000f0002f000080600001662000af
:1096c00001004000f00488000080fa00000006005d
:1096d00000a0fe0086a0a9001421ef0000000000f9
:1096e00011e18000c2c2210013002000321ce10001
:1096f00005003200080035000000000000000000f6
:1097000000000000f9ff3700a01680004800de00ce
:1097100080587800f5ff370011e18800283cec0004
:1097200040e180002a1ce30003003a001000200002
:1097300020e188001fe1a9000080fe000040060033
:109740000200fa00a8fc07000000eb00000f780000
:10975000700d20009e0f10000a003e0071d72100fe
:109760001e80400062d721009e0041001041780019
:1097700091407800c0cdb30028fc07001e8fe800a0
:10978000f3ff37009cfc07000080fa000000060091
:109790000200fa00881f780093fc07000000eb002d
:1097a000000f7800700d20009e0f10000a003e0090
:1097b00070d721001e04400061d721001e804000a8
:1097c00090407800c0cdb3008ffb0700004c7800bc
:1097d0001e8fe800f3ff370087fc07004f04780076
:1097e0000080fa00000006000600fa00000f780072
:1097f0001e007800200798002e009000e10f500016
:109800000e0032002e009000e10f500004003c00da
:109810002e0090000000e000050032000d0037002f
:109820002e009000e20f50000700320009003700c0
:10983000c0c0b300b9fdb7000900370080c0b30055
:10984000b9fdb7000600370020c0b300b9fdb7006e
:10985000030037000080eb0010079800020037007b
:109860000000eb00100798001e0090000080fa0036
:10987000000006000400fa00000f780040042000f9
:109880009e0f100006003200100120009e0f1000f5
:1098900003003200300320009e0f100005003a0044
:1098a0001e407800a9fdb7000000eb0010079800eb
:1098b000020037000080eb00100798001e009000a7
:1098c0000080fa00000006000400fa00000f780093
:1098d0001e00e00015003200000220009e0f100064
:1098e00012003200000320009e0f10000f00320013
:1098f000000420009e0f10000c0032000005200024
:109900009e0f100009003200000620009e0f10007c
:1099100006003200000620009e0f100003003200f7
:10992000000120009e0f100005003a001e40780044
:10993000a3fdb7000000eb001007980002003700fd
:109940000080eb00100798001e0090000080fa00d5
:10995000000006000a00fa00000f780011079800c6
:109960001e0090009e0f1000030039000080eb00e5
:10997000400798001c0037009e00900030382000ff
:10998000808f5000030036000080eb0040079800f5
:10999000150037001e0fe9001e4078005047980060
:1099a0001e0078004800de00404798002e409000de
:1099b000704798001e0090004800de006047980045
:1099c0004e4090007ffdb7005e40900081fdb700e3
:1099d0006e40900087fdb7007e40900089fdb70083
:1099e0000000eb00400798004e0090000080fa0055
:1099f000000006000a00fa00000f78001107980026
:109a00001e0090009e0f1000030039000080eb0044
:109a1000400798001b0037009e009000301f200078
:109a2000808f5000030036000080eb004007980054
:109a3000140037001e407800504798001e00780040
:109a40004800de00404798002e4090007047980084
:109a50001e0090004800de00604798004e409000d5
:109a600083fdb7005e40900085fdb7006e4090001a
:109a70008bfdb7007e4090008dfdb7000000eb002d
:109a8000400798004e0090000080fa000000060099
:109a90000e00fa00000f78001107980022079800c6
:109aa0001e0090009e0f1000030039000080eb00a4
:109ab000600798002b0037009e009000301f2000a8
:109ac000808f5000030036000080eb006007980094
:109ad00024003700ae00900030382000808f500006
:109ae000030036000080eb00600798001d0037007f
:109af0001e407800704798001e0078004800de0085
:109b0000604798002e409000104f98001e00900073
:109b10004800de00004f98004e409000204f980013
:109b20002e0090004800de00304f98006e409000fc
:109b300007feb7007e40900009feb7000e48900077
:109b40000bfeb7001e4890000dfeb7003e48900087
:109b50000ffeb7002e48900011feb7000000eb008a
:109b6000600798006e0090000080fa000000060078
:109b70000600fa00004f7800114798000000eb0043
:109b8000100798009e009000700d2000808f5000fc
:109b900012003e001e00900061d72100010040002d
:109ba000104078009e4f500008003a001e009000c0
:109bb00071d72100010040009e40900001487800cc
:109bc0000000eb0020079800060037001e00900000
:109bd0000080e80010079800eaff37008080eb0063
:109be000210798002e0090000080fa000000060077
:109bf0000800fa00004f7800110798000000eb0001
:109c000020079800ae009000700d2000808f50005b
:109c100012003e002e00900061d72100010040009c
:109c2000104078009e4f500008003a001e0090003f
:109c3000ae00900072d72100828040001148780069
:109c40000000eb0030079800060037002e0090005f
:109c50000080e80020079800eaff37008080eb00d2
:109c6000310798003e0090000080fa0000000600d6
:109c70000200fa00004f7800114798001e40900043
:109c80008ffdb7001e40780091fdb7000080fa00fc
:109c9000000006000800fa00004f78001147980005
:109ca000224798003347980044479800f0c4b30017
:109cb0009e4f1000030036000080eb003007980034
:109cc0000c0037001e40780093fdb7001e40900046
:109cd00095fdb7002e40900097fdb7004e409000d4
:109ce00099fdb7003e4090009bfdb7000000eb00df
:109cf000300798003e0090000080fa000000060047
:109d00000400fa00008fbe001e00be004a09dd00fc
:109d10004600de0000007100c608de009ffdb700af
:109d20001e00be004209dd004e00de000000710092
:109d3000ce08de009dfdb7000040eb00a1fdb7009e
:109d40000080fa00000006000600fa00000f78000c
:109d5000110798001e00e000060032001e0090006f
:109d60000000e00003003200a0ccb30040479800a0
:109d70000d0037001e00e00003003200a0c4b30055
:109d800040479800080037001e0090000000e000e7
:109d900003003200a0c8b30040479800020037001b
:109da000a0c0b300404798004e409000a5fdb7000a
:109db0000080fa00000006000200fa00004f780060
:109dc0001e407800abfdb7000080fa0000000600de
:109dd0000200fa00000f78001e00e00005003200cb
:109de000bbddbf0001c8b30001407000bbfdb70080
:109df00003003700bbddbf000074a100bbfdb7004e
:109e00000080fa00000006000400fa00004f78000d
:109e100011479800224798001e407800bffdb70008
:109e20001e409000c1fdb7002e409000c3fdb7005a
:109e30000080fa00000006000200fa00004f7800df
:109e4000114798009e4078007fc060000045b00038
:109e5000c5fdb7001e409000c7fdb7000080fa00a6
:109e6000000006000600fa00000f78002147980065
:109e70002e4090000000fb0063006000c500dd0084
:109e800000c8b30000c040004dfeb7000000eb006a
:109e9000200798002e009000e10f50000b003e00bc
:109ea0002e0090000000d00092dc210082004000d3
:109eb0002e0090001e004000904878002e00900078
:109ec0000000e80020079800f2ff37000080fa0049
:109ed000000006000000fa00c3fa0700d2e42100e7
:109ee00012417800c1e4210091407800c0cdb30058
:109ef0004afa0700c0fa0700e1dd2100914078002e
:109f0000c8ddbf00020007000080fa000000060064
:109f10000600fa00004f7800114798000000eb009f
:109f200020079800b0fa07000000eb001007980027
:109f30009e009000700d2000808f50001d003e009c
:109f40001e00900061d72100010040001040780001
:109f50009e4f5000130039001e00900062d7210070
:109f6000820040001e409000914f10000d003e0006
:109f70001e00900072d72100820040001e00900059
:109f800062d7210002004000114178009040780023
:109f9000c0cdb30021fa07002e0090000000e800b9
:109fa000200798001e0090000080e800100798002d
:109fb000dfff370090fa07002e0090000080fa00c3
:109fc000000006000400fa00000f78000000eb001b
:109fd000100798001e009000e10f50000b003e009b
:109fe0001e0090000000d00012de21008200400020
:109ff0001e0090001e004000904878001e00900057
:10a000000000e80010079800f2ff37000080fa0017
:10a01000000006000200fa00004f78001147980087
:10a020001e407800f3fdb7001e409000f5fdb7001c
:10a030000080fa00000006000200fa00004f7800dd
:10a04000114798001e407800f7fdb7001e409000b1
:10a05000f9fdb7000080fa00000006000200fa00d7
:10a06000004f7800114798001e407800fbfdb700b4
:10a070001e409000fdfdb7000080fa0000000600c1
:10a080000200fa00004f78001e80fb004400dd0053
:10a090006f40400013feb7000080fa000000060089
:10a0a0000200fa00004f7800114798001e80fb0064
:10a0b000c400dd001e4090006f40600000c0400002
:10a0c00015feb7000080fa00000006000200fa004a
:10a0d000004f7800114798001e4090000080fb0060
:10a0e000c400dd001e4178006f40610000c04000e8
:10a0f00017feb7000080fa00000006000400fa0016
:10a10000008fbe001e00be004088de00cf80de0053
:10a1100019feb7001e00be004809dd004800de0041
:10a1200000007100c888de001bfeb7001e407800ea
:10a130001dfeb7000080fa00000006000200fa00d1
:10a14000004f78001e4078001ffeb7000080fa0024
:10a15000000006000400fa00000f780011079800c4
:10a160001e0078004800de0025feb7001e40780083
:10a1700027feb7001e0090004800de0029feb70051
:10a180002e4090002bfeb7000080fa000000060071
:10a190000600fa00004f7800114798002247980007
:10a1a0003347980044479800554798002e40900048
:10a1b0002dfeb7003e4090002ffeb7001e407800f5
:10a1c00031feb7001e40900033feb7004e409000b5
:10a1d00035feb7005e40900037feb7000080fa0001
:10a1e000000006000a00fa00000f7800110798002e
:10a1f0002207980033079800200d20001e0f400012
:10a200001e009000200db000100798002e00900056
:10a2100067004000200798003e0090006700400063
:10a22000300798009e00900020352000808f50005d
:10a23000030036000080eb0040079800390037002b
:10a24000be009000701e2000808f5000030036007a
:10a250000080eb0040079800320037001e0090009d
:10a260009e0f100004003100ae0090003e009000f0
:10a27000808f5000030039000080eb0040079800f9
:10a2800028003700501a20009e0f10000c003600e6
:10a290009e00900090272000808f500008003e0014
:10a2a000ae009000700a2000808f5000040036003d
:10a2b000be00900060142000808f50000300360024
:10a2c0000080eb0040079800160037001e00780061
:10a2d0004800de0039feb7001e4078003bfeb700a4
:10a2e0001e0090004800de003dfeb7002e409000aa
:10a2f0003ffeb7002e0090004800de0041feb70090
:10a300004e40900043feb7003e0090004800de0043
:10a3100045feb7006e40900047feb7000000eb001e
:10a32000400798004e0090000080fa0000000600f0
:10a330000600fa00000f7800110798001e00e000e8
:10a34000060032001e0090000000e0000300320012
:10a35000c0c3b300404798000d0037001e00e00066
:10a3600003003200c0c2b300404798000800370025
:10a370001e0090000000e00003003200c0c1b300e6
:10a380004047980002003700c0c0b3004047980023
:10a390004e40900049feb7000080fa000000060021
:10a3a0000200fa00000f78001e00e00006003200f4
:10a3b000f0c7b300d1da21009140780000c06000fe
:10a3c000adfdb70004003700adddbf0001c8b3002c
:10a3d00001407000adfdb7000080fa0000000600eb
:10a3e0000400fa00000f7800110798001e00e0003a
:10a3f00005003200adddbf00f1cbb30001406000cd
:10a40000adfdb70004003700adddbf0001c4b300ef
:10a4100001407000adfdb7001e0090000000e0009c
:10a4200005003200adddbf00f1cdb300014060009a
:10a43000adfdb70004003700adddbf0001c2b300c1
:10a4400001407000adfdb7000080fa00000006007a
:10a450000a00fa00a3ddbf000080fb00400798005f
:10a4600000032000ce009000808f500035003200a5
:10a4700000032000ce009000808f50000f003c00b1
:10a480004e009000f00f500026003200ce009000e9
:10a49000f08f500004003c004e0090000000e000ef
:10a4a0001c0032003b00370000022000ce0090006c
:10a4b000808f50001f00320036003700000520005a
:10a4c000ce009000808f5000260032000005200052
:10a4d000ce009000808f500005003c00000420005a
:10a4e000ce009000808f50001a0032002900370003
:10a4f00000062000ce009000808f50001d0032002a
:10a5000000072000ce009000808f50001d00320018
:10a51000200037000000280001072000008fbe0047
:10a52000200037000000200061092000008fbe00dd
:10a530001c0037000000240081032000008fbe00b3
:10a540001800370000002200c1012000008fbe006b
:10a550001400370000002100e1002000008fbe0041
:10a56000100037000080200071002000008fbe0026
:10a570000c0037000040280031002000008fbe0092
:10a580000800370000202c0011002000008fbe00c2
:10a59000040037006000b8002007980031079800d9
:10a5a0001300370090db2100c1c0b30090cf100032
:10a5b0000c003a001e01be00200020000012b8006e
:10a5c0000000eb000093b900850078008680400011
:10a5d000030078000000d0008080400081027800f5
:10a5e000048fbe001e00be002007980031079800af
:10a5f0002e009000be0090000080fa0000000600cf
:10a600001000fa00000f7800110798002207980048
:10a6100033079800440798003e0090000000e000d7
:10a62000030035003e009000e30f500003003400ab
:10a630000080eb00700798004b0037004e00900040
:10a640000000e000030035004e009000e30f5000d2
:10a65000030034000080eb007007980042003700d0
:10a660007bff0700626a20000203b8000001eb00d4
:10a670000282b9000701780004014100636a2000ea
:10a680000388b90000014100820378001e007800b1
:10a690006101b9000600be00bee107005007980046
:10a6a0006bff0700626a20000203b8000001eb00a4
:10a6b0000282b9000701780004014100636a2000aa
:10a6c0000388b90000014100820378001e00900059
:10a6d0006101b9000600be00aee107006007980006
:10a6e0005e0090004800de00b1fdb7002e489000eb
:10a6f000b3fdb7006e0090004800de00b5fdb70066
:10a700004e489000b7fdb7002e0090000000e0001a
:10a7100004003200adddbf000044a000adfdb70075
:10a7200004003700adddbf00f1ceb3000140600092
:10a73000adfdb7000e489000e34060003e00900081
:10a74000630060004200dd0000c1400001cfb300a3
:10a75000adddbf0000c0600000404100adfdb700ae
:10a760000000eb00700798007e0090000080fa0067
:10a77000000006000000fa0086c0a9001fe1a80042
:10a7800021e1a9000080fa00004006000000fa0064
:10a7900020002000000988000000eb00c0088800ad
:10a7a00010002000e008880086c0a9008ec0a80024
:10a7b00021e1a8000080fa00000006000000fa0075
:10a7c00020002000f008880030e18000a008880008
:10a7d00030e180000000e800d008880086a0a900d1
:10a7e0001fe1a9008ea0a8000080fa00000006006a
:10a7f0000200fa00000f78000000eb0040e1880042
:10a800001e00780010e188000000eb0020e18800c5
:10a81000eaff0700ddff07000080fa0000000600e5
:10a820001200fa00000f7800110798002207980024
:10a8300033079800440798000000eb006007980079
:10a840009e0090002e0090000089b9003e0090000c
:10a850000000e8000280b9008000e800a014200099
:10a86000808f5000030036000080eb00000f98003e
:10a870003d0037000000eb0050079800de0090001c
:10a880001e009000808f50002c003d000000eb0067
:10a8900070079800fe0090002e009000808f5000fe
:10a8a0000d003d00ec0147009300780001007800a6
:10a8b000c4c221000401400010c0b3000049780068
:10a8c0008100e800810978007e0090000000e80027
:10a8d00070079800efff37000000eb00700798004a
:10a8e000be0090002e0090000088b9007e0190000c
:10a8f000800f51000d003d00ec01470093007800ef
:10a9000001007800c4c22100040140000040eb00b7
:10a91000004978008100e800810978007e009000fd
:10a920000000e80070079800edff37005e0090001f
:10a930000000e80050079800d0ff37006e0090003c
:10a94000c2c221008200400020c0b30080487800cd
:10a950004e02900034e188001e00780050e188002b
:10a960000001eb00020f98000e0890000080fa0032
:10a97000000006000000fa0020e180000080fa00dc
:04a9800000000600cd
:020000040000fa
:1000080078f0000078f0000078f0000078f0000048
:1000180078f0000078f0000078f0000078f0000038
:100028009040000078f0000078f0000078f00000c0
:1000380078f0000078f00000ce37000078f000007b
:1000480078f0000076420000a4420000ac2f0000c7
:1000580078f0000078f00000b048000078f0000068
:1000680078f0000078f0000078f0000078f00000e8
:1000780078f00000684b0000ba53000078f00000e8
:1000880078f0000078f0000078f0000078f00000c8
:1000980078f0000078f0000078f0000078f00000b8
:1000a80078f0000078f0000078f0000078f00000a8
:1000b80078f0000078f0000078f0000078f0000098
:1000c80078f000008a34000078f0000078f0000032
:1000d80078f0000078f0000078f0000078f0000078
:1000e80078f0000078f0000078f0000078f0000068
:0800f80078f0000078f0000030
:020000040000fa
:1001080078f0000078f0000078f0000078f0000047
:1001180078f0000078f0000078f0000078f0000037
:100128009040000078f0000078f0000078f00000bf
:1001380078f0000078f00000ce37000078f000007a
:1001480078f0000076420000a4420000ac2f0000c6
:1001580078f0000078f00000b048000078f0000067
:1001680078f0000078f0000078f0000078f00000e7
:1001780078f00000684b0000ba53000078f00000e7
:1001880078f0000078f0000078f0000078f00000c7
:1001980078f0000078f0000078f0000078f00000b7
:1001a80078f0000078f0000078f0000078f00000a7
:1001b80078f0000078f0000078f0000078f0000097
:1001c80078f000008a34000078f0000078f0000031
:1001d80078f0000078f0000078f0000078f0000077
:1001e80078f0000078f0000078f0000078f0000067
:0801f80078f0000078f000002f
:020000040000fa
:10a984000c070000574500004c4300004f4d0000e9
:10a9940045200000746f000020740000686500000a
:10a9a4002053000065720000436f00006d2000001a
:10a9b400707200006f7400006f6300006f6c000021
:10a9c400206f00006e200000652d0000507500000f
:10a9d400636b00000d0a000074680000652000002d
:10a9e40045500000464c00002065000064750000de
:10a9f40063610000746900006f6e00002072000043
:10aa04006f6200006f740000207400007970000011
:10aa1400652000002248000022200000666f00002c
:10aa240072200000686500006c7000000d0a0000d0
:10aa3400006100002c250000642c00002564000047
:10aa44002c250000640d00000a000000422c0000c8
:10aa5400256400000d000000620d00000a000000e3
:10aa6400632c0000256400000d0a0000004400006f
:10aa74002c250000642c0000256400000d0000005b
:10aa8400640d00000a000000652c0000256400002d
:10aa94002c250000640d00000a000000462c000074
:10aaa400256400000d000000660d00000a0000008f
:10aab4006720000049520000206300006865000020
:10aac400636b0000203a000020300000782500006d
:10aad400782c0000206100006464000072650000ae
:10aae40073730000203a0000203000007825000035
:10aaf400782c0000206400006174000061200000d4
:10ab04003a20000030780000257800000d0a00008b
:10ab1400000a000000220000412200002020000062
:10ab24002020000020200000202000002041000000
:10ab340063630000656c0000657200006f6d0000c7
:10ab440065740000657200000d0a00000022000018
:10ab5400422c0000232200002020000020200000be
:10ab640020200000204200006f64000079200000d3
:10ab74006c65000064200000303d00006f6600003a
:10ab840066200000313d00006f6e0000203200009e
:10ab94003d6900006e760000657200007365000078
:10aba4000d0a0000002200004322000020200000c3
:10abb400202000002020000020200000205300005e
:10abc400656c000065630000746f00007220000073
:10abd400706f000073690000746900006f6e0000fc
:10abe4000d0a000000220000442c0000232c000069
:10abf4002322000020200000202000002053000019
:10ac040065740000206d00006f7400006f72000016
:10ac1400207300007065000065640000206c000073
:10ac240065660000742c000072690000676800000b
:10ac3400740d00000a0000002245000022200000dc
:10ac44002020000020200000202000002020000000
:10ac540047650000742000006d6f0000746f0000f1
:10ac6400722000007370000065650000642000001d
:10ac74006c650000667400002c72000069670000b7
:10ac8400687400000d0a000000220000462c000039
:10ac940023220000202000002020000020200000ab
:10aca40020460000726f00006e740000206c0000eb
:10acb40065640000203000003d6f000066660000ff
:10acc400203100003d6f00006e200000323d000086
:10acd400696e00007665000072730000650d000067
:10ace4000a0000002247000022200000202000006b
:10acf40020200000202000002020000049520000f5
:10ad0400207200006563000065690000766500003c
:10ad1400720d00000a000000224800002209000011
:10ad2400202000002020000020480000656c000066
:10ad3400700d00000a0000002249000022200000db
:10ad440020200000202000002020000020200000ff
:10ad54004765000074200000636100006d65000019
:10ad6400726100002070000061720000616d0000db
:10ad740065740000657200000d0a000000220000e6
:10ad84004a2c0000232c0000232c0000232c00005c
:10ad9400232200002053000065740000206300009b
:10ada400616d0000657200006120000070610000a8
:10adb400726100006d65000074650000722000007f
:10adc4006d6f0000646500002c770000696400006a
:10add400746800002c680000656900006774000056
:10ade400682c00007a6f00006f6d000028310000ad
:10adf4002c340000206f000072200000382900006d
:10ae04000d0a0000002200004b2200002020000058
:10ae1400202000002020000020200000204300000b
:10ae2400616c0000696200007261000074650000da
:10ae340020700000726f0000786900006d690000e6
:10ae44007479000020730000656e0000736f0000c9
:10ae5400727300000d0a0000002200004c2c000058
:10ae6400232c0000232200002020000020200000ca
:10ae7400204c000065640000206e0000756d000029
:10ae840062650000722c0000303d00006f66000017
:10ae940066200000313d00006f6e0000203200008b
:10aea4003d6900006e760000657200007365000065
:10aeb4000d0a0000002200004e22000020200000a5
:10aec400202000002020000020200000205000004e
:10aed400726f0000786900006d69000074790000e9
:10aee4000d0a0000002200004f2200002020000074
:10aef400202000002020000020200000204c000022
:10af0400696700006874000020730000656e00002b
:10af1400736f0000727300000d0a0000002200002d
:10af2400502c0000232c00002322000020200000cd
:10af3400202000002053000065740000206d0000f4
:10af44006f7400006f720000207000006f730000c7
:10af540069740000696f00006e2000006c650000d9
:10af6400667400002c7200006967000068740000b9
:10af74000d0a0000002200005122000020200000e1
:10af84002020000020200000202000002047000096
:10af940065740000206d00006f7400006f72000083
:10afa400207000006f73000069740000696f000076
:10afb4006e2000006c650000667400002c720000b6
:10afc40069670000687400000d0a00000022000098
:10afd4005222000020200000202000002020000039
:10afe40020200000205200006573000065740000fa
:10aff400206500002d700000756300006b0d0000db
:10b004000a0000002253000022200000202000003b
:10b0140020200000202000002020000053740000a5
:10b024006f700000206500002d7000007563000043
:10b034006b200000616e0000642000007475000045
:10b04400726e0000206f000066660000206c000035
:10b0540065640000730d00000a0000002254000023
:10b064002c230000222000002020000020200000cb
:10b0740020200000506c0000617900002073000063
:10b084006f7500006e640000203100002d35000053
:10b09400206500006c7300006520000073740000dc
:10b0a4006f700000207300006f7500006e64000074
:10b0b4000d0a00000022000055220000202000009c
:10b0c4002020000020200000202000002047000055
:10b0d40065740000206d000069630000726f000059
:10b0e400706800006f6e000065200000616d000054
:10b0f400706c00006974000075640000650d000048
:10b104000a00000022560000222000002020000037
:10b1140020200000202000002020000056650000b0
:10b1240072730000696f00006e2000006f660000fb
:10b134002053000065720000436f00006d0d000095
:10b144000a000000692c0000256400002c25000082
:10b15400642c0000256400002c250000642c0000f1
:10b16400256400000d0a0000004a00002c250000a0
:10b17400642c0000256400002c250000642c0000d1
:10b18400256400000d0000006a0d00000a000000a4
:10b194006b2c0000205300007461000072740000e6
:10b1a400696e000067200000636100006c690000a4
:10b1b4006272000061740000696f00006e2000007c
:10b1c4002d200000526500006d6f000076650000c0
:10b1d400206100006e790000206f0000626a0000a8
:10b1e4006563000074200000696e00002073000095
:10b1f400656e0000736f000072730000207200001f
:10b20400616e0000676500000d0a0000006b00001d
:10b214002c200000436100006c6900006272000091
:10b2240061740000696f00006e2000006669000010
:10b234006e69000073680000656400000d0a000078
:10b24400004c00002c250000642c00002564000044
:10b254000d0000006c0d00000a0000006d2c0000c1
:10b26400302c0000302c0000300d00000a000000db
:10b274006e2c0000256400002c250000642c0000c6
:10b28400256400002c250000642c000025640000c7
:10b294002c250000642c0000256400002c250000ef
:10b2a400640d00000a0000006f2c000025640000fb
:10b2b4002c250000642c0000256400002c250000cf
:10b2c400642c0000256400002c250000642c000080
:10b2d400256400002c250000640d00000a00000015
:10b2e400502c0000256400002c250000640d000093
:10b2f400007000000d0a0000007100002c25000001
:10b30400642c0000256400000d0a00000072000097
:10b314000d0a0000007300000d0a00000054000034
:10b324002c25000064000000740d00000a000000d9
:10b33400752c0000256400002c250000642c0000fe
:10b34400256400000d0a0000007600002c56000061
:10b3540065720000736900006f6e00002031000008
:10b364002e3100002e3300002053000065700000d1
:10b37400746500006d6200006572000020320000f8
:10b3840030300000360d00000a0000007a2c000066
:10b39400436f00006d6d0000616e000064200000ca
:10b3a4006e6f000074200000666f0000756e000070
:08b3b400640d00000a00000016
:020000040000fa
:10b3bc0006000000260000001f0000001200000024
:10b3cc0027000000180000001c0000002d000000e9
:10b3dc0041000000fd000000e5000000320100000b
:10b3ec008b0200001e0200004400000024ff00003d
:10b3fc00b8fe0000bdfe00003dff000027ff00006e
:10b40c003dfe000026fe00009efc0000dcf9000062
:10b41c003bfe0000c908000044100000d60e0000de
:10b42c009405000033fb00005ff600008ff700006e
:10b43c008afa00008afb0000a3fa0000a1fb0000be
:10b44c0021010000e7080000a60d00001a0c000006
:10b45c00bb03000046fb0000a9f80000d3f9000074
:10b46c0037fd00004aff00005afe0000c3fd00003b
:10b47c00d6ff0000f90300002c060000d8010000e4
:10b48c00d0f8000029f80000cf030000ff0f0000e7
:10b49c007f110000d406000014f9000088f20000af
:10b4ac00ddf5000006fd00007a0000009ffd0000a5
:10b4bc0059fa000033fd000016060000d30d000001
:10b4cc00b20d0000ec04000025f9000007f50000a7
:10b4dc009bf8000020ff0000150300000001000095
:10b4ec00adfd0000e6fd0000a702000027070000ec
:10b4fc008703000013f7000027f100003dfd00005a
:10b50c00bd100000b41900009e100000f7fd0000f3
:10b51c00c3f00000d8f000003ff900003bff000032
:10b52c00b2fc000016f7000030f80000c601000065
:10b53c00a20d0000211300003a0d0000a50100002f
:10b54c00acf8000082f5000006f9000051fd000087
:10b55c0048fd000002fb0000f7fa0000c9ff0000e4
:10b56c00d70600002e0700001afd00004bf6000065
:10b57c002dff0000980f0000d21600009b0d00005c
:10b58c00a4fb000013ef0000a5ef00005ff8000023
:10b59c0010ff00009efd000076f900007dfa00000f
:10b5ac0021010000390b0000b11200005010000006
:10b5bc001006000049fa0000bbf20000edf3000099
:10b5cc0083f9000095fc000066fc0000c6fb00003f
:10b5dc0015ff00003005000078040000befc0000e0
:10b5ec0022fb00003006000051130000be130000c7
:10b5fc00bf050000a0f40000beec0000cbf0000082
:10b60c003bf9000017fd00004ffa000009f900009b
:10b61c007cfc00008e030000790d0000db120000a2
:10b62c00470e0000c7010000c8f40000b1ef000095
:10b63c00e5f300002cfa000026fc00001dfb0000c6
:10b64c00d7fa00005e00000017060000d4010000cd
:10b65c0011fa0000f6fc0000120c00003617000076
:10b66c009511000010ff000067ee0000e5ea0000f5
:10b67c005ef200002afb000032fc0000abf8000078
:10b68c0087f900007bfe00002708000098130000db
:10b69c0000160000000d0000c8fd00004cf000007a
:10b6ac0057ed0000c0f30000e1f90000cffb0000f3
:10b6bc0077fa000065fc00001d04000098060000ed
:10b6cc00ea00000094fd000044070000b4140000e0
:10b6dc008d1400003204000080f0000075e80000ba
:10b6ec0049ee00001df90000defd00009afa000092
:10b6fc00f2f9000009fe0000ec0400007a0f0000d3
:10b70c007c1500000d1200004c050000ebf400004d
:10b71c00d3eb00000fef000015f70000e4fb000076
:10b72c00d8fb0000d8fa00008d0100005c07000077
:10b73c0079050000ef010000450600006b110000c8
:10b74c00d1130000d40600006df3000041e90000a5
:10b75c0040ed00005df8000088ff000070fd000067
:10b76c004bfc00005eff0000fe020000f10900002f
:10b77c00dc110000fa1500000a0f0000d5fd0000d6
:10b78c0021ee00002aeb0000e7f2000006fb0000af
:10b79c00a4fd0000dffa000071fe00009805000017
:10b7ac00cc0800008a0a0000b80b0000f50e00005f
:10b7bc00d40d0000020300002af400008cec000001
:10b7cc009fef000020f8000077ff0000feff000054
:10b7dc0050010000ca030000ee010000100200003e
:10b7ec00e7090000ab160000bd180000ff080000c0
:10b7fc00daf20000b5e7000046ed00000df900009c
:10b80c00a0ff00002cfc000085fa0000860100005f
:10b81c0060080000780f0000d9120000e81000004a
:10b82c00ae0a0000bffe0000daf2000031ee0000ac
:10b83c0047f2000040f8000091fd0000f3fe00000c
:10b84c00c8020000890800009405000028000000d0
:10b85c00bf0100003a0f0000181a0000db110000b5
:10b86c000cfb00008ee800002ae800005ff40000ea
:10b87c00deff00009bff0000bcfa000037fe00005a
:10b88c00fe030000eb0a0000d31000003c13000084
:10b89c00ea1000000c05000059f5000042ec000015
:10b8ac000fef000001f60000c1fb000026fc0000b9
:10b8bc00d9fd000011060000b908000011080000b5
:10b8cc0034070000850a000086100000630c00009d
:10b8dc00c9fc00000aed0000cee90000bef100003a
:10b8ec00fdfc0000530100005cff000001020000a1
:10b8fc00af02000067020000190700002d0f0000c6
:10b90c00e31500001c0f000057fc0000eceb0000de
:10b91c00c0e9000065f2000030fb00001dfd0000d6
:10b92c0016fa0000c4ff00004f07000038090000a1
:10b93c00070b0000a90b0000e90d0000950b00009f
:10b94c0065ff0000ebf00000ffea000058ef00007c
:10b95c00c1f7000087fe0000b8fe00005d02000089
:10b96c00b70600000a040000f702000059060000a8
:10b97c00ca0f0000251400003c0800002ff4000042
:10b98c0050e80000d7eb0000a7f60000a7fe00006f
:10b99c0024fd000006fc0000230300002306000029
:10b9ac00430700009d090000110e0000b6110000b5
:10b9bc004c09000040f800004deb000001eb0000ca
:10b9cc00c6f2000032fb000078fd000085fd00008f
:10b9dc00d4040000ff07000041070000cf0800005e
:10b9ec000e0b0000f60e00007a0a0000b5fb0000fa
:10b9fc00d3ed0000e9ea0000fff1000027fb000096
:10ba0c0001000000b6fe00002d0300000807000036
:10ba1c0058030000dc020000870700005f110000e3
:10ba2c001014000081060000f5f20000ade80000e3
:10ba3c00eeec00008bf70000f8fe000096fd000015
:10ba4c00f4fd0000c7050000d1070000e20700006c
:10ba5c0046090000900c000027100000c1080000ef
:10ba6c0011f900009eec0000d1eb0000c4f30000c3
:10ba7c0047fd0000d1000000d4ff0000300500009d
:10ba8c001807000097040000a605000089080000b4
:10ba9c00ab0e0000810e00005902000019f30000eb
:10baac0026ec00008ff00000f5f900008200000089
:10babc00fefe0000deff00003c0500001a04000042
:10bacc002c030000bf060000330e00008913000099
:10badc00fb0b0000cffa0000e0ec000072eb000062
:10baec00c3f3000016fd00008dff00005ffd000099
:10bafc00af020000d60700002f060000e60500008c
:10bb0c0039080000e00c0000640d0000da030000ae
:10bb1c00daf50000dfed0000b3f0000038f90000aa
:10bb2c001d000000fffe00002afd00004102000085
:10bb3c009d0300000a030000eb060000b70b000099
:10bb4c001f0f0000fb0b000066ff0000baf20000a4
:10bb5c0083ef00006cf40000c2fa0000a5fc0000aa
:10bb6c007bf900003bfc00008a05000096060000f3
:10bb7c00c403000037060000310c00006d100000fb
:10bb8c00c00a0000b8fb000080ef000016ee0000b9
:10bb9c00e0f4000092fb00004cfc0000f1f8000007
:10bbac00b2fd0000c50700004c0700000a030000ae
:10bbbc0077040000540b00007d100000cc0900003d
:10bbcc00cbfa0000f9ef000099ef00001df6000021
:10bbdc0040fb000068fa00005af700008afd0000e4
:10bbec002e0800005808000017040000b1040000e3
:10bbfc00440a0000750e0000220900002dfc000014
:10bc0c0072f10000e1ef00005bf50000ccfa0000df
:10bc1c00a4fb00007df90000e6fe0000d90700003f
:10bc2c00e50600005602000080030000c909000070
:10bc3c00f30d0000dc09000001ff000081f500009d
:10bc4c000df2000028f40000a3f80000ccfa00006c
:10bc5c00b5f90000aefd000075060000e606000018
:10bc6c0065010000c50100003d0a00003d11000007
:10bc7c00bd0e0000e901000093f4000077ef000016
:10bc8c0062f200005ef8000069fa0000f9f80000aa
:10bc9c00ccfb00002d070000240d000088060000de
:10bcac001b010000a7030000ba0800001d0c0000d7
:10bcbc00650700009bfb00005ef20000def0000058
:10bccc0054f7000074fe000031ff000046fb00003a
:10bcdc006afe0000c0040000ec02000087ff0000b8
:10bcec0082040000090e0000aa120000530e00008e
:10bcfc00a5000000e8f3000011ef0000e6f10000e1
:10bd0c00a7f7000032fa000003fa0000a0fe0000c2
:10bd1c00450a0000f90c0000de02000024fd0000c2
:10bd2c0040040000490e0000da1000006e0800000c
:10bd3c00f7f90000d3f00000a0f00000f5f60000c9
:10bd4c00dafc000072fd0000c0fb00005401000092
:10bd5c00c50a0000180800004afe000030fd000073
:10bd6c0026070000de1000009d11000029070000ce
:10bd7c00a1f800007bf0000003f20000d2f80000f4
:10bd8c00c1fb0000faf90000f6f900007f04000086
:10bd9c00cb0e0000f6080000b9fd000063fe0000a9
:10bdac00ec080000f40e0000510c000074020000be
:10bdbc00cef70000d6f200000bf5000088fa000068
:10bdcc00c6fb0000bbf9000037fa00002905000093
:10bddc001a0e000084050000f1f9000087fd000038
:10bdec00c30c00001e150000580f00000d000000d1
:10bdfc00d0f2000083ef000057f40000c2fa0000fc
:10be0c0009fb000091f80000e6fa0000e5070000cd
:10be1c0037110000e205000067f60000eef80000a4
:10be2c00740b00009a170000b6110000ecff000024
:10be3c0001f10000d2ee00004af500006efb00009c
:10be4c00fff9000037f6000076f900006c080000de
:10be5c0045140000eb08000002f50000aaf30000f6
:10be6c0002070000d91600003a130000f801000088
:10be7c00baf20000dcf00000c8f70000edfc000096
:10be8c00f1f90000e2f3000013f50000520300008a
:10be9c00e1120000550c00006af700001ff20000d0
:10beac00180500005819000054180000b0040000d8
:10bebc0047f0000036eb0000f0f30000bdfd000081
:10becc003bfe00006ff600008bf300005afe0000f2
:10bedc00171200006d140000b0fd000037ec0000dc
:10beec0004f7000036110000ac1b00007d0f0000b1
:10befc0005fa0000dced0000a2f200000afd0000d3
:10bf0c00b3ff000072f600000dee0000fcf3000021
:10bf1c002f090000601a0000750d0000e5f100000b
:10bf2c00c6eb0000d1030000491c0000ba19000048
:10bf3c003403000013ef00003fee000020fb000074
:10bf4c002d03000042fc000031ee00006eec0000fe
:10bf5c006cfd000099160000e01a00009cfe000029
:10bf6c0031e5000013ee0000bd100000e2240000db
:10bf7c009b160000d5f9000006ea000096f10000bf
:10bf8c00290100005e030000dbf4000075e70000ef
:10bf9c00b6ee0000be070000881e0000ce160000a2
:10bfac0016f300004ddf000070f40000e01a0000f2
:10bfbc0031260000b50d000023f00000d2ea00008d
:10bfcc00cffc0000ed0a0000ac0100009cea000070
:10bfdc0069e00000dcf10000bf0f000069200000e8
:10bfec002f100000afea0000cfdc0000fdf90000cc
:10bffc0019230000402b00007d0c0000afea00006c
:10c00c00f3e8000021020000201100009100000064
:10c01c00bae20000edd9000022f400004018000044
:10c02c0038250000220e0000e2e5000034d90000a3
:10c03c003bf900000a2500008c2d00008a0d000041
:10c04c008aeb000082eb0000da050000f812000019
:10c05c00e7fe000075df00004fd800008cf40000f4
:10c06c007d180000ae220000420d00004ce90000db
:10c07c0097db00001ff7000094200000f22c00005a
:10c08c003112000044f0000072eb00003a03000093
:10c09c005b130000e902000015e30000c8d80000a3
:10c0ac00b9f1000099150000611f0000e00a0000c2
:10c0bc0086ef00008ce2000050ee00007f0a0000ca
:10c0cc0093200000261f00008d0c000032fe0000a3
:10c0dc0097000000bc070000afff0000f0e8000074
:10c0ec001cda0000b2e5000039030000e61700007e
:10c0fc001a140000f803000004f5000015ef00000e
:10c10c0087f90000760d00008b1800004d1100001f
:10c11c00bc0100006dfc0000110600004c0c00007e
:10c12c00acff000061e900000fe000008ced0000a6
:10c13c0045050000c71100005b0c000090ff0000db
:10c14c0042f300005cef000073fc0000a91000003b
:10c15c00f9190000c01300008c080000d604000080
:10c16c00f40500001b00000070f000003de2000030
:10c17c0057e4000095f60000260a00002d10000080
:10c18c00550900000501000046f80000acf2000063
:10c19c0099f900007b0b00005119000010160000eb
:10c1ac003008000031000000b70200000903000055
:10c1bc00cbf7000005e90000e9e4000043f10000c2
:10c1cc0051040000d60d0000fd090000b3fd000075
:10c1dc0030f10000d0f2000021060000961800009b
:10c1ec00d7170000c8070000b6fb0000cc00000009
:10c1fc00de0b000089080000def4000081e4000082
:10c20c00a5e9000032fd0000140a0000f60500004c
:10c21c002efb000080f80000b7fa00008afa00003c
:10c22c00f8fc000077080000d2130000dd110000bc
:10c23c00d9060000750100002f070000070b000055
:10c24c004b0100004af0000098e800007cf100006f
:10c25c00e2fe000049020000cafc000017fb0000cf
:10c26c007b0100000e03000058f800009cf1000058
:10c27c00c5000000ed170000e31a0000240a0000be
:10c28c005cfb0000c3fc000052080000440b0000e3
:10c29c00d8fd0000d5ec000022ea000063f7000096
:10c2ac0019060000f50600008bfc000048f50000a4
:10c2bc00fef50000faf900007aff00007509000095
:10c2cc00de1200008211000097060000f3ff000050
:10c2dc0041020000d902000036fb000055f20000bc
:10c2ec00c9f200000afe0000ed080000d6070000ad
:10c2fc00dbfd000056f3000057f0000071fa00005f
:10c30c00c40900004f0e00000e0600007aff00006a
:10c31c009a030000970b0000d609000011fb0000e7
:10c32c00e8ec00000bee0000f4fb00002d0900000f
:10c33c00c80b0000fa0500006aff000026f8000098
:10c34c0065f20000dcf70000b906000046120000a0
:10c35c00f91100005d090000b9030000de020000c5
:10c36c00befe000081f30000c2e70000a7e700005a
:10c37c0080f6000001090000f60f0000230a0000ff
:10c38c00a101000075f80000e9f20000edf90000d1
:10c39c00c60b00006a190000e4150000f707000046
:10c3ac002b000000c6020000f20200008ff7000014
:10c3bc00d8e80000fde400008ef1000091040000bc
:10c3cc00de0d0000da09000078fd000012f100001b
:10c3dc0000f3000080060000be180000ab17000040
:10c3ec0082070000a2fb0000ff000000f40b00001d
:10c3fc005808000086f400005fe40000e7e9000044
:10c40c007dfd0000250a0000d10500000cfb00009a
:10c41c0089f80000bafa000085fa000017fd000048
:10c42c00b0080000e8130000b8110000ae060000d0
:10c43c007a0100004e070000000b0000080100000c
:10c44c000cf00000a2e80000adf100002dff000090
:10c45c00ea020000eafc0000dcf90000b9ff000071
:10c46c004f0200007df90000d8f300002d020000ff
:10c47c00f016000018180000a50800005dfd000073
:10c48c004b000000730900003e09000069fc00002d
:10c49c0083ef000051ef00002ef90000bf000000f8
:10c4ac000cfe00001ef70000dff700008afe000003
:10c4bc0023ff0000cff900009bfd00007e0c000064
:10c4cc00851400008e0b000051ff0000a1fe00003f
:10c4dc00650500002b0900005c05000036fd00001e
:10c4ec001df9000022fb000029fc0000d2f700001f
:10c4fc00b1f10000caf1000066fb0000dd04000091
:10c50c00c8000000ddf60000b8fc0000af0e000013
:10c51c000a1400007805000041f3000054f40000f8
:10c52c00320a0000a6190000e310000047fd0000cd
:10c53c005ff60000bfff0000880600001ffb000034
:10c54c00a3e7000009e300008cf50000980b000045
:10c55c006c0d00000bfe000086f2000024f80000b9
:10c56c00520900006d100000ce00000089f200009e
:10c57c0028fa0000010e0000441900008910000088
:10c58c006601000079fe00004d0500008d050000dd
:10c59c000ef90000a9e9000072e60000c6f30000e5
:10c5ac007103000056070000b000000032f90000d3
:10c5bc0095fa000090010000130800008c050000a3
:10c5cc0090fa000029f7000027000000680f000017
:10c5dc004c150000100e00004e04000094000000ea
:10c5ec00e1040000f0070000670000000af1000001
:10c5fc00c7e8000091ef0000d1fc0000f002000041
:10c60c00a5fe000037f900004bfa000055ff0000b2
:10c61c00fe0100005c03000061020000ccff000082
:10c62c00090000005c0300000d08000086090000f2
:10c63c00e0080000bb0500006a02000007040000cf
:10c64c00de060000740400005afe0000bcf9000075
:10c65c0025f800008af70000dbf5000059f4000013
:10c66c001cfa0000420500001e06000005f900003f
:10c67c0044f0000025fd0000e30c00005a0a000005
:10c68c00c7f80000d5f400007008000091110000fc
:10c69c0038060000f6fc0000d90000005708000026
:10c6ac000c0a0000c905000021030000030400006f
:10c6bc004102000030fd000041f90000d2f50000fd
:10c6cc0028f4000095f8000073fb000087fa0000c6
:10c6dc0019fa00003ffb00000fff00005f03000091
:10c6ec00d006000036020000c1f700004dfa000031
:10c6fc007f0800000f0c0000ab020000ee000000f1
:10c70c00510a0000c90d0000b3080000c10100006f
:10c71c00eefe00004e00000054ff0000fcfb000089
:10c72c0055fc00005f0000004aff000035fa0000d5
:10c73c00f7f60000f8f7000060fc0000e5fc0000d4
:10c74c00c9fd00003400000038f9000030f700008b
:10c75c00ca00000098030000ea050000b5090000bb
:10c76c00910000005dfb00004e060000cd0d0000a6
:10c77c004e060000f7fa000082f900007b02000070
:10c78c007209000004040000b7fc0000f4ff000074
:10c79c00790500002d010000e4f8000004f9000008
:10c7ac000fff000067ff000097fa00009df90000e2
:10c7bc0021fc0000aefd0000a9ff0000c801000034
:10c7cc0041ff0000fafb000000fd0000f8ff000034
:10c7dc00f40300007b040000c3ff00001302000000
:10c7ec002a0800000f0800003e070000800100002e
:10c7fc0077fb000057000000f00400005bfd000018
:10c80c000cf80000aafe00000d02000031fe000032
:10c81c00dbf90000d0f90000c0fd0000b9fe0000fb
:10c82c00bcfe000084fe000005f900004bfa00007d
:10c83c00ac020000d2020000700400004d080000a1
:10c84c00ed000000b9fc000075050000ac0b000009
:10c85c00f6040000e0f9000004f80000f00100000c
:10c86c0036090000f5010000e1f9000093ff00001b
:10c87c007d070000f50100003bf800002afc0000d9
:10c88c009d050000e00100004ff9000078f9000060
:10c89c00fafd000029ff00000100000095ff0000d8
:10c8ac00eaf70000b5f80000930300003e03000017
:10c8bc0094fd000039fd0000dbfd000020030000aa
:10c8cc00950300002f0100001007000093000000ea
:10c8dc00daf50000b2020000fd0e000020fd0000a1
:10c8ec0022ef000023fd0000ee090000ab07000062
:10c8fc004900000026fd0000600000005e030000ff
:10c90c0031ff0000defb000065000000ff000000ae
:10c91c005bfe000097fe00001bff00000a010000f8
:10c92c00470000006cfb0000c0fb0000d9000000b9
:10c93c00eb010000cffe0000d2fd0000e102000080
:10c94c0093030000affd00006cfa000050ff0000e4
:10c95c008306000074020000eefd0000ccff000016
:10c96c008e0000004101000033ff0000c8fb0000f6
:10c97c0069010000ab0600009efe00003dfc0000bb
:10c98c0048060000190a000026fe00004af40000c8
:10c99c00e1fd0000230b0000a6030000b0f5000031
:10c9ac001ffd0000100700006e03000058ff000080
:10c9bc0020ff000017fe0000170000002c050000ef
:10c9cc003504000088ff000016fd000063fe000027
:10c9dc00ac0100003c0000001efe00005dff0000ea
:10c9ec006d000000c10100001b010000ac00000044
:10c9fc006d0200002601000089fe0000fdfe000013
:10ca0c0019ff0000bcff0000fc0200002600000023
:10ca1c0088fc000048010000ae0400006700000024
:10ca2c00fafd0000d3000000980100001700000080
:10ca3c00fcfb0000a0fe0000be070000410300004c
:10ca4c0077f7000041fb000063070000ff040000c3
:10ca5c0002fc000067ff00002b03000050000000e8
:10ca6c00fafd00000afe000073010000f700000050
:10ca7c0016fe0000aefe00005ffd0000f2fc0000a0
:10ca8c00550300000005000085fe00004afd000073
:10ca9c00b70100000802000067ff00003c00000026
:10caac005700000046fd000090fd000053010000ff
:10cabc00b402000037fe0000dffc0000a001000003
:10cacc004e0200008afe00007ffd00001c020000e8
:10cadc0090030000d5fc00003efb0000ce010000de
:10caec005005000097000000e6fa00003efd000033
:10cafc0027010000610300009203000073ff000097
:10cb0c0026fb000065fd0000dd0300007f04000033
:10cb1c002dfe000010fc000009000000bdff00000d
:10cb2c0088ff00009fff0000f6ff000019010000c5
:10cb3c0002000000a9fd00002cfe00002a020000eb
:10cb4c009a0100006efe00002bfe000052ff000058
:10cb5c00abff00007fff000082ff000044000000dc
:10cb6c004101000002010000a6fc000094fd000041
:10cb7c00e30300000902000091fb0000fef9000035
:10cb8c0045fd0000fd010000db0200000900000073
:10cb9c0058ff000036000000a40100005f010000f7
:10cbac00d8ff0000bffc00002dfc00004cfd000075
:10cbbc0069fd000015020000ab000000d9fc00006c
:10cbcc0077010000c304000054020000a8fe00001e
:10cbdc004cfc0000e2fc00009d0000001a0000006c
:10cbec0053fe0000aa000000f300000095010000b5
:10cbfc00ae0100004bfc00004bfc000000030000e9
:10cc0c00ae010000e5fe0000e5fe000030fc000077
:10cc1c00e9fe0000c50300003b010000dbfb000047
:10cc2c0098fc00005202000042040000a9ff000022
:10cc3c00c7fd00001c0200001402000075fd00007e
:10cc4c0024ff000069030000d700000075fc000001
:10cc5c0057fd000078ff0000ea00000034020000dd
:10cc6c00dc000000020000004e000000d1000000bb
:10cc7c0036010000c4fe000062fd000024fe00002e
:10cc8c00be00000017030000380200001d00000069
:10cc9c001dfd0000b3fe00005202000077010000f1
:10ccac0081fe0000b3fe000054020000b902000037
:10ccbc004bff0000c8fd00004d0100006e0300009a
:10cccc002dff00007ffc0000f5fe00006401000059
:10ccdc007300000066ff0000a30100007d0200004d
:10ccec0006ff00003bfd000048020000b8030000f6
:10ccfc00c7fd00000cfc00006ffe0000aefe000043
:10cd0c001afe000005ff00003b000000430200007b
:10cd1c003d030000520200005e020000d70100003b
:10cd2c001f00000092fe0000a8fe000064fe000040
:10cd3c002afd0000f9fe0000ef00000078ff000063
:10cd4c00fbfe000048010000f3010000540000004d
:10cd5c009c00000072000000bafd000099ff00006a
:10cd6c009f020000b3000000fcfd000058ff000013
:10cd7c006601000097fe000011fd0000ddff0000c1
:10cd8c005302000036000000fcfc000045000000cf
:10cd9c009a0400006f020000ecfd000030fd000062
:10cdac00790100008a02000041fd000071fd0000c5
:10cdbc00b4020000110200002dfe000073fe000002
:10cdcc00f90100006c0200001aff0000e7ff0000f0
:10cddc001c02000054ff000099fd00003801000007
:10cdec005c02000009fe0000ccfc00007301000096
:10cdfc00c40300009eff00006dfd0000e701000071
:10ce0c00dd030000dcfc00009cf90000d3000000f6
:10ce1c005c0400002fff0000b1fd00003403000093
:10ce2c00d2040000a1ff000095fc0000edff000003
:10ce3c000a02000033fe000000fc00003c00000071
:10ce4c00a5020000e7ff0000befe000039ff000055
:10ce5c003aff000000010000890100005bff0000a8
:10ce6c001aff000072000000e5000000c8ff00007f
:10ce7c0086fe000023ff00005d000000f6ff0000ae
:10ce8c00a0fe0000c9ff0000f50000000e0100002c
:10ce9c00ed00000012ff0000e5fe00004f00000056
:10ceac00410000007e0000007500000033fe000011
:10cebc0091fe00005d0000004cff0000abfe000086
:10cecc0066000000210100007cff000054000000ff
:10cedc0004020000b200000097fe00000cfe0000ef
:10ceec00ccff000097ff000026fe000045ff00006d
:10cefc00ba00000076ff0000effd0000f801000012
:10cf0c0077040000f4ff0000ddfd0000b800000015
:10cf1c004b02000098ff0000d9fc000093fe0000bb
:10cf2c00540000009dff00001bfe00001aff0000d3
:10cf3c006c0200006d0200002b00000051ff00008d
:10cf4c0082000000a600000010fe000034fe00006d
:10cf5c008c00000042ff0000e1fd0000faff000021
:10cf6c007d01000083000000a8fe000005ff00000a
:10cf7c00340100001a0100007aff000037ff0000a6
:10cf8c0075000000f200000004ff0000b7fd000077
:10cf9c006eff00009f00000040000000c4ff000076
:10cfac00e5fe000047000000280200000a00000017
:10cfbc00ecfd0000a6ff00008901000061000000ec
:10cfcc0037ff000096ff00002d000000430000001a
:10cfdc00daff00000e000000fbff00007cff0000e9
:10cfec002800000033010000f4000000a8ff00003e
:10cffc003fff00005f0000008700000080ff000082
:10d00c007aff0000de0000001901000091ff000013
:10d01c00defe0000a4ff0000840000001f000000e2
:10d02c0017ff0000d7ff0000f4010000b30100005f
:10d03c0054ff00001d000000670200006f0100009b
:10d04c004fff0000fafe0000180100003202000041
:10d05c008dff00000cfe0000af000000ea01000094
:10d06c006dff000021fe0000780000005702000058
:10d07c007a000000a3fe0000720000009c02000079
:10d08c000b0100001dff00009b0000004702000088
:10d09c0089000000c4fe000059000000b901000026
:10d0ac00ac00000004ff000001000000350200008d
:10d0bc000b010000e5fe000054000000b20100006e
:10d0cc0022000000f5fe000098ff00001601000091
:10d0dc000f0000007cfe000065000000eb0100006a
:10d0ec000f000000c9fe00006400000001020000f7
:10d0fc000301000097fe000046ff00009d010000a8
:10d10c00d2000000f5fe000052ff00000e010000ee
:10d11c0056010000f2fe00004afe0000e300000091
:10d12c00080100008cfe000087fe00004e0000008d
:10d13c007b0000003cff0000dafe00007e000000d7
:10d14c003201000052ff000006ff0000c700000083
:10d15c00f9000000a5ff00001eff00000f000000fa
:10d16c00b0000000120000002dff0000ceff0000f8
:10d17c00060100007d00000069ff0000f0ff0000c8
:10d18c00b3000000490000005fff000021ff000019
:10d19c00550000006200000035ff0000caff0000cf
:10d1ac00ed0000004800000075ff000015000000b5
:10d1bc0015010000ce00000043ff000075ff0000c9
:10d1cc00fe0000009200000079ff0000acff0000a0
:10d1dc00af000000e800000058ff0000ccfe00008b
:10d1ec0099000000b6000000d0fe0000ecfe00002c
:10d1fc0030000000f6ff000019ff000019ff0000ce
:10d20c005f0000009e000000e7fe000026ff00000b
:10d21c00c60000005d00000052ff000058ff000037
:10d22c00e3ff00001b000000bbff00004bff0000f1
:10d23c00a5ff0000340000001b000000ceff000022
:10d24c0096ff0000e2ff000078000000bcff000029
:10d25c00a5fe000092ff0000cb000000fdff0000c7
:10d26c00fefe0000b6ff0000a80000005d000000fc
:10d27c0090ff0000a1ff0000960000007900000064
:10d28c00c1ff0000d8ff00003f000000ac00000010
:10d29c0054000000baff000022000000cb00000088
:10d2ac000f0000007eff0000610000008200000003
:10d2bc00fbff0000d5ff0000eaff00003b00000070
:10d2cc00f3ff000081ff00003c000000af000000f5
:10d2dc002b0000000c000000530000007d0000003b
:10d2ec0018000000b7ff00001500000054000000fb
:10d2fc00d0ff0000a0ff00004400000075000000fb
:10d30c0016000000dbff00003d000000be00000026
:10d31c005d000000ceff0000ceff00005a000000b0
:10d32c0091000000f0ff000075ff0000dfff00001f
:10d33c005b000000070000009bff0000daff00000c
:10d34c005a00000037000000d3ff0000f3ff00007c
:10d35c001d0000002c0000000c000000d9ff000094
:10d36c000500000045000000510000000300000013
:10d37c00100000006a000000610000001f000000a7
:10d38c00deff00001b00000051000000efff00005a
:10d39c00d1ff00003e0000005c000000fdff00001b
:10d3ac00d5ff0000380000006d00000020000000d8
:10d3bc00dbff00000900000007000000cfff0000a9
:10d3cc00e9ff0000feff000012000000ffff00005c
:10d3dc00deff0000080000001a000000ecff000057
:10d3ec00fbff00005400000047000000e6ff0000b7
:10d3fc00e1ff00004a00000059000000e6ff0000b9
:10d40c00caff00004e00000080000000f9ff000081
:10d41c00e1ff000043000000560000000200000085
:10d42c00bfff00000f0000003e000000f9ff0000ed
:10d43c00caff0000f3ff00002c00000004000000f5
:10d44c00d5ff0000e8ff00001500000020000000e0
:10d45c00e5ff0000d2ff00000500000011000000f5
:10d46c00dfff0000c7ff0000efff00000c00000012
:10d47c00e1ff0000c3ff0000eeff0000040000000d
:10d48c00d8ff0000c9ff0000e5ff0000feff000010
:10d49c00e5ff0000c5ff0000dcff0000eeff000010
:10d4ac00deff0000d0ff0000d8ff0000e8ff000006
:10d4bc0002000000edff0000daff0000d8ff0000c2
:10d4cc00a4ff000095ff0000b4ff0000b3ff0000b4
:10d4dc00c1ff000093ff0000cfff000063ff0000be
:10d4ec0065ff000032000000b50100005e01000085
:10d4fc0034fc000051fb000024040000e302000097
:10d50c0002f9000019030000d0f6000010fa000028
:10d51c0083120000e9fb0000b8fa00006d05000062
:10d52c0000f50000d201000046170000470a000079
:10d53c0008dd0000d4f50000151f000086ef000088
:10d54c0092f80000b00d00002cf60000f90300006a
:10d55c007804000040090000b1f80000b3e90000b5
:10d56c0094140000c207000081eb00006901000068
:10d57c0066130000a8fc0000e8f700004b07000051
:10d58c0016f400000dfa0000c30c00002afa00008b
:10d59c00fdfd00005c0200004d0300005a0100007c
:10d5ac0059f90000ca000000c4ff00002a00000066
:10d5bc00990100007e050000e6fe00001f16000029
:10d5cc00da0a0000fed10000e80900006d18000026
:10d5dc006fe100009ffe0000990e0000fafd0000b4
:10d5ec00890500008df3000038ef0000111e0000cb
:10d5fc00990800009df40000860c0000240a00002d
:10d60c00170d000064fa00003dee000012f200005d
:10d61c0036030000600b00002bf60000d70300005f
:10d62c00b90a00000f010000cffe000051fc000001
:10d63c00bcfe00000bfa0000f5010000a007000082
:10d64c00c4f30000990500005a0c0000cdf700004f
:10d65c0081120000800000000ae00000de000000e3
:10d66c004909000054f90000c3ff00004cff000002
:10d67c00690a0000a20c00002df2000089fb0000da
:10d68c00600a0000420100006efb00007202000004
:10d69c00ba2000001e1b0000c2cc0000c5e2000036
:10d6ac0023200000a4ef0000bbf40000ba0d000022
:10d6bc00a6010000bbf9000057f40000630700004e
:10d6cc00af0e0000e70700007cfb0000fd0500002a
:10d6dc00c213000027090000d3fe00003eeb00003f
:10d6ec0036f00000b80400000500000044fa000009
:10d6fc00210100007f010000a4fc000005f20000e5
:10d70c0084010000671d000074020000c8f10000d5
:10d71c00bf010000aafd0000c7fb00000a010000c9
:10d72c0027060000b10a0000f4f7000076f20000b2
:10d73c004bff000028f90000dffa000019fd000083
:10d74c00fbfe0000ca04000024fa00007004000074
:10d75c0089060000f201000008110000e0f500004d
:10d76c00b5ff00000e1b0000f0fc000023f90000c8
:10d77c00cdf700006dec00008dfc000050030000a4
:10d78c00dbf90000e5fd0000fa04000036f90000aa
:10d79c0080010000850a0000fdfc0000fb08000071
:10d7ac000a07000066f5000061ff0000b1010000ef
:10d7bc006efb00005d0a000033020000d8f200008e
:10d7cc008e000000f0f8000083f40000dd0400007f
:10d7dc00cc000000a2f7000060040000540400001c
:10d7ec00f2f70000b6030000b60900009ffd000030
:10d7fc00f1fd0000b70d00004c0e0000b40c000051
:10d80c004ef400001adf00009afc0000e7fd000057
:10d81c0031f80000f20a00009b02000038eb000017
:10d82c00a90000008b0f0000c4fd0000310e0000a9
:10d83c00cd1d0000e0fe0000af0300006a0d0000eb
:10d84c0079e50000e9ee00005104000040f300000f
:10d85c0052f900007309000047fc00002cf900008d
:10d86c0035f80000110d00003113000022fd0000fe
:10d87c0024080000c3fb000056fa00005405000009
:10d88c007a010000120000006ffb0000d2fc0000c7
:10d89c005df70000cdf800002cff0000f5fe000045
:10d8ac008bfb000042fc0000c9fb00007f0b00005a
:10d8bc009e12000031fa00006dff0000df0a00002c
:10d8cc00ad000000470400008e0f0000bff2000006
:10d8dc0024ef00004efd000057ed0000680400002e
:10d8ec0084070000a8fa00009e1000005f050000ed
:10d8fc0031f20000ae0300002e050000b0fb00006a
:10d90c00a6fd0000a7010000820d0000120b000014
:10d91c0018f70000d6f9000027fd0000d7f700002b
:10d92c0075f900003502000074fe000075f400006b
:10d93c00bd0d00006f01000010fc0000f90b000091
:10d94c009c03000088170000edfc00004e11000045
:10d95c00d60400003ed300000206000091ec00004b
:10d96c00fbf500007b0c0000e1f60000f503000065
:10d97c0058f100002e0c0000a327000005fc00004d
:10d98c00c5f10000ba1600003107000086f4000053
:10d99c00610b000084df0000ffec00009b0c00001a
:10d9ac000afc00003c040000d9020000a8ff0000a3
:10d9bc008cf50000ed100000e20c0000bdee000044
:10d9cc0017f400008afe000069060000da09000066
:10d9dc0044080000180a00002ff5000001e10000c7
:10d9ec00d9060000b8fe0000cdf60000e9fe0000ec
:10d9fc00fdf9000071090000f8f30000fd140000af
:10da0c00991b00005eee0000080c0000930800005b
:10da1c000ff60000c70100008bf9000020f7000092
:10da2c0022fd00006bfb000057f60000030600000f
:10da3c00540d0000b6fa0000a8f80000bffe00006c
:10da4c0078fd000084080000f102000013f90000ca
:10da5c0099090000c70800007cfd0000dbfe0000f7
:10da6c0065fb000035f000004bfc000035080000a1
:10da7c00bcf5000012f900007203000004fa00006b
:10da8c007d130000c80700008f0700004319000039
:10da9c005ff700009d06000034ef00007af00000f4
:10daac00880b000039e4000043f90000af100000bf
:10dabc0067f7000025f300000e0800008d1d000024
:10dacc00fe060000aff90000f00b0000a0fb000008
:10dadc00470300008401000033ea000001fc000051
:10daec0018fd000045fd00009a0c0000c9ff000065
:10dafc00c0fd000058f900006ffd0000ec0e0000a6
:10db0c001200000099fe00002ffb0000a0ff000097
:10db1c006411000028fd00003cf60000bcfd000074
:10db2c003ff800005ffb000046040000e1fb000032
:10db3c00b4f90000fc0100003ef60000900e00005d
:10db4c00dc17000074fe0000d1060000830b0000ff
:10db5c0056f8000094f8000006fd0000cafb000017
:10db6c0077ff0000ebef0000a7ff00005208000059
:10db7c005dfe00006d07000061fd0000fbff000072
:10db8c006105000006fd0000c0050000e70900006b
:10db9c001f00000011fb00001eff0000f20200003d
:10dbac0040fb00003af300001efd0000b30400002f
:10dbbc00bef900001306000047010000eaef000068
:10dbcc005b110000c8090000a8fa0000b91300009e
:10dbdc006b0e0000b6f1000080f20000b9030000eb
:10dbec0062f600001df60000bb020000bffd000045
:10dbfc0002ff000088f900005df30000ca1b000062
:10dc0c004d1800006ffd0000d70300009f000000be
:10dc1c00ff00000092ed0000cd070000fbfe0000ad
:10dc2c00cbdd0000b1120000c00b00007ef500003f
:10dc3c00880a000087f30000110100004710000063
:10dc4c00fdf700008a09000035fe000083f7000094
:10dc5c00cc0b0000b0ff000029000000f7ff000013
:10dc6c0071f10000c8f40000c6080000fdff0000c0
:10dc7c002cfa00004b070000aaf20000250c000053
:10dc8c00221b00003cf900007ffe0000e0f40000c5
:10dc9c002000000008140000bbfe0000bcf70000d0
:10dcac00d4ef000074f80000b00500003903000048
:10dcbc00400600004f0100003afd000024fd00006a
:10dccc0037fe00005eff000046020000a9010000c4
:10dcdc009e0100008f0c000044fd000023f50000a5
:10dcec004403000014f70000f5f500004e05000099
:10dcfc0048010000e2f90000f6060000f1fd00000a
:10dd0c000bf900005b14000053fc000031ff000015
:10dd1c0011160000d3010000ef01000070ee0000ae
:10dd2c0089f50000bfff00005bf600009b050000ba
:10dd3c005b00000000fc0000cb000000bcef00000a
:10dd4c0099fd00001e1b0000810700005d0e000005
:10dd5c005b0400006cf500003cfa000010f50000bc
:10dd6c00da090000a6f6000098ee00005a08000040
:10dd7c005f040000160200005e010000f0f00000dd
:10dd8c0021020000100f000050ff0000b2fe000046
:10dd9c0054f90000defb0000ba0600005608000033
:10ddac009cf90000bdfc0000bd020000c7f10000a2
:10ddbc00acfe0000270200004df8000023fd00001f
:10ddcc00e0010000ce000000bbff00007a10000054
:10dddc009707000096fb000074030000d4fc0000c1
:10ddec004d05000022ff00008df400009902000098
:10ddfc006df90000f0f70000f0ff000085ff000057
:10de0c0090ff00006402000019fc000033f80000d1
:10de1c000b1100003c0800009bf80000c40f000030
:10de2c00a404000047f5000014fe00005bfa00009b
:10de3c0088ff0000cffd000050f80000b2fb00008e
:10de4c00ea01000049010000fdfe000082fc000018
:10de5c00d1f00000920b00005a110000e1fb000011
:10de6c00a508000093070000b4f9000071fd000044
:10de7c0077fe000061fb00000cff00007ffb000040
:10de8c001dfa00000fff0000370200007aff0000af
:10de9c009ffe0000b80100005efd0000450500007b
:10deac00a30800000df9000080ff0000ec06000044
:10debc00930000006c0400007dfb0000d9f700000b
:10decc00f3ff000090f80000e40000005f04000085
:10dedc00bc020000ae060000b6fc000086fd00008f
:10deec00bdf8000020020000740b0000c3f7000016
:10defc000e020000ad0e00006bfe000098fd00004d
:10df0c00edfa000081f60000ef0400005f02000053
:10df1c0016fc00008301000082fd0000b1fd000032
:10df2c0084070000a3fa000023f80000ea0e0000aa
:10df3c0084fe0000f1fa0000020a000011fb000050
:10df4c00adf9000088fe0000a7ff0000a6fd000050
:10df5c00730300003b0b000022ff0000d500000003
:10df6c00a500000051fe00007e050000a3f6000095
:10df7c001afe0000d10500007df6000031fc000007
:10df8c00e8ff00001dff000020010000b4010000ac
:10df9c0064f80000a40000005711000064fd0000ac
:10dfac0051000000a50f0000bcfa000054f900005d
:10dfbc006efd000017fb0000f500000071fa000078
:10dfcc0026f9000008fe0000310300000aff0000e3
:10dfdc0012000000edf5000060f700005415000081
:10dfec00680600003cfe0000670c0000ad0000005d
:10dffc009df9000069ff000063fc0000cefc0000ee
:10e00c0092fe0000aff90000b3fb00003d010000e0
:10e01c0014010000ccfd00000a01000036fe0000d7
:10e02c00c3fd00008d0a00008d0400002ff90000d4
:10e03c000c0600006f0600006f0100000a030000d0
:10e04c00f8f5000023fb00004d0000007bfa0000f7
:10e05c002cfe0000fafe00008f0300006800000098
:10e06c00a2fe000085fd000088fb00005d0b000097
:10e07c00d4070000f0fc00002a0f00002e0a00005c
:10e08c00fdf7000062fb0000c9f900003bfb00003b
:10e09c0089ff0000ebfa0000defd000076070000af
:10e0ac00c6fc0000e3ff00000d01000059eb00006e
:10e0bc000b0d0000c91700009bfb00002310000093
:10e0cc00520800005ff5000073fd00006dfb0000be
:10e0dc00c0fa000065fd0000b0fe000071fd0000fc
:10e0ec00a101000058030000dcfc0000d601000078
:10e0fc006afb00001af90000c7140000390900007f
:10e10c00a8f60000c5ff0000e3fc0000d5010000ec
:10e11c00d10300006bff00005900000003fa00005f
:10e12c00e8fe000081000000eef6000044ff000055
:10e13c001e030000c60000001afe00007cff000059
:10e14c005d010000f9fa00007b0a0000d307000013
:10e15c0032fc00002d020000ff010000c50700008a
:10e16c00cafc0000cefc000081fd000050f5000050
:10e17c00b0030000d5fc0000cdf80000d504000071
:10e18c0080020000fafb0000b50000007cfe0000dd
:10e19c007bf00000f1080000301000006e0200005f
:10e1ac00760c00006f00000014fb0000f3fb000075
:10e1bc00e2fa000008fc00001ffd0000b90300009b
:10e1cc00e1fd000087fc0000ddff000002ff000005
:10e1dc00acfb000058ff00006c04000083fa000048
:10e1ec003d040000e70b000065f600004bfe00004c
:10e1fc0070020000c5f80000dc030000b60000004f
:10e20c006e010000290300007cfa0000bafa00003d
:10e21c0056fd0000cfff0000fefc000081ff000057
:10e22c004e01000001000000dc000000b8fe000000
:10e23c0014fb0000bcff00006e080000b4030000db
:10e24c00f604000002ff000023fa0000ed010000bc
:10e25c00d4000000e5000000780000005c03000022
:10e26c00ccff00009bfb000069fd000031fa0000b0
:10e27c0093fc00009dff0000440300004afe0000d8
:10e28c00fd000000b2fb0000daf80000da0d00001f
:10e29c008006000055010000a60600007c0300006b
:10e2ac005bfe0000b40300001b0200007ff30000c3
:10e2bc000100000034ff0000c7f80000030200005a
:10e2cc0096fc0000f1010000ed030000cdfa000007
:10e2dc0030020000a9ff000047f90000860400008e
:10e2ec003f060000a5fd00001a0800001106000002
:10e2fc002bf90000bdff000003fd000087fe0000ad
:10e30c006c030000b8fc0000d400000031000000d9
:10e31c004dfc000030000000bdff000063fe00005b
:10e32c00e5ff000093030000a3fc00002ffc00009d
:10e33c00ce0500003800000049050000070700006a
:10e34c00b5000000740200002e000000b6000000b2
:10e35c0075fb0000baff00005b050000e003000045
:10e36c0060fe0000eefb0000c00000003afa000066
:10e37c004ffe0000a101000066ff00001d0400001c
:10e38c000aff0000fa0000004b000000e6f7000056
:10e39c00000400005d090000e9fc00008900000099
:10e3ac00f407000062000000c3030000e404000056
:10e3bc007ef6000042f80000b30100000cfe0000e5
:10e3cc00fcfd0000e9010000a9fd0000d0030000e5
:10e3dc0094020000e9f8000021fe000095fe000008
:10e3ec0030fe000069fe00008a01000043090000b5
:10e3fc00bc0200006c000000480600006100000038
:10e40c00fafd0000f6ff0000c9fb0000e8fa00006e
:10e41c00e8000000fe00000009fd0000ccff000039
:10e42c00ef00000057ff000086000000cdfe00004a
:10e43c00b0fc00008dff0000d0fa0000f8fe0000d8
:10e44c00ae0a0000600300007fff000040020000e5
:10e45c00dffd00007cfd00002c0000006bfc0000c8
:10e46c00bcfe000066030000940000009bfe000050
:10e47c006dfe00002cff000080fe0000effe00008f
:10e48c00cfff0000ffff000085ff0000e502000049
:10e49c00b6ff0000fefa0000b500000029fa0000eb
:10e4ac0074ff0000830b0000bbfe00004300000063
:10e4bc004e050000b5fb0000eeff0000a1ff0000c0
:10e4cc0084fc00000d010000c0fe000021fe0000d5
:10e4dc00bd0100008802000002ff00009afe00004f
:10e4ec00540000006afd000024ff000087010000ba
:10e4fc00b80000003a010000c5fd000001ff00005b
:10e50c0029fc0000f4f90000130c00008e0a000036
:10e51c004bfb0000b501000036fd000010f90000b7
:10e52c00b3ff00000bfc0000c2ff0000b6050000aa
:10e53c0026010000a2ff000024030000f4ff0000ed
:10e54c0076ff0000e7020000e2fd0000aefb0000d9
:10e55c007800000075020000140000002efe000080
:10e56c009cfe0000de00000095ff000007fd00008f
:10e57c0080ff000025020000d20300000d01000006
:10e58c00f0ff0000f0ff0000c1ff0000750000006c
:10e59c0099fe000072010000c4010000940000000c
:10e5ac00ed0000006aff0000c60000006c010000d6
:10e5bc008afe00006ffd000095ff00007000000057
:10e5cc0068ff0000da000000d701000032ff0000f5
:10e5dc008dff000001000000d8fe000020ff0000ad
:10e5ec0090fd00003eff00008302000014020000ba
:10e5fc00f9ff0000c1fe00008b010000a500000027
:10e60c00bfff0000e2010000010200005004000006
:10e61c009e00000060fb000043fd00000dff0000a9
:10e62c0022fe000072fe0000080100002d00000018
:10e63c009bff000026000000fafd0000cffe00004a
:10e64c00670000008cfe000079fe0000e2ff000075
:10e65c0041010000dd0300002f01000074010000e7
:10e66c0073050000d5fd0000a1ff0000130200009f
:10e67c00f9fa00008d0000001cff000023fc0000d4
:10e68c007600000071ff000050ff0000e9ff000061
:10e69c0037ff00002cff000049000000c5fe000001
:10e6ac006efe000043000000d7ff0000b1ff000029
:10e6bc002f0100005f00000048ff0000b2ff0000c7
:10e6cc00b2ff0000b0000000a7ff000072010000c4
:10e6dc001a020000f5fe00007b0100003000000073
:10e6ec0085fd00004e0100001c000000dffe000054
:10e6fc00d3ff0000f4ff000086020000d7fe0000ec
:10e70c00cefd0000080200006800000092ff00002f
:10e71c006bff0000a1000000370100006afe000042
:10e72c00bd0000004300000056fe0000f90100008f
:10e73c007c000000fefe0000b6000000d1000000ce
:10e74c00f0ff00003bfe0000f4fd0000c2ff0000e3
:10e75c004e0200004c02000027010000cf00000018
:10e76c0043010000c3ff0000aafe0000c6fe00002b
:10e77c002fff0000520100009200000070ff00000b
:10e78c0050ff000073ff00000eff0000f2fe0000bf
:10e79c008c010000a200000050ff000036020000b7
:10e7ac0070000000f1fd000057ff00000d0000009c
:10e7bc0099000000fcff0000bdff0000a700000056
:10e7cc00ebff0000f6fe00007fff0000a1ff000041
:10e7dc0003ff0000fbff0000280000002eff0000dc
:10e7ec00f3000000cb00000039000000f201000033
:10e7fc009f0000007bff000020010000c901000009
:10e80c00acff000096ff0000e00000001d000000bf
:10e81c00f0ff0000030100002101000093ff000045
:10e82c0093ff0000c8000000ed000000d0ff0000c6
:10e83c0066ff0000fcff00000a010000ce01000092
:10e84c0059ff00004aff0000620100003c0000007c
:10e85c0047000000baff0000d8fe0000c600000010
:10e86c0097000000adfe000050ff0000b7ff000055
:10e87c00aaff00000d01000082ff000067000000ed
:10e88c006702000019ff000069ff0000ec000000a7
:10e89c008bff000097ff000026000000970000008f
:10e8ac00acff00005bff000038000000c0fe000061
:10e8bc00beff00002b0100008fff000085ff000051
:10e8cc0063000000b6000000deff0000c0fe000088
:10e8dc00cefe000043010000940100001000000077
:10e8ec00b9000000c2000000430000009eff0000c1
:10e8fc00e8fe000090fe0000bd000000f8000000e3
:10e90c0099ff000097ff000030ff00001f0000007f
:10e91c004dff00005fff00001b010000bbff00006b
:10e92c003900000076010000d7fe000055fe000003
:10e93c00baff00002000000045000000aeff000000
:10e94c001c0000009200000087ff00000dff00007b
:10e95c009eff00006bff00004eff00005500000002
:10e96c0096ff0000afff0000480100002d000000e2
:10e97c00f1000000c4010000ccff0000f1ff00001a
:10e98c00c7010000100100002cff0000490000002e
:10e99c00ba000000d6ff00004e000000520100003b
:10e9ac008b00000044ff0000140000000801000070
:10e9bc008f00000072ff00009dff00004c00000063
:10e9cc00a20100001b010000a2fe00006e0000006e
:10e9dc002b010000ffff000059000000bdfe0000ed
:10e9ec0082ff00003901000083ff0000d4fe00000c
:10e9fc0095ff00003aff0000a4000000f5000000a5
:10ea0c0009ff0000a4010000be010000dcfe0000b4
:10ea1c00100000004600000045ff0000f9ff000058
:10ea2c0076000000e8ff00007cff0000c3ff000040
:10ea3c0029ff0000eafe000059000000440000001d
:10ea4c0087ff00007fff00006e000000bc0000008c
:10ea5c001600000010ff0000fbff0000e7010000a3
:10ea6c0022ff0000f6fe00000a010000c7ff0000b4
:10ea7c00c9ff00004800000035fe0000b7ff000091
:10ea8c00d20100002aff0000baff00005aff00006c
:10ea9c00b5ff0000b801000033ff00007dfe000050
:10eaac00fbff0000200000007aff000015ff0000b3
:10eabc0065fe0000d1fe0000d0ff00004bff0000ff
:10eacc0072ff0000e6ff00001a0000009c0000002e
:10eadc00e6ff0000b6fe000068ff000053000000d7
:10eaec001b000000b5ff0000caff0000e0ff0000a3
:10eafc002b0000004b00000092ff000036ff0000ce
:10eb0c00a4ff000099000000f1ff00005eff000070
:10eb1c00780000007b000000c4fe00009dff000098
:10eb2c00ac000000ddff000098ff000093ff000028
:10eb3c00ff000000f3ff000045ff0000ba000000da
:10eb4c005aff000050ff0000c9000000e6ff000063
:10eb5c00a2ff0000ae0000004c0000009dff000072
:10eb6c0045000000f2ff0000220000003900000008
:10eb7c00c9ff0000be000000feff0000ffff000008
:10eb8c00910000006bff0000e4ff00002501000075
:10eb9c0092ff0000abfe00000701000039000000ee
:10ebac0014ff0000fe000000f3ff0000e9fe00006f
:10ebbc0090010000a00000006afe0000810000002f
:10ebcc00820100002500000021ff0000a2000000cf
:10ebdc009a000000250000009b000000d1ff0000ff
:10ebec00de0000006200000041000000a8000000f0
:10ebfc0051ff00008f000000b9000000120000005f
:10ec0c00880000005f0000008f00000050ff000033
:10ec1c004e0000006b0000009dfe00006b00000029
:10ec2c00170100003b0000001a0000007d000000ee
:10ec3c000200000038ff00003100000068000000f6
:10ec4c00d8ff000065000000ba0000002e00000094
:10ec5c00b8ff0000e9ff000011000000ddff00001c
:10ec6c0078000000530000004a000000650000001e
:10ec7c009dff000068000000520000007cff0000b7
:10ec8c002a000000760000007dff000071ff0000ec
:10ec9c00c10000009f000000a4ff0000d6ff000090
:10ecac00abff00007dff00004a00000006000000e2
:10ecbc005bff00001800000056000000ebff000096
:10eccc001b000000ebff00002eff0000a7ff000060
:10ecdc005c000000e5ff00002600000099ff00002a
:10ecec0077ff0000520000002200000066ff0000c9
:10ecfc0005ff0000f8ff0000570000001e00000098
:10ed0c007800000091ff00001cff0000a80000002c
:10ed1c006800000008ff0000bfff00001e0000009c
:10ed2c0042ff000020000000bcff0000c0fe0000fd
:10ed3c00c7ff000025000000cfff000090ff00007f
:10ed4c00baff0000b6ff0000bfff0000c1ff0000cb
:10ed5c0087ff0000b1ff000050ff0000b4ff00006f
:10ed6c00480000005aff00008dff0000ffff00006c
:10ed7c00d6ff000080ff0000cfff0000b9ff0000ad
:10ed8c0037ff00003f0000002300000065ff00007b
:10ed9c00adff0000a4ff00009cff0000afff0000cf
:10edac00b2ff0000ddff000013ff0000eeff0000cb
:10edbc0060000000d9fe0000b3ff0000f5ff00006a
:10edcc003bff0000dfff0000f6ff0000c1ff00006a
:10eddc00c4ff0000cbff00004a000000f7ff00005a
:10edec0034ff00000500000039000000d2ff0000d5
:10edfc000d0000003b0000001e000000fcff0000a6
:10ee0c004900000030000000f7ff00004300000044
:10ee1c005e0000006b000000610000002c00000090
:10ee2c005b0000004100000023000000790000009e
:10ee3c005f000000f3ff0000600000007a0000009b
:10ee4c000a0000003c0000005000000062000000be
:10ee5c005d000000430000008e0000002300000055
:10ee6c00f7ff0000960000002e000000eeff0000ef
:10ee7c00630000006d0000005c0000005100000009
:10ee8c0063000000530000007300000050000000fd
:10ee9c00ffff00004e0000004e0000001f000000ad
:10eeac006300000060000000490000004300000007
:10eebc00470000003e000000120000002800000087
:10eecc003a00000052000000600000005e000000ec
:10eedc00430000001b000000200000004700000061
:10eeec0017000000020000002a00000020000000b3
:10eefc0031000000feff00001200000017000000af
:10ef0c00d6ff00001e00000022000000e0ff000001
:10ef1c001a00000024000000090000000d00000091
:10ef2c00060000001b000000d8ff0000e4ff0000fa
:10ef3c0037000000edff0000f3ff00001700000099
:10ef4c00e9ff0000f3ff00000a000000d5ff0000fd
:10ef5c00cdff00000c000000ecff0000d2ff000011
:10ef6c00e8ff0000daff0000f5ff000001000000e0
:10ef7c00bfff0000cdff0000e5ff0000ccff00004c
:10ef8c00f7ff0000eeff00009fff0000d5ff000020
:10ef9c00f7ff0000afff0000baff0000faff00000f
:10efac00ceff0000cfff000007000000caff0000ea
:10efbc00c2ff0000f5ff0000dbff0000c0ff0000f7
:10efcc00e8ff0000d2ff0000c2ff0000f6ff0000c7
:10efdc00b6ff0000acff0000e5ff0000a9ff000039
:10efec00c7ff0000f0ff0000aeff0000b1ff000003
:10effc00d7ff0000bbff0000b2ff0000c9ff0000fc
:10f00c00bfff0000c4ff0000d7ff0000bfff0000df
:10f01c00c5ff0000d7ff0000ccff0000d6ff0000aa
:10f02c00c9ff0000c4ff0000deff0000e2ff00008b
:10f03c00d0ff0000deff0000dbff0000e9ff000056
:10f04c0005000000fdff000000000000f6ff0000be
:10f05c00f0ff0000deff0000f2ff0000fdff0000eb
:10f06c00e1ff0000d8ff0000ffff0000e7ff0000f9
:10f07c00f1ff000005000000ffff0000250000006c
:10f08c00d6ff00003e000000a0ff000075fe00004f
:10f09c0015ff0000f00400003000000060f90000d3
:10f0ac003e070000f502000044f600004902000093
:10f0bc001107000099fb000051fc000055050000f1
:10f0cc0087fe000033fe00005300000018fe000015
:10f0dc00410200004efe00000bfd00007fff00000f
:10f0ec0024020000ed0000000e1600001bf70000cb
:10f0fc00dde0000030220000fa0200004fdf0000cb
:10f10c001f06000099100000fb040000b0e900008d
:10f11c0028f20000b4320000def400004ad20000f5
:10f12c00882500004a0a000095e80000bc00000099
:10f13c00f30300000e0b0000f90d00003cdb000097
:10f14c0067010000b21e00003fe90000a4ef0000c0
:10f15c004c130000250e00001ae8000059020000b4
:10f16c007a0b00000ff6000018fc0000e90100000b
:10f17c0057000000abff00009e150000bae800002d
:10f18c0067ef0000ea26000026f20000c0eb00004a
:10f19c002a0c00008502000051fd0000f0fc00006c
:10f1ac0013fe0000230800009405000026f6000062
:10f1bc00f4ff000025070000cff80000ddff000081
:10f1cc0068020000a2120000e902000011de00003b
:10f1dc00e71400005f0e000018df0000f9000000cb
:10f1ec00a10e0000e6fd000071f800005df90000c2
:10f1fc002308000014130000b3fc0000eef4000020
:10f20c00610800003a060000f0f7000059fa00000f
:10f21c006c0d0000b50700009bfb00002eee0000fb
:10f22c00620c000064060000ebdd0000db10000047
:10f23c00ba0800006ef900000aff000058ff000039
:10f24c004c0b00008ef200009a030000af0100008e
:10f25c0039fa0000850600008600000076060000e2
:10f26c003bf30000e3ff0000160b000020f0000051
:10f27c00b8fc000074040000dbfb000004fe00007e
:10f28c0078010000bafe00002f01000052000000bf
:10f29c00b6fb00004cfc00003efe00008e09000096
:10f2ac00600000001c04000018050000e7f00000de
:10f2bc0016030000350100000bf1000032fc0000c9
:10f2cc0075070000d7fb000014f40000ad0c000023
:10f2dc00edf90000c8060000fd0a000023f500004f
:10f2ec00720b00001f000000a0020000e5060000e9
:10f2fc00cdfa000035f80000b60b000001f7000055
:10f30c00f7e90000e60a0000040300009df5000088
:10f31c002cff000093060000e7fe00008f000000a9
:10f32c0073fe0000ff0900001c070000a0fc000099
:10f33c007d020000e600000082fd000075ff000069
:10f34c0092ff000059f40000170200002b0300008c
:10f35c008cfb000095fc0000920800003aff0000b6
:10f36c000cfe00002cff0000e7fa00003c0c000033
:10f37c00e6f40000ea030000120b00008cef000022
:10f38c00c10d00007101000048f10000670b000086
:10f39c0085fa0000c5fb0000ba0300003e02000025
:10f3ac008700000002fd0000caff0000dc01000025
:10f3bc00470000000dfa000012050000a308000031
:10f3cc00d5080000d40200005df80000e1fd00004b
:10f3dc00d70a0000e8f700006def0000c70c000032
:10f3ec00f6040000fbf4000005fc00000c0d00000e
:10f3fc00ccfa0000ae0500007913000072f5000095
:10f40c0084050000f90b00002800000081fb0000bf
:10f41c00c5ff0000070a0000fbf7000021ef000009
:10f42c00900900008b020000bbf10000e801000015
:10f43c003b050000c8ff00009e0900009702000079
:10f44c00eafc0000dc0a0000eafe0000cbf400003d
:10f45c009f050000330600004af7000010fe000074
:10f46c0034000000550800003cf400002bf40000b0
:10f47c005710000080f40000f5fe0000bc060000f0
:10f48c00d6f900000c0200005d03000038f6000005
:10f49c001604000010060000aff200002705000063
:10f4ac00b6040000d2f90000d1fb000045030000b7
:10f4bc0027010000fbfc0000ce010000d4fa000084
:10f4cc00fe01000050ff000010fc000004050000cd
:10f4dc0009ff0000de07000089030000ccf70000e4
:10f4ec001cf80000090f000081fa000058ef000022
:10f4fc0034090000eb030000fdfb000075f4000074
:10f50c005c09000045ff0000330200006f09000099
:10f51c00c10a0000400d0000eae900005c03000095
:10f52c0018130000d9f10000e5ed0000780400008c
:10f53c0004130000b1f5000031e500006411000077
:10f54c00ec160000ebed0000dcf20000af14000044
:10f55c007907000095ee00001f050000df0b00008e
:10f56c0003fa0000acfe000010fe000052f4000094
:10f57c00c2060000e80300005df400007602000003
:10f58c0058070000510200002bfb0000080000008f
:10f59c00dc0900006e0100003efa0000f4fe0000e1
:10f5ac00f8010000030200007dfb000025fc0000b8
:10f5bc005e03000018020000dffa0000fffa0000f2
:10f5cc005e0300002200000059010000f9fd00005c
:10f5dc002f0c00009bf800003ef7000041110000ca
:10f5ec0072f6000008fc000049040000050200004f
:10f5fc001dfe000018f90000760600002e01000028
:10f60c00f4f600001702000008030000b0fd000033
:10f61c007bfb00001b030000fd0b0000bd02000083
:10f62c000bee0000e6fb0000e31b0000a5f300005e
:10f63c00e5e500006515000037080000c2ef00008a
:10f64c00d9f40000010e0000cd06000097f4000074
:10f65c001a0b000022070000ae050000f0f80000b5
:10f66c0021fd0000d20a000076fc0000f9f6000033
:10f67c0093f50000030a000016060000caed000016
:10f68c009efd00005b0d00007b0b0000f3fa0000f8
:10f69c0071f70000df1000008f030000e1f20000a2
:10f6ac00590100003d0600002d000000f5f7000098
:10f6bc0011f80000610b0000f5030000f7f00000ea
:10f6cc00da03000072080000d2f9000099f700007c
:10f6dc0015110000450c00003ce9000041ff000042
:10f6ec0071100000a6f80000a6ef0000b60600009e
:10f6fc0020080000a6fd000070f40000fa020000d3
:10f70c00f31d00009ae30000bef50000822000000b
:10f71c006def000047f20000300900007305000097
:10f72c005307000048f1000050fe0000960f000047
:10f73c00c7f400004ff10000b00700002b100000d0
:10f74c0090ed00009a0200003610000043f4000017
:10f75c0062fc000084ff00009d0e000046090000c2
:10f76c00cee400006b0400007d1c00002feb0000b9
:10f77c0077f00000571200002f030000e7f20000a2
:10f78c006ef90000cb0c000099020000e4f30000bd
:10f79c0052020000de09000001fe00008ef800009d
:10f7ac001f160000bf02000058e1000064120000a8
:10f7bc00df1200002ad800009b000000941e0000fd
:10f7cc0057f00000f4f70000f20200004c100000ab
:10f7dc00ad0100009afe0000b910000092f000008c
:10f7ec00cb0400006c0f00003fe500002204000079
:10f7fc00b5170000a8e60000e80300006f0e00003b
:10f80c005ff700006af3000025010000360c0000d1
:10f81c0025fc00002c13000097ec00006ffc00008e
:10f82c0053200000eede0000e1f40000cc150000d7
:10f83c006dfc00008df60000250200009dff00000d
:10f84c000a130000ab0100000ede0000091e0000d0
:10f85c00740d000071d7000042060000f51d000079
:10f86c00c5f400000de3000008130000ea0a0000d4
:10f87c00a0e7000077f50000951100005409000086
:10f88c00dce20000cf05000011100000fafa0000c5
:10f89c005bfe0000a4000000950c000025f80000a1
:10f8ac00a7fb00002e080000bffc00001bff00009f
:10f8bc00eeff000052fc0000acfa0000b5000000a6
:10f8cc00f5ff000072fb00003d040000d5fb0000ba
:10f8dc005ffe00003204000068f700005d130000ba
:10f8ec00f8f90000bde80000d11900004e0000003e
:10f8fc00bae80000100600006b0c00003ff7000097
:10f90c0090f40000fe08000066070000c2f300003f
:10f91c0060fe0000be060000d4000000baf8000033
:10f92c009b04000063100000cae8000026fa0000e7
:10f93c00d21a0000a3ef0000b8e60000be1a0000c7
:10f94c00070400007ae7000038090000f9080000fd
:10f95c00f9fb00006f050000561800008eef000048
:10f96c005df000001e1f0000a4f9000042e400003e
:10f97c0083100000b4090000a1ed000040fe00005f
:10f98c00fc0e00002b02000022ed000039090000e3
:10f99c008a050000dcf60000b4fc0000df07000064
:10f9ac00761c0000b8e30000c2ec0000022b000043
:10f9bc0033f300009fd80000ff1d0000051000006d
:10f9cc0041e20000c005000025070000280a0000e5
:10f9dc00b80a0000aef30000d0ff0000dc100000fd
:10f9ec00c3f9000011ec0000670f0000b209000021
:10f9fc0029f20000b1f800006a06000051fc00007a
:10fa0c00e7f70000eaff000013030000a80600005f
:10fa1c0055fa000084fe000038100000ba07000000
:10fa2c00d3ed0000c9010000661300002af10000ac
:10fa3c004bf40000f8100000680100001df20000fb
:10fa4c001d010000fd060000d6fd00003df9000080
:10fa5c0042010000b803000086fe0000aefb00006f
:10fa6c0010060000260700008df5000062fc000067
:10fa7c004e080000a1fc000010f60000010500007b
:10fa8c00760400007cfa000062ff000039030000dd
:10fa9c0073000000b4020000e2010000a2fe0000ae
:10faac006c0a00007eff000089f0000007040000d3
:10fabc009a0a0000c0f70000f3f20000eb09000006
:10facc00e006000081ee0000f9ff0000610b000071
:10fadc0068f60000b5f90000511500007808000028
:10faec00c1e9000004000000cf11000076fb00000b
:10fafc00a0ee0000b8030000b00f000032f50000cb
:10fb0c007cf30000d40c00006e05000052f20000e3
:10fb1c00d5010000050d00009c03000096000000bc
:10fb2c0013f7000085fc0000ae070000f5ff000095
:10fb3c00d3f00000aefa00007a1800002ff5000098
:10fb4c0036eb0000d51400001f02000052e4000048
:10fb5c00cc1500008d2e0000a6d8000010e9000086
:10fb6c00942c0000b802000095dc000070f7000037
:10fb7c00701e0000d5fc00003ddf00000f0a0000e5
:10fb8c00fc1d0000e3f2000015ee0000041800005c
:10fb9c004c000000aaef0000b30d000004070000a9
:10fbac00a9f20000e6ff0000c705000062ed0000ae
:10fbbc00defe0000760c000041f60000b0f80000fc
:10fbcc00e6080000b90e000086fc000044fc0000b2
:10fbdc00590800007f0100006af8000086fd000053
:10fbec00d5030000a3ff00007afe00008df8000092
:10fbfc00ec010000a906000038f4000077f90000c1
:10fc0c005c0b0000a5010000dcfa0000f80000000d
:10fc1c00fdfc000048060000aa01000003f20000f1
:10fc2c000f0500004e0b0000b9f50000fef80000b7
:10fc3c003f0800002e01000059f90000e8fc00000c
:10fc4c006c030000e302000079f80000dafe00000b
:10fc5c003009000015040000effd00002efa000032
:10fc6c00cdff0000c6030000d5ff000074f80000b3
:10fc7c003e000000fb0a000056f80000d7f7000019
:10fc8c00090700001f02000049f800005a0000009c
:10fc9c00241100001606000021f6000039fe0000b9
:10fcac004a070000b9fc0000e6fa0000bcfd0000a9
:10fcbc0042ff00001f0800000cf800002cf80000a8
:10fccc00a50a00004bff0000aeec0000c20d0000c6
:10fcdc00b1270000dbed0000f4e50000ab130000e1
:10fcec00500e000090ed000044f00000540d000098
:10fcfc00d7090000eeef000013f400008718000095
:10fd0c008a060000beeb000073030000400b0000ed
:10fd1c006dfa0000b6fc0000730f000095ff0000a8
:10fd2c00b7f000001b050000e204000054ed0000d9
:10fd3c00f6fa0000c40f0000bdf90000e5f3000066
:10fd4c007e090000ea0a00001c080000b708000049
:10fd5c002afd0000caf60000eeff0000320300008e
:10fd6c005bfc00002af80000c4ff0000e70b000059
:10fd7c0061fc000098ec000023000000490c00001e
:10fd8c004bfb0000fefa00002e0d0000d203000019
:10fd9c00cff5000021ff00009b060000adff000026
:10fdac0062f800008d00000039090000f901000024
:10fdbc00f9f8000071fc0000b3050000fd00000024
:10fdcc00fcf70000e9ff0000ba0d00003806000047
:10fddc00a5ef000084f900006d0e000097010000f3
:10fdec00dff20000e4fb00007c0c0000b605000014
:10fdfc004ff3000040fc0000040900005900000013
:10fe0c0032fb000087030000cb0c00003d06000015
:10fe1c002df6000002fc0000bc0500009d01000056
:10fe2c00bbfa00000ff60000190400001d0b0000c7
:10fe3c0055f7000088f50000900b00003e0900000b
:10fe4c003cfa0000ae010000f60d000015070000a2
:10fe5c004ef300004afa0000bc0a0000b201000098
:10fe6c00e9f1000022f60000c10a00000b060000b8
:10fe7c0018f2000053f90000da0e0000a908000087
:10fe8c0000fc0000030200002f06000059010000d6
:10fe9c00a6f800006efc0000a5050000f7fe0000af
:10feac00e6ef000040fb00007e0c000096fe000018
:10febc002bf50000320200009a0c000048060000ee
:10fecc000efc0000ddfc0000af0400001901000076
:10fedc00f0f7000087fc0000ac0400003ffd0000c0
:10feec00cdf20000df000000360a00007ffa0000af
:10fefc00aff50000c4070000770d0000e4f9000026
:10ff0c00c9f50000bd060000060c0000cafc00008c
:10ff1c00b2f40000db010000b7090000e2fc0000b5
:10ff2c0063f0000002fe0000ad0b00004eff00006d
:10ff3c00d2f4000081010000e90e00003f05000032
:10ff4c002ef700000ffd00008207000015030000d3
:10ff5c002cf90000ecf900009804000025050000c5
:10ff6c0056f80000f8f80000cc070000c5050000aa
:10ff7c003efb0000480100003d0900004cff000062
:10ff8c0066f5000064040000bb0e0000fafc0000e3
:10ff9c0052ed000012fb0000d80e0000e40400003b
:10ffac0015f00000c3f70000a90e0000d4080000f3
:10ffbc00a1f90000eafe000047070000150200004e
:10ffcc009bf8000018fd0000690500008efe000083
:10ffdc000bf500008b010000560800008bf90000a7
:10ffec00b4f70000ae040000ac09000046020000ab
:10fffc00e3fb0000a5ff0000c204000030fe00007f
:020000040001f9
:10000c00a3f800004e0000008306000039fb00003e
:10001c00c8f200001a030000610800005ef800003e
:10002c00e4f70000f40a0000e20a000088f6000081
:10003c00eaf80000db090000270a0000dbf90000e9
:10004c0038f60000b1040000f8070000ccf80000fe
:10005c005df00000730100000a0c000021fc0000a0
:10006c0031f30000f8030000940f0000ed020000d3
:10007c0041f70000b9fe0000100900000902000061
:10008c0072f80000d6fc0000ea030000e801000052
:10009c006cf9000063fa00004a050000240400001b
:1000ac007afb00008f00000034040000a5f900006a
:1000bc009efa0000b80d0000851000001ff600002d
:1000cc00a3ea0000b3010000661200000204000065
:1000dc004aec0000cef30000ca0f0000640a0000d6
:1000ec00f7f2000085fa0000060b00005e04000029
:1000fc0063f80000e9fb0000270500004a0400003b
:10010c00f70400008d06000092fa000017f40000be
:10011c00f2fe00004303000070fc0000f1f9000047
:10012c008b000000da07000087ff000040f8000099
:10013c0056020000e812000001150000e8fc000067
:10014c00aae9000079f30000420500007c080000d9
:10015c009e0000007ef7000092f90000960300005c
:10016c00360900004604000046f80000e7f40000e1
:10017c00a9fb000058030000fb0600009f0c0000c8
:10018c00ce0a0000d6f9000005ee0000dcf50000f8
:10019c0002060000fe07000012fc00009ff90000a0
:1001ac000805000010070000defd0000fdfe000049
:1001bc00080b00002d0b000090fb000031f200003a
:1001cc0054fc0000f10900004406000094fb000000
:1001dc00fffa000079000000cafd0000e5f60000ff
:1001ec0053fb00001105000060060000dafe000061
:1001fc006afa0000ea0200003d110000081300003a
:10020c005501000097ee0000e3ef00002200000013
:10021c00010a0000510400006df900002ef90000e5
:10022c00b40200002e05000054ff000016fd000073
:10023c00c3fe00007efb0000cff80000b4080000f5
:10024c0053170000980800007cef000003eb00003f
:10025c00c7fc0000c8090000650300009ff90000fe
:10026c0008fc0000e00300000f020000aafe0000e2
:10027c00570700005d0c000083020000d5f400005d
:10028c0044f200009cfe0000cd0a0000d1090000e1
:10029c0089fe0000b2f6000054fa0000dafe0000fd
:1002ac003cfd00005afc000010000000da040000c5
:1002bc001402000013fb0000960000002c0f00003d
:1002cc0094110000a601000066ef000061ee000032
:1002dc00d6fd0000300a0000f908000099fe00006d
:1002ec007ff500009cf7000034000000ee040000d5
:1002fc00c40100001bfc0000e5f80000da0000005f
:10030c002c130000c713000058fe00001aec00006c
:10031c00aced000040ff0000560a0000c3030000d3
:10032c00a7f900006bf900009401000053050000d0
:10033c00b2020000de020000f0040000070400001e
:10034c005dfd0000f7f4000029f700003704000001
:10035c00a20c00005b080000bffd0000a7f6000027
:10036c009cf4000040f6000015fd00006c06000037
:10037c005a0a000092030000bbf900000afd0000bd
:10038c006c0c0000e313000086090000faf5000075
:10039c0093ea000092f0000011010000920c0000a2
:1003ac0002090000b6fd0000b4f7000018fa0000c6
:1003bc00ad0000007e0300009100000017fc00005f
:1003cc0066fc00006d070000da110000db0d000078
:1003dc00aefd0000f7ec00000eea0000e7f60000ae
:1003ec00c1050000490b0000a707000064010000d4
:1003fc0066fc000007f9000075fc000046070000d1
:10040c00e70e0000500c0000630200004bf80000e7
:10041c0093f300001ef5000092fb00006c0400003a
:10042c0023080000690300009afc0000fdf900009d
:10043c00e3fb000059fe0000b70000003e05000081
:10044c00760a00009a0c000042090000b900000076
:10045c00e3f50000a4ee00007ef20000d5ff0000e2
:10046c0080090000250900009a030000affd000080
:10047c00f0f80000fbf700007cfe0000cc07000049
:10048c00d00b00005d0800006501000014fd0000a9
:10049c0097fb00000ffb000049fc000040ff000030
:1004ac0077000000ddfd00006efb0000cafc0000c0
:1004bc00feff0000c2010000b60100008302000034
:1004cc0061060000330b0000cb0c0000de060000c0
:1004dc0035fa000019ef00002aed0000aef500001f
:1004ec0048020000380a0000c00a000005050000a0
:1004fc003dfc000089f60000ccf80000f400000080
:10050c00f5070000a90900006c060000a30100001b
:10051c00f1fd000000fc0000b0fb0000d1fb00006e
:10052c002dfb000030fa000093fb0000ceff000012
:10053c002d040000ce0500001d0300009efe0000ef
:10054c009ffd0000c1020000900a0000a60e0000f2
:10055c00eb090000bdfc0000cbee000048e90000f8
:10056c0050ef00005bfc000044090000670f000026
:10057c00570c0000c903000033fb000021f70000fa
:10058c000ef90000d3fe00008e04000034070000ba
:10059c00ce0600008b0400006401000064fd000026
:1005ac00acf80000c7f4000042f400008ff8000023
:1005bc0047000000d3070000940b00009b080000cc
:1005cc006601000079fe0000b0010000d5060000b5
:1005dc00bc0800008f0300001ffa0000f4f10000bb
:1005ec0033ef0000bff3000075fd00009b07000017
:1005fc00ad0c0000740a00001704000036fd00006a
:10060c0086f900007afa00007ffd000099000000d6
:10061c00980300003b060000f6060000740400007e
:10062c00a3ff000053fa00004ff500006bf200002e
:10063c00bcf40000b9fc000063060000e20b0000f3
:10064c00420a0000db050000ba040000b9050000f6
:10065c00eb050000e40300003cfe000045f6000042
:10066c005df0000060f0000083f60000daff00008f
:10067c005b080000c80c0000f00b00003506000001
:10068c00a3fd000046f70000e1f600000efb0000a1
:10069c008f0000007c05000088080000a208000004
:1006ac00050600008401000005fc000057f6000060
:1006bc0012f200003bf20000fbf70000da00000031
:1006cc00db0800009a0b0000f6090000b8080000d7
:1006dc002c080000720700003b0500001aff000008
:1006ec00b2f600005af00000cdee000062f20000fd
:1006fc0034fa000040040000cf0c0000a00f0000f2
:10070c004a0c0000f9040000bafb0000eff40000f2
:10071c00f7f30000e8f800006b0100002509000069
:10072c00d20c0000050c000066070000edff000075
:10073c00b5f7000050f100005cef0000fff2000084
:10074c00b0fa0000c6030000370a0000270b0000b7
:10075c000e0a0000240a0000f90900005e080000df
:10076c0059040000c7fd0000eef5000028ef000062
:10077c0017ed00001cf10000cbf900003004000064
:10078c00ae0c0000f0100000760f00008107000096
:10079c00abfc00008af5000081f4000072f8000048
:1007ac00140000002a080000ce0c0000290c0000e8
:1007bc003b060000bcfd00000ef6000023f100001b
:1007cc0099f00000faf40000e0fc0000e6040000e0
:1007dc0046090000a20900001409000049090000a4
:1007ec00a509000030090000ee05000056ff0000ce
:1007fc000af7000073ef0000d1eb000017ee0000c9
:10080c0025f60000bc0100002c0c00006f1100004c
:10081c00b6100000470a00008e000000bdf8000072
:10082c00c9f5000077f80000a7ff0000e206000001
:10083c005f0a0000f00800003f030000adfb000061
:10084c00cff400003df10000e0f20000e4f80000fd
:10085c00720000002106000073080000c1080000af
:10086c005d080000e4070000a7070000ba060000be
:10087c00e6030000ccfe000011f80000e4f10000db
:10088c00daee000043f0000005f60000e8fe000080
:10089c00c90700002a0d0000040e0000650a0000c4
:1008ac00b10400009d0000004eff0000a5000000f8
:1008bc00dc020000fd020000e1ff0000a0fa0000d5
:1008cc0075f5000090f20000aaf30000edf80000ae
:1008dc00860000005d070000d80a0000630a0000d3
:1008ec00df06000039020000cefe00001ffe0000f3
:1008fc00e4ff0000570200007f03000049020000e3
:10090c0003ff0000b4fa0000cff600001bf5000056
:10091c0091f60000e0fa000073000000540500009e
:10092c001008000010080000b0060000530600007c
:10093c002f07000095070000fe050000a70100002e
:10094c0026fb0000ecf30000c1ee000071ee00008d
:10095c0074f300007dfc0000500600007f0d0000c9
:10096c00211000000f0d00002b050000c9fc000039
:10097c0037f800006cf800007cfc0000a0020000be
:10098c00a4070000ef080000f1050000a0ff000024
:10099c00caf80000f2f3000072f2000006f5000045
:1009ac00fffa0000270200008d0700004909000033
:1009bc00b00800005c080000b1080000f508000059
:1009cc00d3070000790300003ffc000014f4000082
:1009dc00b1ed00001bec000084f0000028fa0000d0
:1009ec00e1050000c10e0000db110000030f000048
:1009fc00e606000048fd00000ff7000016f60000a8
:100a0c00b7fa000085020000ab0800006c0a000079
:100a1c004c0700009600000000f9000000f30000f5
:100a2c0037f10000acf400009dfb0000db0200007d
:100a3c004f070000b2080000a90800002c080000b5
:100a4c00cb07000078070000fe05000053020000f1
:100a5c0074fc0000a4f5000058f00000d1ee00007a
:100a6c00e0f10000fcf80000540200003b0a00001a
:100a7c00010e00002e0d00005b080000ec020000cf
:100a8c00cfff00006bff00005a01000021030000a3
:100a9c00430200007dfe00002df900008af40000e6
:100aac00a5f20000cff40000b6fa00000c02000022
:100abc00f20700009e0a0000d0090000cc060000de
:100acc005703000011010000bb000000670100008b
:100adc008d01000030000000fcfc0000dff800007d
:100aec004ef5000003f4000070f600002efc000030
:100afc00f80200001c080000cd090000fd070000f2
:100b0c00170500009d0300000304000066050000ab
:100b1c00e4050000e00300003fff0000d7f80000f0
:100b2c008ff200000cef0000e9ef0000a1f50000cf
:100b3c00b2fe0000970700006d0d0000830e000050
:100b4c001b0b0000a3050000a500000001fe000027
:100b5c0050fe00005a000000eb0100001e010000d6
:100b6c00b9fd000015f90000f0f4000037f30000a7
:100b7c0070f500007efb000021030000000900005e
:100b8c00b50a0000e20800006d060000e604000053
:100b9c003e04000046040000170400005702000049
:100bac0030fe00002ff800003ff2000009ef0000bb
:100bbc004ef000001cf60000dcfe00009407000064
:100bcc00c70d0000530f00001a0c0000170700009f
:100bdc00a1020000deff000015ff00001aff00005c
:100bec00ddfe00008cfd00009efa0000def6000029
:100bfc0014f4000020f4000009f800009cfe000032
:100c0c0052050000fe090000620b0000f109000013
:100c1c001e0700006f040000de02000051020000fd
:100c2c00a8010000ddff00009afc00006ff8000036
:100c3c0077f400002df2000025f30000d3f700003c
:100c4c00edfe0000fb050000010b0000a30c0000f2
:100c5c004d0b0000bd0800001c0600003304000012
:100c6c00db0200005e0100001dff000083fb0000a2
:100c7c0023f7000038f300001ef1000093f200008f
:100c8c00e6f70000cbff00009f070000b80c000047
:100c9c00c50d00007a0b0000f2070000a204000052
:100cac0090020000bc010000fb00000060ff00008f
:100cbc0059fc000058f8000056f40000c5f1000083
:100ccc0047f2000061f6000081fd00007b0500008a
:100cdc008c0b0000c40d0000580c00003b090000f8
:100cec0009060000c3030000540200004a01000082
:100cfc008aff000020fc000099f70000fdf20000c4
:100d0c0034f00000eff0000067f50000d2fc0000aa
:100d1c0030050000fd0b0000f00e0000a40d0000db
:100d2c00150a0000390600003d03000067010000b1
:100d3c0025000000e2fe0000d4fc000081f9000058
:100d4c006ef50000e8f100003bf1000063f40000d8
:100d5c00a0fa00007b0200007e090000760d000066
:100d6c005e0d0000a40a00007b0700009f04000039
:100d7c009c02000079010000620000003ffe0000b0
:100d8c00bffa000085f6000063f200005cf0000082
:100d9c00f0f1000030f700001fff00001b070000ff
:100dac00b90c0000a70e0000240d0000130a00006f
:100dbc00e3060000630400008e020000d400000073
:100dcc00aefe000049fb00000ff70000e9f2000046
:100ddc0020f00000b6f00000fcf4000032fc000033
:100dec00820400003f0b0000a00e0000220e000049
:100dfc00560b00002108000090050000e3030000e2
:100e0c00770200009c00000072fd000008f9000051
:100e1c0055f400006cf0000039ef0000b3f1000055
:100e2c0083f7000095ff000095070000310d0000ce
:100e3c00d70e00003e0d00004a0a000031070000ea
:100e4c00fa0400006b030000dd010000caff000083
:100e5c0035fc00006cf70000c5f200009aef0000b2
:100e6c006fef0000d3f2000061f900008501000073
:100e7c00f6080000a20d00007c0e0000990c00008a
:100e8c00ab090000d5060000e90400008a0300004d
:100e9c000b020000d8ff000013fc00003bf7000021
:100eac0063f2000017ef00001fef00009cf200003f
:100ebc0026f900004d010000c8080000a90d000033
:100ecc00ce0e00002d0d0000820a0000be070000af
:100edc009e050000ee030000f401000047ff000037
:100eec005ffb0000adf6000060f2000086ef000032
:100efc00a4ef00003cf3000091f900004d0100004c
:100f0c008c080000320d00003d0e0000be0c0000ed
:100f1c00490a0000fd0700002f060000b70400007e
:100f2c00150300006b0000002cfc0000f5f600001f
:100f3c0044f2000047ef0000f8ee000012f200004f
:100f4c0046f8000036000000e5070000560d0000d2
:100f5c00fb0e00005a0d0000b60a00003708000016
:100f6c005a06000023050000b703000072010000c0
:100f7c00b7fd000090f8000056f300007eef000073
:100f8c0044ee0000b0f0000062f6000042fe0000eb
:100f9c0065060000510c0000d70e0000c10d0000ca
:100fac000c0b000094080000ae0600008305000046
:100fbc0086040000dc020000aaff0000c7fa000053
:100fcc0015f5000050f0000012ee000042ef00009a
:100fdc00e5f3000026fb000060030000370a000068
:100fec00ec0d0000c60d00006c0b00004109000068
:100ffc008d070000a106000034060000fa04000072
:10100c003302000056fd00004af700009ff100007b
:10101c00f4ed0000aeed0000ebf000001bf700005b
:10102c001eff00009a060000d40b0000090e000001
:10103c000c0d0000b00a0000de0800008107000063
:10104c004c0600004205000069030000d5ff0000bb
:10105c00d0fa000050f50000aaf0000052ee00009b
:10106c000cef0000d3f2000020f900007300000028
:10107c0017070000bd0b0000320d0000370c0000fc
:10108c00a40a0000f8080000940700008b0600007a
:10109c0036050000f1020000e4fe000084f90000b7
:1010ac0010f40000a3ef0000bded00001fef0000e6
:1010bc0075f3000045fa0000a301000008080000c9
:1010cc00300c0000f30c0000c40b00000a0a0000f6
:1010dc006c0800005c070000780600005105000059
:1010ec001803000015ff0000aff900001af400000f
:1010fc00a1ef00008bed0000f5ee000074f3000092
:10110c0038fa0000a6010000f8070000240c0000cb
:10111c00e50c0000e20b0000710a0000da08000088
:10112c00fc070000fe060000a80500005c030000a0
:10113c001bff0000b5f9000007f4000094ef00005d
:10114c00d6ed000059ef0000c6f300001efa0000b7
:10115c00160100002d070000410b0000620c00007e
:10116c00570b0000f3090000c7080000130800002b
:10117c00780700006a0600004b0400005e000000c7
:10118c001bfb000060f5000078f0000007ee00008b
:10119c00e0ee000066f20000f2f70000acfe00008a
:1011ac0005050000dd090000d50b0000270b000031
:1011bc00e7090000d8080000a6070000d8060000c8
:1011cc003d060000f90400006a02000023fe000046
:1011dc00b7f8000052f300007bef00004aee00006d
:1011ec001af0000060f400005bfa00003d01000002
:1011fc00f9060000ce0a0000ed0b0000710a000099
:10120c001609000000080000ee060000a806000009
:10121c0033060000b4040000810100007dfc0000d6
:10122c00cff60000a6f10000a8ee0000d6ee0000fc
:10123c00b9f10000aaf60000fffc0000500300000a
:10124c001b080000eb0a0000b80a0000140900009b
:10125c0064080000b00700003e0700005b070000b8
:10126c00b2060000a2040000cb0000007efb0000d0
:10127c0000f60000a6f100007def0000f6ef000084
:10128c00c8f200006bf7000004fd0000960200009d
:10129c007b0700005e0a0000b40a0000e6090000ab
:1012ac000909000054080000d70700007907000066
:1012bc00ad060000c20400003701000054fc000021
:1012cc00f7f6000064f20000aaef0000a0ef0000a7
:1012dc0051f2000005f7000024fd00004d03000052
:1012ec0076080000420b0000450b0000520a00007b
:1012fc00340900002c08000079070000e00600000b
:10130c00e50500008103000077ff000043fa0000b0
:10131c00caf40000b3f0000033ef0000b5f0000099
:10132c00acf4000068fa0000ad00000022060000da
:10133c00d6090000030b0000620a00002709000018
:10134c0042080000c40700001d0700002906000029
:10135c00ff0300002e00000033fb0000c9f5000065
:10136c0067f1000077ef000071f00000e8f3000077
:10137c0064f90000b9ff0000810500008909000034
:10138c00c10a0000330a000065090000560800007d
:10139c0043070000a0060000d20500001f04000057
:1013ac00c6000000cefb000035f6000050f1000036
:1013bc0097ee0000bbee0000c6f10000def6000068
:1013cc0072fd00000c040000f1080000b80b0000d6
:1013dc006d0b0000b7090000a608000072070000a2
:1013ec00b90600008e060000ae0500008203000066
:1013fc006dff0000f3f9000059f40000f0ef00005d
:10140c005aee0000d9ef0000b9f3000063f90000b8
:10141c00f4ff0000ac050000ad090000360b000025
:10142c00f0090000ad080000220800005f07000072
:10143c00490700003a070000f80500001e030000f1
:10144c0076fe0000c5f800008ff300001ef00000cf
:10145c0051ef000042f1000046f50000aefa00002a
:10146c005c0000008805000065090000900a00007f
:10147c00dc090000f808000058080000f207000022
:10148c00bd070000660700002e0600005d0300008b
:10149c00fdfe0000c6f90000caf4000049f100008e
:1014ac000df0000076f10000e2f40000c8f9000035
:1014bc006fff0000ce040000f6080000900a000048
:1014cc000e0a00003e09000077080000a207000089
:1014dc004f070000350700005c06000028040000e0
:1014ec00650000004efb0000f8f50000e9f100007b
:1014fc001df00000dbf00000c2f300006af80000f1
:10150c00dffd00002e0300008e070000ba0900006a
:10151c00560900003f080000cb0700006a070000d6
:10152c004c0700008c070000220700006205000039
:10153c00f301000032fd0000f3f7000061f300003e
:10154c00b3f000009df00000f5f20000bdf60000c5
:10155c008cfb00007a000000f90400003308000046
:10156c00140900005f0800004b070000f0060000a3
:10157c0005070000fa060000fc0600005e060000ed
:10158c0054040000d00000004dfc00008af700005d
:10159c00c1f30000f3f1000037f2000067f4000023
:1015ac00fbf7000056fc0000df00000020050000e7
:1015bc00c10700001b080000af0700000207000075
:1015cc00800600009e060000ce060000d606000035
:1015dc003406000032040000e7000000b9fc0000f3
:1015ec005bf80000d6f400000ef300003ff300009f
:1015fc0017f5000014f80000f4fb0000e4ff0000f5
:10160c00890300008e060000a407000034070000c8
:10161c007d0600001b0600000c06000027060000db
:10162c00620600002a060000d90400004c020000eb
:10163c00bafe000082fa0000a5f600002df40000ae
:10164c006ef3000063f40000b2f600000efa000026
:10165c00effd00009f0100002405000016070000ac
:10166c0076060000b3050000940500004405000058
:10167c00a905000064060000990600002f06000072
:10168c006a0400003201000032fd0000f7f800008f
:10169c008cf50000ebf30000ebf3000063f50000a9
:1016ac0038f80000c4fb000058ff00009002000056
:1016bc000e050000c1050000f2040000a3040000a8
:1016cc0025050000910500005e06000040070000a3
:1016dc003f0700004b060000ef0300005a0000001b
:1016ec0052fc00007ef80000b0f5000088f4000009
:1016fc00f6f4000097f6000033f900005afc0000e5
:10170c006cff0000170200002d04000023050000f0
:10171c00100500001105000081050000fa0500000d
:10172c0080060000f1060000d5060000dd05000073
:10173c00d5030000e400000069fd0000fdf9000085
:10174c004af70000c1f5000079f5000070f60000c2
:10175c0068f8000013fb000011fe0000ff00000001
:10176c00d2030000a7050000a70500001405000027
:10177c00150500003605000089050000460600002e
:10178c00ca0600008a06000045050000c6020000db
:10179c0046ff00006dfb0000eff700009bf500001a
:1017ac00daf400007bf5000051f70000fef90000b0
:1017bc0003fd0000f8ff0000ac0200009e040000d6
:1017cc0012050000890400009c0400002b05000099
:1017dc009f0500007406000000070000ca06000008
:1017ec00b20500004f030000f0ff000032fc0000c7
:1017fc00bcf8000038f6000032f5000089f5000056
:10180c0001f700006af9000051fc000034ff0000f1
:10181c00c7010000f9030000f8040000e604000012
:10182c00e70400004d050000dc0500005806000030
:10183c00c4060000b3060000ad0500009d030000c7
:10184c00a200000029fd0000d4f900003ff70000c1
:10185c00d7f50000bff50000e0f60000f3f800003b
:10186c00b2fb0000a3fe0000830100003404000062
:10187c008d05000042050000e40400000605000090
:10188c0037050000c205000088060000de060000d7
:10189c004b06000093040000b10100000afe00009a
:1018ac004ffa000044f7000094f500005bf50000cf
:1018bc006ff6000080f800001cfb0000d9fd000052
:1018cc0080000000db02000066040000ac04000095
:1018dc0054040000ae04000034050000b9050000fb
:1018ec0078060000b50600005d060000210500002a
:1018fc00d1020000b3ff000055fc000044f90000c9
:10190c00f7f60000f3f5000007f600002cf70000d6
:10191c002af90000aefb00004cfe0000df000000c6
:10192c0079030000b004000093040000530400008d
:10193c00bc0400005e050000aa0500005f06000064
:10194c00b70600001f0600009a0400000402000005
:10195c00ddfe00009bfb0000b7f80000f1f6000074
:10196c005ef60000b4f60000e6f70000c6f90000d1
:10197c0008fc000057fe0000d300000044030000e8
:10198c00c5040000eb0400008e040000cd04000030
:10199c003c0500009c050000110600003a06000002
:1019ac00c30500004c040000f001000004ff00001f
:1019bc00e4fb000028f900006cf70000c0f6000002
:1019cc00fcf6000019f80000daf90000f4fb000046
:1019dc0049fe0000a300000027030000a304000040
:1019ec009e0400005c04000049040000bd040000db
:1019fc00400500009c050000f5050000ae05000048
:101a0c007a0400005402000082ff000084fc0000f5
:101a1c00dcf9000015f8000062f7000081f7000007
:101a2c0045f80000aaf9000099fb000096fd0000a3
:101a3c00a1ff0000c8010000b50300007504000000
:101a4c00ed030000f30300002b0400007b040000f6
:101a5c0042050000a5050000b80500003a0500008d
:101a6c00bb03000062010000a6fe0000e3fb0000c7
:101a7c00a6f900005bf80000f0f7000030f8000059
:101a8c0014f9000085fa000052fc000021fe000051
:101a9c001d0000006e020000d9030000e7030000e7
:101aac008d030000b003000065040000e304000097
:101abc00830500002c0600001006000050050000f5
:101acc00900300000b01000058fe0000c2fb000058
:101adc00d8f90000c8f8000072f80000b4f8000053
:101aec006ff900009dfa000015fc0000befd00001f
:101afc00beff0000c701000048030000ba0300004d
:101b0c0098030000ce03000048040000d504000038
:101b1c009c0500004b06000071060000be0500008d
:101b2c0025040000da01000027ff000082fc000001
:101b3c004bfa0000d0f800002df8000036f8000039
:101b4c00d4f80000f8f900007dfb00004cfd00000b
:101b5c0061ff0000a5010000830300001b040000ce
:101b6c00c9030000b8030000f9030000650400007d
:101b7c000b050000cc05000043060000f205000038
:101b8c00d3040000d60200004a000000adfd0000a6
:101b9c0053fb000098f900009ff8000088f8000043
:101bac0019f9000005fa000038fb0000b0fc000039
:101bbc0060fe00004c0000003902000066030000cb
:101bcc00850300001d0300000a03000057030000fa
:101bdc00c40300009f04000080050000d90500002c
:101bec00a10500009a040000ae02000044000000b1
:101bfc00bafd000070fb0000c5f90000e1f8000020
:101c0c00d2f8000046f9000027fa00005efb000045
:101c1c00b8fc000057fe0000330000000d0200006d
:101c2c000e030000ea0200008b020000a502000077
:101c3c00ff020000a3030000a1040000a2050000a5
:101c4c0051060000340600002e0500004b03000076
:101c5c00e30000005afe0000f9fb000027fa000028
:101c6c000ef90000c2f8000029f90000edf900009f
:101c7c00edfa00003afc0000b5fd000074ff000016
:101c8c0066010000ce0200003f030000d9020000f4
:101c9c0099020000aa020000dc020000b40300005c
:101cac00be0400008c050000da050000550500009c
:101cbc00fa030000e001000063ff0000f3fc0000e9
:101ccc00eefa00009cf9000010f9000034f9000055
:101cdc00d0f90000c0fa0000e3fb00003cfd00005e
:101cec00d7fe0000b00000004d020000e70200002b
:101cfc009b020000520200006402000099020000e6
:101d0c00570300007504000078050000060600006b
:101d1c00bd05000089040000840200001d000000c5
:101d2c00a7fd00007bfb0000f4f900002bf900007c
:101d3c002af90000aff900007bfa000093fb0000c9
:101d4c00edfc000072fe00005400000003020000d5
:101d5c00f0020000d90200006a02000065020000d7
:101d6c0056020000ea02000009040000030500000e
:101d7c00c7050000be050000e10400003e030000a2
:101d8c00f400000081fe00003efc000093fa00000d
:101d9c0097f900004ef90000abf9000053fa00006f
:101dac0029fb000039fc000072fd0000fbfe000066
:101dbc00ce0000004a020000b30200002c0200001a
:101dcc00bd010000530100003a0100002202000096
:101ddc00530300009304000095050000e405000087
:101dec0039050000a00300008c01000038ff000042
:101dfc000bfd00004afb000038fa0000c2f900009d
:101e0c00d3f900005dfa000017fb0000fafb00009c
:101e1c0008fd000062fe000015000000c501000076
:101e2c005202000008020000ca0100006d0100000f
:101e3c00300100005f0100005f020000ae030000f3
:101e4c00b7040000840500007c0500009b04000022
:101e5c00210300004e0100004cff00005bfd000060
:101e6c00c3fb00009ffa000018fa000000fa000003
:101e7c0068fa00002afb000029fc000065fd000048
:101e8c00d7fe0000b3000000fe0100002a02000093
:101e9c00dd0100003f010000a80000006b00000005
:101eac009b0000005c010000a9020000050400007a
:101ebc000705000064050000f7040000f2030000b1
:101ecc0060020000880000009dfe0000defc0000a7
:101edc008ffb0000b3fa00005ffa00007bfa0000f1
:101eec0009fb0000d7fb0000defc00000dfe00002b
:101efc007fff0000d90000007601000061010000a6
:101f0c0013010000b60000003f0000002400000098
:101f1c00720000002e010000580200007a0300003d
:101f2c004c040000d3040000d90400002904000074
:101f3c000303000087010000ccff000016fe000028
:101f4c0092fc000054fb000093fa000066fa0000bb
:101f5c00aafa00006afb00006dfc000086fd000080
:101f6c00e0fe00003e000000320100006a010000ab
:101f7c002b010000cb000000680000001d000000d9
:101f8c00ffff0000490000001f01000020020000bc
:101f9c003203000041040000f40400002b05000093
:101fac00c1040000d30300005e020000a700000083
:101fbc00f6fe000061fd00001dfc000037fb000078
:101fcc00ddfa0000f3fa00005ffb000039fc0000b2
:101fdc004dfd000081fe0000ecff0000e50000005c
:101fec002b01000021010000ea0000009700000016
:101ffc003e00000020000000260000004b00000006
:10200c00e7000000a10100004c02000007030000e3
:10201c008f030000e2030000d40300003d03000026
:10202c00480200000a010000a2ff000038fe000078
:10203c00f3fc0000f9fb000063fb00003dfb00001b
:10204c0072fb0000edfb0000c3fc0000d1fd0000a2
:10205c0005ff00002d000000be000000db000000aa
:10206c00d2000000910000004700000006000000b4
:10207c00daff00001d0000004d0000006d000000a4
:10208c00f00000007d010000df0100006e02000086
:10209c00f10200002c0300004e030000f8020000c7
:1020ac00520200005a01000017000000ddfe000083
:1020bc00b3fd0000bdfc00001dfc0000dafb0000bd
:1020cc00f3fb000071fc000034fd000043fe000037
:1020dc0083ff00007b000000f4000000ff00000004
:1020ec00f3000000b00000004100000025000000db
:1020fc001a000000100000003b000000610000000e
:10210c007f000000b5000000ee0000004c01000054
:10211c00b40100001202000085020000da02000087
:10212c00ca02000075020000e8010000ff00000078
:10213c00f7ff0000ebfe0000f7fd000030fd000093
:10214c00b0fc000083fc0000a0fc000017fd0000a8
:10215c00d5fd0000cdfe0000c1ff00005d000000b9
:10216c00aa000000a9000000770000005100000048
:10217c001b000000070000001f0000003b000000d7
:10218c00600000007a00000083000000a000000046
:10219c00be000000ed0000003c01000095010000b5
:1021ac000a0200006f0200008602000072020000aa
:1021bc002802000076010000a4000000b6ff000019
:1021cc00cbfe0000fffd000069fd000016fd0000c5
:1021dc000dfd000053fd0000defd0000a9fe000017
:1021ec007aff0000070000005200000062000000af
:1021fc00390000001900000001000000f7ff00008a
:10220c001a0000004e0000007b000000900000004f
:10221c009200000099000000a2000000a70000003e
:10222c00ce0000001901000082010000ed01000049
:10223c0028020000610200006c0200000e02000087
:10224c007f010000c5000000e9ff000019ff00003d
:10225c0062fe0000d4fd000085fd00007afd000048
:10226c00a6fd00000bfe0000a5fe000046ff0000ce
:10227c00bfff0000f8ff0000150000000d0000007b
:10228c00f0ff0000f7ff0000140000003c0000000d
:10229c007a000000aa000000b5000000bd0000009c
:1022ac00bd000000a8000000a30000009c0000007e
:1022bc0091000000a2000000ca000000f000000025
:1022cc002f0100005a0100004d0100003c010000ec
:1022dc00ef000000820000000a00000072ff000006
:1022ec00f6fe00008bfe000033fe0000fdfd00003a
:1022fc00fefd000037fe00008dfe0000e7fe000032
:10230c0054ff0000a7ff0000ccff0000e2ff00001c
:10231c00e1ff0000e2ff0000d7ff0000d6ff000045
:10232c00e0ff0000f2ff0000180000002b0000008e
:10233c0028000000270000003a00000049000000bf
:10234c00490000004800000051000000540000004b
:10235c004c00000050000000590000006900000013
:10236c00800000009a000000d1000000ed00000089
:10237c00ed000000cc0000009d0000007500000086
:10238c0018000000d4ff0000a7ff00005fff000052
:10239c0046ff000042ff000045ff00005eff00000a
:1023ac007fff000096ff0000acff0000cdff000097
:1023bc00d6ff0000d2ff0000ebff00000b00000076
:1023cc000d000000300000004c0000004300000035
:1023dc0060000000660000005f0000004400000088
:1023ec0036000000410000001c0000001800000036
:1023fc001a00000016000000270000002200000058
:10240c001500000013000000210000002500000052
:10241c001e0000002a00000012000000e9ff00006e
:10242c00d9ff0000c9ff0000c4ff0000c1ff00007d
:10243c00b9ff0000bdff0000bfff0000bcff0000a3
:10244c00c3ff0000c4ff0000c6ff0000c8ff00006f
:10245c00c6ff0000c5ff0000c3ff0000baff00006c
:10246c00c8ff0000e1ff0000e6ff0000edff0000e8
:10247c00fcff0000f8ff0000ecff0000e3ff000091
:10248c00f4ff0000f0ff0000edff00000200000070
:10249c0003000000fcff0000f4ff0000f6ff00004a
:1024ac00f4ff0000feff000010000000140000000c
:1024bc00260000003100000028000000260000006b
:1024cc0026000000220000001b000000120000008b
:1024dc0023000000410000004f0000005a000000e3
:1024ec005e0000004f0000003b00000033000000c5
:1024fc003a000000480000004100000043000000ca
:10250c005d00000066000000730000006500000024
:10251c0070000000870000005500000073000000f0
:10252c0048000000200000005d0000001f000000bb
:10253c004600000061000000300000005e0000005a
:10254c004400000033000000300000000d000000cb
:10255c0030000000260000002600000030000000c3
:10256c000c0000001c00000002000000f6ff000040
:10257c00150000000f0000002a0000001b000000e6
:10258c000d0000000c000000e0ff0000daff00006e
:10259c00cfff0000d6ff0000f4ff0000efff0000ab
:1025ac00f7ff0000f7ff0000d8ff0000e0ff00007d
:1025bc00daff0000daff0000e7ff0000e9ff00008f
:1025cc00f4ff0000f6ff0000f5ff0000f8ff00002c
:1025dc00010000000a0000000a0000000e000000cc
:1025ec00080000000a0000001300000010000000aa
:1025fc0012000000140000001d0000001a00000072
:10260c0017000000120000001c0000002700000052
:10261c0024000000340000004000000042000000d4
:10262c0050000000480000004a0000005d0000005f
:10263c00550000005c000000550000005b0000002d
:10264c00550000004f000000570000003c00000047
:10265c0031000000360000003f00000026000000a2
:10266c00520000005400000050000000e8ff000081
:10267c001400000086000000f9ff00002400000098
:10268c001b00000028000000faff0000d6ff00002d
:10269c00200000009dff0000a3ff0000b2ff00001f
:1026ac0085ff000066ff000063ff00005fff000075
:1026bc0051ff000063ff00005cff0000cdff000035
:1026cc001700000052000000fd000000c0000000d8
:1026dc001b0000004900000058000000140000001e
:1026ec00b9ff0000a8ff00006fff000081ff000091
:1026fc0065ff00002cff00005fff000030ff0000b2
:10270c0033ff000040ff000057ff00002eff0000c9
:10271c0048ff000037ff000042ff0000b9ff000037
:10272c001b00000087000000d70000005e010000c5
:10273c001e010000510000006d000000ad00000003
:10274c003e000000daff0000c7ff0000b2ff0000ef
:10275c009bff000075ff000064ff00005fff00009e
:10276c0047ff00004bff00003dff00002cff000066
:10277c002cff000024ff000035ff000095ff000037
:10278c000400000079000000e10000006c01000072
:10279c0094010000e0000000a4000000bb00000059
:1027ac008100000020000000f7ff0000d3ff0000b4
:1027bc00c3ff0000a4ff00009dff0000a2ff00006b
:1027cc007eff00008bff00006cff00005eff00002e
:1027dc0067ff00006fff000078ff0000d6ff0000cd
:1027ec008b0000001e010000b40100002702000055
:1027fc005902000097010000e100000037010000c1
:10280c00f6000000580000001b0000000a00000049
:10281c00f3ff0000f4ff0000faff0000eeff0000e1
:10282c00f6ff0000cfff000099ff000088ff0000ba
:10283c0074ff000079ff000082ff0000eeff000033
:10284c00930000001b010000f60100005202000082
:10285c00d401000092010000a50100004b01000012
:10286c009b0000003900000001000000c7ff0000c1
:10287c00adff000093ff00008fff000090ff0000f1
:10288c007eff00007eff000037ff000023ff0000ea
:10289c002fff00002aff00007dff0000adff0000ad
:1028ac0025000000b90000004d01000011020000dd
:1028bc00190200009c0100009a010000a801000010
:1028cc0027010000830000002c000000e6ff000040
:1028dc00b2ff000088ff00006fff000093ff0000b4
:1028ec0030ff000030ff0000fefe0000b5fe0000cf
:1028fc0009ff0000ecfe000010ff000082ff00004a
:10290c00f7ff00005c000000e1000000a0010000e7
:10291c0009020000d0010000cd0100008801000078
:10292c00c90000001b00000082ff00006dff0000ca
:10293c0012ff00009afe0000d4fe0000affe000063
:10294c0045fe000092fe0000dffe00005bfe000072
:10295c009efe000069ff00003dff000063ff0000c9
:10296c009dff000002000000440000006e0000000b
:10297c00940000007100000052000000fefe0000f8
:10298c0067fe000050fe0000f2fd0000fafe0000a1
:10299c0068ff0000b8ff00009c0000001c00000055
:1029ac0084000000db00000095ff0000a7ff000082
:1029bc0024ff000001ff0000d2fe0000c4fe000056
:1029cc0040ff000010fe000078fe000000fe00003a
:1029dc00e0fd000086fe000066fe00004aff0000dd
:1029ec0084ff0000b400000051010000a6010000ab
:1029fc00120200009d010000250100008300000070
:102a0c00c5ff0000f9fe0000b9fd000089fd0000c3
:102a1c00d9fc0000e0fc00004cfd0000f4fd0000bf
:102a2c004dfe000010ff0000e6ff00006c000000ef
:102a3c0069010000d1000000c60000004f0000003a
:102a4c00c8ff00006aff0000d2fe0000d4fd0000a9
:102a5c0057fd00004afd000008fd000079fd000054
:102a6c006bfe000075ff000036000000aa0200009b
:102a7c005b030000e40200003e0300008d01000037
:102a8c0096000000c8fe000075fd0000f6fb00007b
:102a9c00d7fa00005cfb000085fb0000affd0000d6
:102aac0080ff00002001000062030000a302000070
:102abc0050050000db02000017020000d5000000ea
:102acc0082fe00007ffd000016fc000077fb00007a
:102adc0081fa000040fc000078fc0000500000006f
:102aec00c8020000800500002d070000f40700005c
:102afc00130600007d0400005301000013fd0000cc
:102b0c00f0fb00002cf900006ff9000090f90000b8
:102b1c000afb000012fd0000afff00006203000082
:102b2c00c0040000c209000003090000c60a00002e
:102b3c00180800002404000076000000b4fa00001d
:102b4c008ef8000084f40000aef6000001f70000df
:102b5c0048fd0000b7020000dd080000260e000052
:102b6c00c40d0000e80d00006d040000ee01000033
:102b7c00f1f90000ccf2000042f8000078f10000fe
:102b8c0019ff00009dfd0000c00500008d0600002f
:102b9c008f0700002b080000d4030000a4060000df
:102bac00a9ff00009dff000071060000e2fa000082
:102bbc006c040000fafd000016fd000077ff000019
:102bcc00aefa0000b000000001f90000460200005f
:102bdc002efd0000110300004b0400004c0b000004
:102bec00c8070000590a0000eb050000aff900000f
:102bfc009d0500009cf20000d9fb000045fe000082
:102c0c0055f700003808000092f700002d06000070
:102c1c0058ff00001c05000036090000600500008c
:102c2c001d090000d90000002fff00005f04000008
:102c3c0060f2000036ff000070fa0000cff80000d0
:102c4c009308000087fd0000d107000031fc000054
:102c5c00d0ff0000bcf900006af90000d5060000a6
:102c6c00ce0d0000c90c00007315000079010000a6
:102c7c00e1f7000006020000b8e000001f020000af
:102c8c001ff80000f0fe00003512000072f6000084
:102c9c00a510000060f80000cf030000fb0300004b
:102cac004efa0000a909000095f800005308000036
:102cbc003d08000012f20000880800001ff100001f
:102ccc00aef500000f080000bef40000280900005b
:102cdc000efd000008ff000087fc000092fa0000c7
:102cec00d012000073050000920f0000fd070000d9
:102cfc006ce90000a2fa00003bfa00000eee0000a6
:102d0c001414000059fd000037fc00002a060000d6
:102d1c0013e60000730a00002500000010070000f5
:102d2c00a20c000026f4000091000000b4eb00009f
:102d3c00e40b000089020000b4f40000f41700005a
:102d4c008bdd0000470500002000000051eb000067
:102d5c0015150000d3f400003cfc00001302000029
:102d6c00d40c00002e1400006e060000edfe0000d6
:102d7c0090e1000018f00000b0130000c2f6000053
:102d8c004f1900005200000007d900002104000078
:102d9c0083f20000f4120000381c00004a0200000c
:102dac0082f300002ee300009df30000ad0800004c
:102dbc00901b0000c30f00002bf4000058e700002c
:102dcc00fdeb000049020000671b0000900a0000a8
:102ddc0034f000001ef1000043e90000c8030000bd
:102dec0029230000bf180000de080000b2ef00002d
:102dfc00aadf000046fa00005e1800002709000058
:102e0c00630200005cf2000032e10000f4fd0000ff
:102e1c00210c00000b1b0000f20f000034f100002d
:102e2c0097f3000002f40000cfff000053100000e5
:102e3c009b02000010fc0000a9fc0000ceee00007c
:102e4c00bb090000870e0000b0f700003e04000034
:102e5c0074ee000094ee0000b30f0000f4090000c3
:102e6c0018030000ea050000abf60000e5fb0000cb
:102e7c00ff25000002080000c4e100001afb00005e
:102e8c00f8ee0000db0200009213000020f50000b9
:102e9c0047f90000100100005d0700008b040000e2
:102eac0040030000920100005e0b00006112000064
:102ebc007af50000b4f20000e2fb0000b0ff000065
:102ecc00cd0b0000160300000ff000003cfa0000d0
:102edc006809000091000000e4050000faf8000009
:102eec00d4fe0000db0d00006bf000000c020000b3
:102efc00b10800001ff80000960700003f03000017
:102f0c0063ec0000dff900007d150000940b00005d
:102f1c0016fc0000b6fe0000e0f10000b901000054
:102f2c00a20c000044fb00004b1a00006fe50000ef
:102f3c000ee400000e25000011ff00004ef1000011
:102f4c002d0d0000d50d0000a0e4000072fd000066
:102f5c00b4160000b5ed0000b8fd00007a120000b8
:102f6c002df800009bf600007806000088ff00009a
:102f7c0078f90000880200001204000044fa0000f6
:102f8c005bff0000d0030000c2fa000064ff0000e9
:102f9c006efa0000d3020000db0000007712000084
:102fac00780b000045cb0000420300003a1f0000e4
:102fbc0030f800008ef6000065fe000012020000e2
:102fcc0068f400001d0e0000e310000022e8000071
:102fdc0040ff00008a15000066fe00001101000091
:102fec005df200008df10000e5080000e909000029
:102ffc0021fe00006ef0000001050000d209000067
:10300c00aaf80000d6fa0000f4fa0000d50000007f
:10301c0085040000f0110000b0f600006add00002d
:10302c00880e000007110000bdf90000fef500003d
:10303c00aff90000f80000006f000000830d0000e5
:10304c007b05000009eb000057050000561000003e
:10305c001d0600004602000066de000015f70000a9
:10306c00d61600007709000038f20000d6ed0000fb
:10307c00560f0000d60a00009bf5000040f9000036
:10308c0060fa000059010000e3090000cd020000c5
:10309c004cf60000fff300005e060000340b00004d
:1030ac0003fb000090f6000050fa000097040000ab
:1030bc00d503000065fc000059ff000098fc0000df
:1030cc0083ff0000fc03000020110000e0fc000066
:1030dc00f4dc00006e060000ef1b00004201000053
:1030ec0051e8000074f20000f60c0000240500000a
:1030fc009f050000050100007bfb00004f03000052
:10310c00c3130000de0b0000e7dc000084e90000c4
:10311c00231400003614000084f700004af100006c
:10312c00f10100002c02000047060000a50700007a
:10313c009df70000adf000002e000000fa0e00001c
:10314c00e70400001cf40000e2f7000099070000ff
:10315c00f50700001dfd0000c1f90000c3fc0000d4
:10316c00e4ff0000f30100003c0300005aff0000e4
:10317c00f2fb000070ff0000f90a0000440400009c
:10318c0035f00000a0fa00009a0d0000b00a000013
:10319c00b1f800002ded0000c0fe0000bf0a0000d9
:1031ac006d020000ae01000066fe0000a4130000da
:1031bc0024110000e0ee0000a5ec0000d4f90000a2
:1031cc00b8100000b00700003ced0000ccf200008d
:1031dc00fe0a0000a9190000130700004bf20000c2
:1031ec0041f8000010010000720700007304000099
:1031fc0095f80000c5fa000013ff00004904000018
:10320c00490700009ffd000031f90000c9fd0000d6
:10321c007a0500004c05000042fb000032fd000066
:10322c00a902000067fd000063fd000047020000da
:10323c00bf05000061010000e8f80000c6fb0000bb
:10324c00d0020000ba020000c4fe00004dfc0000d9
:10325c00d201000030010000d8020000580c000020
:10326c0076fa000088ef0000e4fb0000f50c00008b
:10327c00fc0f0000eaf6000081eb000033fb0000bd
:10328c00d90f00009e1000001efd0000e0f70000aa
:10329c00f0080000bf0a000065f70000ddec00003c
:1032ac00a1fb0000fc1000002a0800001af300002b
:1032bc0033f80000930d000022140000cff700003b
:1032cc007ee400000afe000076160000990f000054
:1032dc0030f200007feb00008e040000361400007a
:1032ec000909000064ef000007ed0000ad040000c8
:1032fc00301300006b0800003ef6000097f700004a
:10330c00540400000405000064fc0000f0f9000007
:10331c004b0100003a080000470300002afa0000a5
:10332c0001f8000061ff0000780600009e0200001a
:10333c0000fe0000a2fb0000c5080000300d0000dc
:10334c001cfa0000f3ef000043f60000990900009e
:10335c006e0f00009e01000064f300003df50000bc
:10336c00ad0600005c0e00004a070000b1fa000038
:10337c0071f600008c020000ca070000acfe0000d1
:10338c00eff6000021fa000071060000280700008b
:10339c005afb000060f6000078fe00002f0b0000c6
:1033ac007c0a000042030000c6fd00004cfa00003d
:1033bc0022fd00004efd000069fd000046020000e9
:1033cc0072060000440600009dfe000023f700007a
:1033dc002df9000045000000a8040000ae04000018
:1033ec000102000008fe000023fb0000ccfc0000e2
:1033fc00f0020000210600009802000053fc0000bf
:10340c00dcfb0000550000008e020000f6010000fd
:10341c0055fe0000d4000000b10500000c020000b5
:10342c005bfb0000b8f70000bbfe0000dd070000ee
:10343c006e060000b1fd00005ff700008dfc00007f
:10344c00ce050000130a0000c6050000fafc0000bf
:10345c0075fb0000a9ff0000c60200001cff000065
:10346c003ffa000013fc0000bb0200000c06000039
:10347c006902000075fe0000ecfd0000290200004e
:10348c00d80400002c0300007a0200001e0100008a
:10349c0008fe00006af80000ccf900002c050000c2
:1034ac00d80a0000ab03000041f6000055f50000ff
:1034bc00670100000e0b0000c5070000ccfa0000ed
:1034cc0059f6000044fe00008f060000b005000015
:1034dc0046ff00007ffd0000c4ff0000dbff000082
:1034ec000bff00002501000075040000980300008c
:1034fc00bdfc0000a4f80000a6fb0000b80300000f
:10350c002d0700005601000029fc00005efa0000a7
:10351c00cb040000f6080000f2fd000039f70000b3
:10352c0017fa000066060000ea0900000e01000010
:10353c00e6f70000c1f9000080050000ed0800006e
:10354c00ed0200008dfa0000c1f900005d040000de
:10355c005c060000fefc0000cbf600006ffb0000d8
:10356c0026070000a406000065fb000024f70000fd
:10357c0079ff00003b0b0000ad090000d6020000f3
:10358c0049fd00005efa000065fd00002ffd000003
:10359c00b3fd0000b8020000a3060000e405000023
:1035ac00c5fd0000e9f60000b5f90000d4000000ec
:1035bc00d204000087040000ac010000b5fd00003f
:1035cc0011fb000038fd0000710300001206000022
:1035dc000c020000f2fb00002ffc0000a500000014
:1035ec00a2020000b601000029fe000066010000e6
:1035fc00b80500007d010000d0fa0000dbf70000e8
:10360c00b4ff000035080000dc050000ddfc000004
:10361c0057f7000060fd00006f0600000e0a000066
:10362c00e1040000bffc00005dfc00001d00000078
:10363c00a90100003dfd000019fa0000d5fc0000b6
:10364c003b0200009d050000430400004f010000f8
:10365c00bdfd000037ff0000f90400007e070000ec
:10366c005204000044fc00003cf7000037fa000054
:10367c00ea010000ff06000069050000b5fe00002d
:10368c00e7f80000baf9000047ff00007a060000d6
:10369c000208000007020000e3fa0000b1f8000085
:1036ac0035fe00006e050000da060000dc000000ac
:1036bc00e5fa000011fc0000d60200005a080000d8
:1036cc007b06000062fd0000c3f50000e6f7000079
:1036dc00f3000000d0080000a707000063ff000003
:1036ec0070f90000a0f70000b7fb0000da0300003f
:1036fc00c10800005f060000f9fe000059fb000045
:10370c001dfe0000dc030000cb060000710300006e
:10371c009ffc000003f6000095f60000b7fe0000c9
:10372c0072060000840700003300000018f8000047
:10373c00cdf700002eff0000bd060000520900006e
:10374c00cf0400001bfe000036fc0000010000004e
:10375c0028050000f7040000d6fe000007f7000063
:10376c00c0f400001cfb000082040000880800006c
:10377c004304000036fc0000d7f9000084fd000073
:10378c0087020000c6040000dbff0000b7fa00004f
:10379c00e7f90000d2fd0000ad03000019050000a0
:1037ac000d03000007ff000009fc000053fd0000a2
:1037bc0035010000aa050000c6050000b800000095
:1037cc00e5f9000062f60000ddf80000d2fe000012
:1037dc001805000017050000430000008bfc0000da
:1037ec004efa000047fc00006c0100004a06000085
:1037fc003209000031070000ec020000b2fe0000ac
:10380c008cfa00004bf80000a4f8000023fb000029
:10381c00d7fe0000730300003c06000042040000c9
:10382c0046ff00007df90000abf9000087ff0000a7
:10383c006b0400003d0600004103000008fd000081
:10384c0054f7000071f600002ffc00004c0400003f
:10385c009a090000af0900000104000037fd0000c8
:10386c00edf8000091f900004aff0000320400005e
:10387c007f060000f50300006ffc00005bf6000003
:10388c003ff50000f1f90000c9000000ec06000053
:10389c0032080000a803000001000000b7fd000082
:1038ac0059ff00006f0400003407000057050000aa
:1038bc0064fe00000ef70000f4f2000080f400003b
:1038cc001efc00003e050000a70b00001a0c0000b7
:1038dc00060600004dfc000053f500001ef600002b
:1038ec0087fc0000f8030000d40700008f050000df
:1038fc0058ff000034f9000062f6000037f80000b1
:10390c0012fe0000df060000840c0000de0b00003d
:10391c006106000095fe0000e6f9000025f90000a4
:10392c0017fb00008dfd000029ff000022ff0000a6
:10393c000bfe00005afe00001fff0000a20000005a
:10394c00d90100009f0200007e0200005a01000015
:10395c0052010000cc0000009eff0000edfd0000b5
:10396c0000fc000043fb0000a0fc00007cfe0000fb
:10397c00610000000a030000b1040000a70400006d
:10398c0048030000f7010000ac0000002aff000013
:10399c002efe000099fd0000edfd00008cfe0000e5
:1039ac00effe0000caff00001a000000c5ff000077
:1039bc00fafe000088fe000054ff000042010000e7
:1039cc00fe0300007b050000bc040000b3010000f6
:1039dc007dfd000026fa000090f80000faf90000c6
:1039ec0031fe0000bf0200009e050000ce05000065
:1039fc008f030000f6ff00000cfd00008bfb0000a5
:103a0c0049fc0000f6fe0000740200006a0600008b
:103a1c001a0900006109000081060000e4000000a2
:103a2c000afa000049f40000faf10000e1f300008a
:103a3c0019fa000041030000760c0000d8110000b8
:103a4c00a910000076090000f5fe000078f50000d2
:103a5c0005f000004bf1000051f800004a01000095
:103a6c0010080000a90a00006e080000e201000026
:103a7c006dfc00003bf8000032f70000e0fb00009a
:103a8c00a6030000810c000049120000f411000094
:103a9c00b30a000039fe00006ff100009ce8000042
:103aac0018e700008ded000083f9000067070000a7
:103abc00d81200001a180000c1140000a80a000057
:103acc00ccfd0000c5f200004fed00008fee0000b1
:103adc00a0f5000066fe00006e05000070080000f6
:103aec002f0700003203000045ff00002ffd0000ef
:103afc0035fc000020fe00001002000093060000c0
:103b0c00f5090000930900005f0600009700000013
:103b1c005af90000b6f2000091ee000087ef0000a9
:103b2c006cf500006efe0000ec070000860e000035
:103b3c00d6100000570e000059070000dafd0000f7
:103b4c00b9f50000adf20000b5f4000061f9000019
:103b5c007afe0000ab010000330200000f010000f0
:103b6c00fcff0000fbff00004600000061020000ab
:103b7c00460600007b090000f60a0000210900003f
:103b8c00900400001bfe0000c7f60000c8f0000007
:103b9c00e7ed00004df00000e2f60000d3ff00005e
:103bac0047090000f60f000086120000cf0f00003e
:103bbc006c080000f0fe0000d0f60000eef20000f1
:103bcc008df30000a1f700003efd0000df010000b6
:103bdc00fc0300006903000079010000570000009d
:103bec00d9ff0000e5000000010400006e07000092
:103bfc00560a00009d0a0000460700003001000034
:103c0c001afa0000f8f30000ebef000074ef00006c
:103c1c00f5f200002cfa000077030000610b0000a5
:103c2c000d100000871000000d0d00006406000050
:103c3c00bdfd0000d7f60000d5f30000a5f4000090
:103c4c0005f8000028fc0000a0ff00001501000092
:103c5c00680100007c010000a90100003202000094
:103c6c00bf030000a30600005a0900006b0a000005
:103c7c008f080000ea03000058fd00006af60000ff
:103c8c0034f10000fbee000071f0000090f5000034
:103c9c00c7fd0000960600008a0d000068110000a8
:103cac00f8100000520c000087040000effb00002d
:103cbc00b6f500004df3000096f400004bf8000040
:103ccc00cefc00007b0000001e020000370200004a
:103cdc002a0200007c020000cd0200001c0400003f
:103cec009a060000c50800007e090000e7070000e6
:103cfc00f5030000d9fd00003cf7000043f2000082
:103d0c0001f000001bf100007af50000cffc000070
:103d1c00410500009c0c000012110000fb1000007b
:103d2c00e50c0000d7050000b0fd000037f70000df
:103d3c00f6f3000036f400002cf7000080fb0000c6
:103d4c00bafe0000230000009b0000008701000069
:103d5c00c20200001303000076040000d00600002d
:103d6c001f090000390a00001f0800008f03000023
:103d7c003afd000061f600000af100007cee000044
:103d8c0090ef000011f40000cafb0000b904000021
:103d9c00e80b00002910000071100000070d000056
:103dac00820600009cfe000034f80000aaf400001b
:103dbc0040f400001ff6000073f90000b7fc00008f
:103dcc0097fe000096ff00005f000000e00100007d
:103ddc004c03000092040000cf060000b80800005d
:103dec007a090000110800002704000095fe00006d
:103dfc0021f80000cef2000004f0000027f00000d3
:103e0c0035f3000018f900001a0100007f080000cb
:103e1c00990d0000860f0000ed0d000087090000d1
:103e2c001703000066fc000070f700005bf5000053
:103e3c00a1f50000a6f7000094fa0000cefc0000eb
:103e4c006afe0000baff00005301000007030000e7
:103e5c0083040000f30600009f0900002f0b0000f4
:103e6c00860a00000a0700007e010000a9fa000083
:103e7c001cf40000c5ef0000acee000024f10000c3
:103e8c00a0f6000091fe0000d5060000020d000017
:103e9c0051100000f60f0000450c0000d705000083
:103eac0089fe0000c7f800008ef50000faf400004f
:103ebc0074f6000067f900003dfc000003fe0000f2
:103ecc004bff0000aa0000008f0200002a04000033
:103edc00e90500004a080000060a00002d0a00004f
:103eec00d40700001e030000ebfc00005cf6000091
:103efc0084f100007bef00007ef0000061f4000014
:103f0c0009fb000029030000020a0000560e000005
:103f1c005d0f0000170d000035080000a601000021
:103f2c0055fb000011f700008cf5000004f60000b2
:103f3c000ef80000a5fa00009dfc00004cfe0000ed
:103f4c00d2ff0000a10100007c03000077050000f7
:103f5c0058080000f30a0000cb0b0000140a000004
:103f6c00c305000096ff00008bf8000070f2000003
:103f7c0015ef00002def0000bdf20000f7f8000077
:103f8c00fa00000092080000de0d00006410000032
:103f9c00770f0000900b000058050000aafe0000ef
:103fac007bf9000066f6000077f500006df6000066
:103fbc00e9f8000062fb000036fd000013ff000072
:103fcc003c0100008d030000be0500001b08000032
:103fdc00b10a00003e0c00006c0b0000dc07000076
:103fec00e8010000b7fa0000faf30000a7ef0000a8
:103ffc00a5ee0000d7f000000ff6000089fd0000d0
:10400c00650500007a0b0000f20e0000880f00001e
:10401c003f0d000052080000da01000013fc000004
:10402c000ff80000ccf500007af50000bdf600009a
:10403c00c2f80000fbfa000077fd0000460000000b
:10404c00d60200003d050000fa070000d80a000067
:10405c00d40c0000650c000062090000190400007b
:10406c0045fd000083f600004bf1000029ef000035
:10407c0043f0000031f400008cfa0000c501000090
:10408c00610800003f0d00008c0f0000070f0000be
:10409c009a0b0000110600003900000040fb0000e4
:1040ac007cf700006bf500005cf50000d5f6000015
:1040bc00eff8000087fb0000aafe0000b201000030
:1040cc0098040000960700008a0a0000010d000009
:1040dc00820d0000410b000074060000ebff000095
:1040ec0026f9000057f30000c0ef000054ef000069
:1040fc00d7f10000e3f6000081fd0000250400006c
:10410c00c30900007d0d0000030f0000e70d000047
:10411c00190a0000ee0400008dff0000aefa00004a
:10412c00e1f60000acf4000085f40000f8f50000a6
:10413c0034f8000025fb00008cfe0000f1010000ab
:10414c0065050000f8080000400c0000340e00006b
:10415c00b30d0000720a0000f404000005fe00001c
:10416c0020f70000b8f10000e5ee000012ef0000af
:10417c001df200009df7000069fe0000070500001d
:10418c002b0a0000850d0000cd0e0000640d000010
:10419c00910900008e04000066ff0000bdfa0000cb
:1041ac0018f70000faf4000081f400003df500005f
:1041bc000af70000d5f9000054fd00002b010000a7
:1041cc0047050000c5090000ab0d00006b0f000097
:1041dc00630e0000710a00006a04000077fd000005
:1041ec008df6000034f1000092ee0000ddee0000d0
:1041fc00fcf1000068f7000004fe00007f040000e2
:10420c00d1090000ae0d0000420f0000c20d0000ed
:10421c00250a000087050000740000009cfb0000cc
:10422c00acf7000034f5000053f400008cf40000ef
:10423c00eff500008af8000015fc00004b000000b0
:10424c00a6040000be090000810e00009c100000b6
:10425c009b0f0000b60b00007c0500001bfe00004d
:10426c0015f7000094f10000e5ee000041ef0000ae
:10427c001df200003af700007bfd0000a8030000cf
:10428c00be080000950c0000930e0000d70d000036
:10429c003b0b0000960700003f030000adfe000042
:1042ac0048fa0000fcf600000cf5000038f40000a1
:1042bc00d0f40000d8f600000efa00004dfe00000d
:1042cc001d030000e6080000710e00002a1100001a
:1042dc00b4100000780d0000f0070000e7000000ab
:1042ec00dff90000f6f3000037f0000060ef00008b
:1042fc0008f1000013f50000aafa0000b20000005b
:10430c001b060000910a0000d60d0000590e00009b
:10431c00650c0000350900002c050000c6000000eb
:10432c003cfc00005af80000a6f5000025f4000043
:10433c00ecf3000039f50000d0f700008efb000014
:10434c0025000000780500006a0b00005e0f0000dd
:10435c0078100000f70e0000980a00006d040000b1
:10436c0062fd0000bff60000c2f1000075ef000016
:10437c00e0ef0000abf2000090f7000062fd0000df
:10438c001103000007080000f40b0000f00d000002
:10439c004c0d0000140b0000d8070000b003000007
:1043ac0039ff0000d7fa000062f7000025f5000085
:1043bc0007f4000071f400005bf6000088f90000bf
:1043cc00d0fd0000bd020000be080000600e000021
:1043dc00de100000621000004c0d0000d50700003c
:1043ec00fd0000000efa00002bf4000081f000002c
:1043fc00adef000053f1000058f50000defa0000ac
:10440c00cc000000170600008c0a0000c20d000052
:10441c00150e0000140c0000ed080000fb04000059
:10442c00ac00000034fc000066f80000b0f50000a1
:10443c000cf40000baf300000bf50000aaf7000022
:10444c0083fb000044000000160600005f0c000017
:10445c00c70f000056100000800e0000ce090000af
:10446c00a8030000cafc000069f60000d8f10000a7
:10447c00e3ef000066f0000025f30000e1f7000018
:10448c0043fd000072020000490700003f0b0000d2
:10449c00310d0000b40c0000040b00004d080000ae
:1044ac006e0400002d000000d0fb000017f8000087
:1044bc0055f50000a3f300009cf3000031f500005b
:1044cc0016f800005cfc00006e010000ce07000036
:1044dc00c40d0000ee0f0000ba0f0000610d0000cb
:1044ec00710800008002000009fc000051f6000079
:1044fc0098f20000f1f0000088f1000039f400009f
:10450c0056f800004efd00003202000024070000a7
:10451c00670b00002c0d0000d70c0000140b0000e2
:10452c002a08000054040000c1ff00002efb00000c
:10453c0049f7000075f40000fbf2000028f30000be
:10454c00e0f4000021f80000abfc000011020000b8
:10455c0096080000820d0000080f0000910e00006c
:10456c00a50b0000d5060000480100004ffb000021
:10457c004df600001cf30000b1f100004cf20000fd
:10458c00baf4000086f8000018fd0000b30100002a
:10459c00bf060000240b0000d40c0000cf0c000060
:1045ac00a60b0000a008000069040000c1ff000079
:1045bc0003fb0000f8f600005cf4000014f30000ac
:1045cc0076f3000068f5000090f80000e8fc0000ad
:1045dc00f901000039080000220d0000b90e00009e
:1045ec00810e0000e00b0000700700004902000083
:1045fc0088fc0000a9f7000054f40000bbf2000096
:10460c00fdf20000c9f4000001f800002bfc0000d2
:10461c006b00000071050000770a0000dc0c000044
:10462c00aa0d0000df0c0000bb090000980500007b
:10463c00b0000000c9fb0000a6f70000cef400009b
:10464c0084f30000c8f30000a3f500007af8000022
:10465c006bfc0000c50000005a060000e30b0000d4
:10466c00f90d0000940e0000dc0c0000b8080000ee
:10467c0036040000d9fe0000d0f9000022f600003c
:10468c00d7f3000058f3000078f40000ecf60000bb
:10469c0068fa000038fe0000c5020000480800005f
:1046ac00930c0000dc0d0000620d0000520b0000aa
:1046bc006b070000bf0200009cfd00000df900001c
:1046cc00b7f50000d5f30000b1f30000def40000f4
:1046dc003cf7000092fa00006ffe0000fd020000a3
:1046ec00c70800009d0c0000b20d0000cd0d0000ad
:1046fc00540b00001d07000025020000b1fc000057
:10470c00f2f70000b3f4000011f300004bf30000cb
:10471c000ef50000dcf700008bfb00006eff0000c4
:10472c00c9030000ec080000a40c00009d0d000063
:10473c00200d0000890a00003e06000093010000d5
:10474c0061fc0000daf70000e6f400006cf30000f6
:10475c009cf3000044f5000014f800005ffb00001f
:10476c0009ff00005c030000500800007e0c0000f4
:10477c00fa0d0000b50d00005f0b0000f006000004
:10478c00eb0100007cfc0000bef7000073f400009d
:10479c00f1f2000064f3000064f5000088f80000fa
:1047ac0010fc0000b9ff0000cc030000f207000071
:1047bc00880b00008d0d0000650d0000510b0000f2
:1047cc00aa070000dc02000099fd0000d2f80000ee
:1047dc003df5000063f300007cf3000014f50000cd
:1047ec00b6f7000020fb0000a3fe000059020000f9
:1047fc00a3060000dc0a00008b0d0000fc0d00007d
:10480c00860c0000180900005c040000dafe0000b1
:10481c0076f9000069f50000f5f200008df2000059
:10482c0028f40000eff6000093fa00005efe000092
:10483c0007020000f7050000c5090000940c0000f9
:10484c00770d00005c0c00008e090000570500007d
:10485c004100000011fb0000c8f60000f1f300005d
:10486c00fdf20000f0f300002bf600005ff90000f1
:10487c0006fd00008c0000004904000071080000d7
:10488c00190c0000e80d0000830d00001c0b00004b
:10489c0010070000dd01000024fc000035f70000cb
:1048ac00c8f300002bf20000d7f2000032f5000034
:1048bc008ef8000092fc00004e000000e90300009e
:1048cc00ad070000030b0000ea0c0000e40c000034
:1048dc00180b0000a707000016030000defd000007
:1048ec00f9f8000041f500001ff3000003f300008d
:1048fc009df400006bf7000005fb0000b3fe000008
:10490c0015020000b1050000bf090000e30c000017
:10491c00fa0d0000c70c0000b10900002b050000c7
:10492c0090ff000005fa000075f500008bf2000006
:10493c00c6f1000024f3000013f60000ecf90000af
:10494c0003fe000099010000f1040000590800006a
:10495c000f0b0000740c0000320c0000150a000054
:10496c00a60600003702000037fd00009df800008d
:10497c0010f5000026f3000011f30000bef4000057
:10498c00b2f700004efb00000dff00007b020000a0
:10499c0004060000ef090000ec0c0000a70d00005d
:1049ac00620c00006909000002050000acff000069
:1049bc002afa0000b7f50000f2f2000032f2000013
:1049cc0080f300006cf6000040fa000049fe000085
:1049dc00c0010000e404000006080000be0a00004c
:1049ec00560c0000f30b0000160a00001407000020
:1049fc001603000054fe0000b2f900002af6000075
:104a0c00f5f30000a9f30000eff4000068f70000d4
:104a1c00e2fa000073fe0000c90100001e05000050
:104a2c00f8080000470c00003f0d0000660c000069
:104a3c00d4090000df05000039010000fafb00007a
:104a4c0089f70000adf4000076f30000f8f30000e5
:104a5c0004f6000017f90000bcfc00004000000048
:104a6c00420300006e0600009f090000e60b0000e8
:104a7c00790c00003b0b000085080000c20400000c
:104a8c0046000000b0fb0000d2f7000039f5000032
:104a9c002df400009cf4000072f600006bf900008d
:104aac00d9fc00000c00000034030000cb06000011
:104abc00540a0000660c0000be0c0000490b0000fc
:104acc001d0800001904000044ff00007dfa0000de
:104adc00d6f6000086f40000d2f30000d2f40000f9
:104aec0023f7000063fa0000ccfd0000f600000084
:104afc001204000060070000a60a0000100c000061
:104b0c00e40b00006b0a0000410700007103000079
:104b1c0000ff000096fa00002ef7000019f50000c7
:104b2c004ff4000018f500003ff7000032fa0000c7
:104b3c0092fd0000cb0000001f040000ce07000017
:104b4c00400b0000a80c0000360c00006e0a0000a0
:104b5c001c0700003a030000bafe000074fa0000c3
:104b6c0052f7000047f50000b5f40000a6f5000070
:104b7c00fbf70000edfa000019fe00003401000004
:104b8c00490400001c080000190b0000550c000023
:104b9c001d0c00000c0a0000da060000ee020000fa
:104bac006afe000043fa00001ef7000025f5000025
:104bbc00a6f40000a8f50000f1f70000defa0000f2
:104bcc00f3fd0000000100004e0400002908000065
:104bdc00ee0a0000fd0b0000650b0000460900000a
:104bec0069060000910200003bfe000052fa000032
:104bfc0039f7000035f500009cf4000090f500003a
:104c0c00c1f7000082fa000091fd0000aa0000002c
:104c1c00320400002a080000c70a0000f10b000053
:104c2c002b0b0000f10800003206000056020000b9
:104c3c002ffe000045fa00001ef700002ff50000c3
:104c4c008ef4000074f5000081f7000027fa0000d4
:104c5c002cfd000046000000f5030000ff070000db
:104c6c00980a0000970b0000f20a0000c20800002e
:104c7c00e20500002d0200000dfe00003dfa0000d0
:104c8c0023f700002cf500008ef400004bf500001b
:104c9c0044f70000e4f90000cdfc0000e6ff000042
:104cac00cf030000d6070000490a0000740b000077
:104cbc00a00a0000dd08000075060000b00200002c
:104ccc009cfe000093fa000044f700001cf5000065
:104cdc005af4000019f5000010f70000cef900009e
:104cec00eefc000014000000c2030000ac07000042
:104cfc006c0a0000ab0b00001c0b000078090000d4
:104d0c00d0060000fd020000cffe00009efa00005d
:104d1c003ff7000021f500004ff4000019f50000ea
:104d2c000ff70000d0f9000006fd00002d00000078
:104d3c00e1030000dd070000e30a00000f0c000097
:104d4c00820b0000b3090000b2060000f202000062
:104d5c00a1fe00008bfa000063f700004ff5000085
:104d6c00a5f4000083f50000b4f700007dfa000004
:104d7c0096fd0000b00000000b040000fe070000d0
:104d8c00bc0a0000fa0b0000d60b0000c60900009c
:104d9c00b1060000d40200005afe000045fa0000e3
:104dac0018f700001df50000a7f40000abf500009b
:104dbc00f7f70000e0fa0000f4fd00000801000025
:104dcc00790400005d080000030b0000ef0b0000ed
:104ddc00380b0000100900001c0600002302000024
:104dec00cafd0000f7f90000f9f6000010f500000c
:104dfc00a6f40000c0f5000003f80000cffa000094
:104e0c00e5fd0000fe0000009d0400008508000088
:104e1c00fd0a0000f90b0000f50a0000b3080000c1
:104e2c00da050000e2010000bffd0000e6f9000019
:104e3c00def600000df5000093f40000a2f5000072
:104e4c00c0f7000072fa00007dfd00009d0000001c
:104e5c006504000058080000c70a00009f0b000002
:104e6c00c30a00007c0800008c050000bf01000094
:104e7c009efd0000def90000e1f600000af50000de
:104e8c0090f4000076f5000084f700002dfa000085
:104e9c001dfd00003e000000460400002a08000032
:104eac00760a0000700b0000530a00008408000012
:104ebc00060600003002000028fe00003ffa000049
:104ecc0017f7000015f5000072f4000043f5000020
:104edc003ef70000e1f90000f3fc000017000000b1
:104eec0008040000fe070000710a00008c0b000093
:104efc00b10a0000ff0800006f06000093020000da
:104f0c0083fe00006efa000026f7000011f5000089
:104f1c004ef400001ef50000fff600009df90000a5
:104f2c00aefc0000c8ff0000d9030000ef07000032
:104f3c00820a00007d0b0000c70a00000209000075
:104f4c0055060000b7020000b1fe0000c2fa0000d6
:104f5c008ef7000061f5000078f4000024f50000e5
:104f6c00faf600006df9000052fc00006bff000027
:104f7c0034030000350700009a0900001d0b0000e7
:104f8c005e0b0000870900000e0700009c03000068
:104f9c004fff000040fb0000bdf7000066f500006d
:104fac0065f40000dcf40000baf600002af90000f9
:104fbc00fefb00001cff0000e402000010070000d4
:104fcc00bf090000f60a0000250b0000d9090000fb
:104fdc0076070000450400003d00000033fc000093
:104fec00b9f8000027f60000f9f4000032f50000d3
:104ffc00d3f600003ef90000fdfb0000d8fe0000d7
:10500c00490200005406000045090000fa0a00009d
:10501c008e0b0000700a000077080000be0500002f
:10502c00d7010000c9fd00001cfa000029f70000a0
:10503c007bf5000029f500005af6000072f800001c
:10504c0008fb0000f4fd0000260100002f05000005
:10505c0073080000730a00007a0b0000840a000039
:10506c00e808000093060000f5020000f8fe0000be
:10507c001afb0000eef70000e4f5000016f5000046
:10508c00d1f5000093f70000e6f90000bafc00002f
:10509c0096ff000044030000e30600001c0900001a
:1050ac00c30a0000ae0a0000040900003e0700001d
:1050bc005704000080000000c3fc000059f90000f8
:1050cc00d4f600006cf5000067f50000aff60000a8
:1050dc00cef800006cfb000026fe00007f010000f3
:1050ec002005000032080000ee090000810a0000d3
:1050fc00ef0900004308000027060000d80200005a
:10510c00effe00004bfb00002bf800001df600002a
:10511c0044f50000f6f50000b9f7000026fa00008f
:10512c00c9fc0000bcff000055030000690600002c
:10513c0076080000b10900002d0a000049090000a2
:10514c00d107000059050000ac01000005fe00006d
:10515c004efa000073f70000bcf5000053f5000098
:10516c0097f60000a1f800002afb0000e8fd000003
:10517c00f400000066040000e50600008208000050
:10518c009e09000091090000cf08000036070000be
:10519c00860400001701000029fd0000bef9000084
:1051ac0010f7000091f50000a4f50000d9f60000fe
:1051bc00ddf8000076fb000007fe0000190100007e
:1051cc004604000066060000410800003409000097
:1051dc0064090000c40800001807000096040000d1
:1051ec00fc0000003afd0000d4f900001ef700009e
:1051fc009cf500009ff50000dff60000f4f80000bd
:10520c0081fb000012fe00002e0100003b04000098
:10521c0038060000e10700003209000050090000c8
:10522c00840800001b0700009a04000030010000f5
:10523c0062fd0000e9f9000027f7000094f500007a
:10524c0097f50000d9f60000d7f8000074fb0000b9
:10525c0012fe00003201000033040000d2050000f1
:10526c00a8070000d408000004090000a1080000f1
:10527c0014070000bd0400004d01000078fd000083
:10528c0016fa000044f70000a3f50000b3f5000087
:10529c00e6f60000ebf8000084fb0000fffd0000c8
:1052ac002c010000180400008f05000023070000eb
:1052bc00a60800000a0900004808000005070000c5
:1052cc00c204000062010000cdfd00004bfa00009a
:1052dc006ef70000b7f500007ff50000aaf600009d
:1052ec008ff800001bfb0000c2fd0000f500000061
:1052fc00ad030000a60400006c06000026080000a8
:10530c00b00800009408000089070000fb050000ad
:10531c000d03000068ff0000f2fb000099f800008c
:10532c0060f6000098f5000038f60000cbf700009e
:10533c0026fa0000bffc0000deff00003203000074
:10534c0004040000ef040000ed060000fb07000061
:10535c00a8080000730800007d0700008705000006
:10536c0072020000c4fe000010fb000022f80000d6
:10537c0025f60000caf50000b2f6000061f8000046
:10538c00f0fa0000affd000083010000b303000041
:10539c00f70300003605000098060000bc0700006b
:1053ac00660800007208000092070000ad050000be
:1053bc0076020000abfe000014fb000016f80000a3
:1053cc0047f6000004f60000caf6000080f8000062
:1053dc0022fb0000f0fd0000da010000ad0300002c
:1053ec007c030000b8040000bd050000fa060000b4
:1053fc0017080000480800001d080000680600009f
:10540c0079030000fcff00001bfc00000af90000ff
:10541c00c8f60000f3f5000055f60000abf70000ed
:10542c0029fa000002fd000013010000990300009e
:10543c00cd030000b3030000c504000040060000cb
:10544c00190700007e080000790800009207000090
:10545c00bd0500003e0200007bfe0000d9fa0000f2
:10546c00e8f700002bf60000c1f500006cf6000018
:10547c0067f800000efb000099fe0000b702000068
:10548c0007040000c3030000380400008b04000074
:10549c008f050000fa060000c90700002a0800006a
:1054ac0068070000540500004302000071fe000074
:1054bc00d6fa0000f4f700002ff60000bff500004c
:1054cc0070f6000066f800003dfb000003ff0000d2
:1054dc003a03000050040000160400002e040000e3
:1054ec0071030000570400008205000098060000bc
:1054fc006b070000e2060000d50500006003000009
:10550c00dcff00005dfc000046f900000ef7000017
:10551c00fff5000008f6000065f70000cef900006a
:10552c002cfd0000e5010000220400000304000033
:10553c009a030000b0020000610200008f0200001c
:10554c002f040000a8050000920600003c07000094
:10555c00ed05000056030000050000006afc000089
:10556c0070f900001ff7000004f6000018f60000a8
:10557c0053f70000acf9000040fd0000be01000034
:10558c00580300003d03000019030000e90100006e
:10559c001701000018010000bf0200008e0400007b
:1055ac002106000061070000d7060000210500005d
:1055bc005d020000f2fe0000bbfb0000def8000004
:1055cc00eef6000040f6000086f600002ff8000012
:1055dc00bbfa000038ff0000c8020000e202000025
:1055ec002703000078020000860000004f00000036
:1055fc00060100004b02000013050000ac06000081
:10560c001f0700004c07000095050000e302000096
:10561c00c3ff00005afc000074f9000080f7000082
:10562c0077f6000045f600008cf7000015fa000034
:10563c0075fe00001002000091020000170300002c
:10564c00f102000051010000710000004c0000004c
:10565c00a8000000af02000025050000b106000004
:10566c00ac0700006a070000d90500006e030000bb
:10567c006200000014fd000013fa0000dcf70000cb
:10568c0090f6000055f600005df70000edf9000003
:10569c0011fe0000890100002003000082030000bd
:1056ac00c5020000e201000068000000abff000032
:1056bc005c000000470100000604000046060000e4
:1056cc00e8060000af0700008f0600005904000038
:1056dc00da01000083fe00008cfb000017f90000cb
:1056ec0078f70000a7f6000030f7000024f900005e
:1056fc00d5fc00003b01000063020000bf0200006b
:10570c00120300006c01000064000000ecff0000bc
:10571c00bcff00002001000019030000050500007b
:10572c009d0600001d070000ae0600001a050000d3
:10573c00a3020000a7ff00009afc000012fa000070
:10574c0040f800004ff700007df700000ef9000054
:10575c006dfc000005000000f3010000f5020000e4
:10576c00a7020000d6010000c2000000b6ff000036
:10577c0006000000920000009f0200003b050000a4
:10578c002206000042070000fd0600003305000061
:10579c00540300004f00000046fd00008cfa00008e
:1057ac0063f800002af7000007f7000078f8000003
:1057bc0065fb000010000000360200005c020000d7
:1057cc001b0300009801000050000000bbff00000c
:1057dc00d3fe00009dff0000bb0000006b02000028
:1057ec00d6040000070600001c0700003e0700005e
:1057fc000c0600002b0400009401000010ff0000b8
:10580c008efc000072fa0000e2f8000010f80000b4
:10581c007bf80000f7f90000ddfc0000ceff000073
:10582c00fe0000009e0100008b010000e40000005f
:10583c005d00000099ff000079ff0000cdff000023
:10584c00b60000003e0200006b030000af04000035
:10585c00a905000000060000f5050000d6040000b4
:10586c0002030000230100000cff0000d1fc00002b
:10587c00e5fa000092f900001ef90000aaf90000f8
:10588c005dfb0000cdfd000091ff00007d000000dd
:10589c001d010000e9000000860000000f00000060
:1058ac00a8ff0000c7ff0000d5ff00007600000035
:1058bc007e010000c701000092020000d803000026
:1058cc002f040000bf040000ec04000040040000a2
:1058dc0067030000c6010000a2ff0000bcfd000031
:1058ec00defb00004afa00008ef9000096f9000079
:1058fc00abfa00002ffc0000cbfd0000e5fe000021
:10590c007aff00005500000088000000a200000093
:10591c00770000004c0000003800000099ff0000e8
:10592c00e5ff00002a00000058000000fd00000008
:10593c005e0100000b020000e40200004f030000b7
:10594c006b0300002b030000780200003401000000
:10595c00a8ff000040fe000007fd0000effb000068
:10596c004dfb000053fb0000eefb0000c0fc0000f0
:10597c0090fd0000b9fe000056ff0000bcff0000c7
:10598c00d3ff0000c8ff0000ecff0000b2ff0000d6
:10599c003c000000f0ff0000d7ff00009f0000005b
:1059ac0076000000b30000002f010000c1010000d0
:1059bc000d02000010020000bb02000040030000ba
:1059cc000d0300009d0200000602000018010000fb
:1059dc00f7ff000004ff00000cfe0000bcfc000000
:1059ec0058fc00007dfc00005afc0000eefc00009e
:1059fc00d5fd000094fe000061ff0000daff0000fe
:105a0c00ebff000033000000820000008a00000061
:105a1c008c000000ad000000c5000000c5000000b7
:105a2c0097000000920000007e0000007300000050
:105a3c00b9000000be000000e8000000600100009a
:105a4c008d010000950100001402000057020000b7
:105a5c00cc0100006a0100001e010000470000009c
:105a6c0097ff0000bffe00000afe0000fffd0000d3
:105a7c008dfd0000bffd0000c0fe000015ff000002
:105a8c0059ff00001d00000051000000b000000094
:105a9c00270100002c0000009d0000000e010000fa
:105aac009900000018010000c10000003a0000003d
:105abc00470000005f00000081000000cc000000e7
:105acc00c8000000ba000000d0000000d6000000a2
:105adc00230100002c010000e90000009c010000e3
:105aec00880100000901000009010000c10000004c
:105afc0081000000f9ff000061ff0000ecfe0000d7
:105b0c0010ff0000f3fe00000fff000010ff00006c
:105b1c00befe00001eff000074ff000080ff0000ae
:105b2c00efff0000fcff000028000000a1000000b7
:105b3c00280000005200000038000000b4ff0000f4
:105b4c00e5ff00000700000002000000300000002c
:105b5c008400000028000000daff00005f00000055
:105b6c004e000000030000000c000000f1ff0000dc
:105b7c004800000071000000d2ff0000d7ff0000b9
:105b8c00aeff000030ff0000b1ff0000cfff0000af
:105b9c0098ff0000b3ff0000f9ff00006d0000004b
:105bac005d000000270000000e0000008eff0000ca
:105bbc0066ff0000cfff0000ffff00003100000077
:105bcc00750000006e0000003a000000f1ff0000bc
:105bdc0014000000750000005e000000540000007e
:105bec00d1000000cc000000a1000000ad000000be
:105bfc006200000005000000efff0000a2ff0000a3
:105c0c001dff00006fff00004aff000035ff000081
:105c1c006cff000056ff000094ff0000b4ff000072
:105c2c0098ff0000c9ff0000cdff0000100000002d
:105c3c00760000002c000000510000001e00000047
:105c4c00cdff0000eeff0000f1ff0000000000009f
:105c5c00100000005c00000009000000bdff000007
:105c6c004a0000003b0000000b0000003800000060
:105c7c0042000000bd000000030100003c000000d9
:105c8c0019000000c8ff000022ff000092ff000076
:105c9c00a2ff00002fff000034ff0000f5ff000002
:105cac004e0000000e000000ecff000085ff00001d
:105cbc00e8fe0000f5fe00008bff0000c8ff0000ae
:105ccc00ffff00003b0000002e000000d0ff000092
:105cdc003aff000076ff0000d6ff00009fff000097
:105cec00c6ff0000fbff00000f0000002f000000ab
:105cfc0044000000e6ff000067ff0000f6ff000014
:105d0c00090000006aff000012000000d6ff00002e
:105d1c0075ff000030000000840000007e000000d1
:105d2c0037000000c7ff000058ff000058ff0000bc
:105d3c00a7ff000005000000440000003300000035
:105d4c00d6ff00003800000001000000aeff00008c
:105d5c003e000000c7ff00001c00000042000000d5
:105d6c00d2ff0000e1ff00009eff0000a6ff000034
:105d7c00a6ff00000e00000068000000e0ff00001d
:105d8c00b7ff0000d7ff0000cfff0000f5ff0000b9
:105d9c001d000000600000008b0000005600000099
:105dac006200000043000000ecff00001d0000003a
:105dbc00070000000b000000400000002b0000005a
:105dcc006700000039000000140000002d000000e6
:105ddc00e6ff0000e3ff0000ffff0000e4ff00000f
:105dec00050000003a000000230000001f00000026
:105dfc002600000013000000390000006e000000b7
:105e0c00720000005c000000ebff0000e8ff0000e7
:105e1c00e0ff0000cbff00002a0000000c00000097
:105e2c001000000026000000fcff0000daff00005c
:105e3c000600000039000000730000005d00000047
:105e4c00c9ff0000d0ff0000aaff0000a5ff000062
:105e5c00f6ff00000d00000019000000e9ff000033
:105e6c00c2ff000007000000220000000400000038
:105e7c0015000000feff0000f9ff0000d7ff000036
:105e8c00c5ff0000daff0000efff0000f3ff000089
:105e9c00e1ff0000f1ff0000e1ff0000daff00006d
:105eac00b0ff000088ff0000b7ff0000caff000031
:105ebc00070000002d0000001a0000002000000068
:105ecc00d6ff0000c9ff0000e4ff0000deff000069
:105edc00fdff00002d0000001a000000d8ff00009c
:105eec00d2ff0000c2ff0000bcff0000d0ff00008a
:105efc00f4ff00000c00000015000000e7ff00009c
:105f0c00c8ff0000e2ff0000e6ff000028000000d0
:105f1c002a000000fbff0000f8ff00000900000051
:105f2c001f0000000700000006000000e3ff000057
:105f3c00cbff0000e0ff0000e0ff0000f7ff0000d7
:105f4c00eeff0000caff0000d0ff0000beff000003
:105f5c00cdff0000f4ff0000d5ff0000b7ff0000ec
:105f6c00a4ff0000baff0000ccff0000b6ff000049
:105f7c00bcff0000abff0000aaff00008bff00007d
:105f8c007aff000093ff0000a0ff0000a9ff0000b3
:105f9c0090ff00008dff00008dff0000a5ff0000aa
:105fac00b0ff0000a6ff0000b2ff0000b0ff000031
:105fbc00a3ff000082ff000075ff00007cff0000c3
:105fcc0095ff0000bfff0000daff0000daff0000c1
:105fdc00b3ff0000bdff0000b6ff0000b7ff0000dc
:105fec00f0ff0000f1ff0000f1ff0000e5ff0000f2
:105ffc00d2ff0000ddff0000edff0000fbff000002
:10600c00b8ff000078fe0000c2fd00005afd000041
:10601c0063fd0000c8fe00004cff00007cff000088
:10602c0065ff000080ff0000cb000000df000000d7
:10603c00670000005afe000030fc00006efe0000fd
:10604c007e0000004e0200009302000021010000bf
:10605c0097020000c2020000c203000054040000ba
:10606c004102000060010000b5ff000010000000bc
:10607c00f5000000bf000000e0000000030000007d
:10608c00940000006a000000fdfe000030fe0000dd
:10609c00aafc0000f0fc000054fe0000c1fe000051
:1060ac004aff0000bcfd000054fd00006cfc000029
:1060bc00cafa000054fe0000c90000006102000092
:1060cc000e02000047000000b7020000dd030000d4
:1060dc008905000042060000cf030000c00200004a
:1060ec00ae0000000c000000a0ff000056fe0000f7
:1060fc00f1fe000037fe00002afe0000bdfe00008d
:10610c009bfd000060fd0000c6fc00008ffc000041
:10611c00c1fc000061fc0000e1fc0000f0fc000090
:10612c0005fb0000cbfb0000700000002303000007
:10613c0013040000b4010000ed0000005402000044
:10614c0090020000460500000f05000079030000d6
:10615c0039020000700000007600000095ff00007e
:10616c00cdfe00002ffe00000bfd000035fd0000f1
:10617c00a0fd00007ffc000083fb00006cfa000017
:10618c0008fa00006df9000064f70000ecf900005b
:10619c0070fe0000b70100007a0300006a020000e4
:1061ac005b0300009304000059050000e1060000a9
:1061bc001505000008030000840100004a000000df
:1061cc00b6ff000081fe000080fd0000b9fc00005d
:1061dc0068fc000011fd00000afd000036fb000009
:1061ec0082f9000012f900000efa000001f800001c
:1061fc0067f90000a9ff0000600300002b050000f8
:10620c00a40300006a030000d00300001d0300007b
:10621c002a0500006d04000023020000fd000000b0
:10622c00f9ff00002b00000065fe000070fc000070
:10623c00b3fb00001ffa000080fa0000fefb000018
:10624c00a2fc000074fc000043fa0000c3f600003e
:10625c001bf80000040000001c05000040050000b5
:10626c003802000047010000370300003204000030
:10627c00c70600004906000044020000afff000002
:10628c00e9ff00007d00000031fd00007ff90000f7
:10629c004ff8000064f80000c9fa00000afd000085
:1062ac003efc0000b5f6000050f3000042fa00007e
:1062bc00f90100003a060000a40500002b030000c1
:1062cc006b040000aa050000cf0800007508000050
:1062dc00f302000005ff000080fc0000ebfb000057
:1062ec006cfc0000cefb000030f900004ff7000002
:1062fc006ef900005afd0000e3fa00001ef60000e3
:10630c0052f9000079ff00007703000059050000e6
:10631c00280600008a0600006d05000082060000b9
:10632c00400700003103000054ff000095fc000002
:10633c007ffa0000d2f8000052f8000010f90000bb
:10634c0097fa00006cfb00008ef800005dfa00006c
:10635c005a0100006c05000048060000e70400002c
:10636c00240600002d070000010500000f040000aa
:10637c00ef000000e7fd000033fc0000def9000038
:10638c0033f8000008f600003bf600002cf6000085
:10639c00a1f80000a70200005e0a0000750c0000c6
:1063ac00e70a0000730700009a0300007200000067
:1063bc009a01000075ff0000ccf9000046f70000c0
:1063cc009bf50000bdf3000025f30000bff80000b2
:1063dc0024010000770500002d090000b50d000018
:1063ec00040f0000740b00008a050000da000000a6
:1063fc00d4fb0000c9f900000ef9000033f50000d1
:10640c0067f200003fef00008bf30000ddfd0000a1
:10641c00b804000025090000da080000ef090000ac
:10642c00f10b00007d0c0000800b00009d030000b0
:10643c009bfd000097fa0000ddf6000044f600001a
:10644c00f6f60000a6f60000f5f200001af40000c3
:10645c00c6fe0000e1050000ec070000ef0800009c
:10646c00de090000380a0000520a00003e0b000052
:10647c005705000028fc0000b6f700005df5000091
:10648c00def30000a8f400003df3000054f400001b
:10649c007ffd0000800600001a0b0000290c000094
:1064ac008b0d0000820c000041080000c9050000a3
:1064bc004201000085fb00006bf6000048f3000071
:1064cc0019f3000098ef00001ff3000010fe00000d
:1064dc0031040000ea070000160900003c0c000023
:1064ec00320f0000c50e0000c60b0000a802000011
:1064fc00defc000004f90000f2f20000c2f1000022
:10650c00f5ee000098ee00009cf900005903000025
:10651c00b208000069090000b20900008b0d0000f0
:10652c00200e0000050e00000f080000e7ff000021
:10653c007afa0000c8f300005df100009bf2000045
:10654c00aef0000053f3000072fe00007106000074
:10655c00270a00009a0a0000fa0b00008e0d0000ba
:10656c00bc0d00006f0c0000f2040000bcfd00002c
:10657c008ff70000bef1000090f100008fef0000db
:10658c00f5ee000002fa0000a30300009f080000d3
:10659c00070b00008d0b0000970e00009d0f0000f4
:1065ac00b00f00003108000093ff0000b5fa0000a6
:1065bc00d2f10000c3ee0000dbeb0000d2ec0000d7
:1065cc0031fa00008d030000c3070000e30900004e
:1065dc00be0b000013100000e3100000461000007a
:1065ec0073080000abfe00000ffa00000df3000072
:1065fc00d9f00000a5ec0000edea000082f80000e4
:10660c003c030000810700001a0a0000880a000001
:10661c00cc0c0000020f0000a0110000e70b0000e2
:10662c0074010000f6fa0000b7f1000098ef0000ca
:10663c0054f00000e2ec000016f5000068000000c9
:10664c00940400002f0900000d0c0000990d0000af
:10665c004f0e0000e20f0000bd0c00001b030000f9
:10666c005ffe000023f5000014ef00001fee000099
:10667c00b7ea000047f60000f10200001606000021
:10668c00120700009d060000110b00004b0f0000cc
:10669c00a1110000eb0c0000bb010000c8fd0000c4
:1066ac00a3f5000021f10000f1ef00009cea0000ce
:1066bc00f0f500008d020000c906000094070000f0
:1066cc00220600000b0a00005e0d00007511000090
:1066dc00240d0000e001000085fd00009cf400008a
:1066ec00f1f0000082ee000056ea00002ff70000e7
:1066fc00ff020000b806000088070000b906000081
:10670c00350a0000eb0d0000aa110000330b00004d
:10671c0064000000ccfc0000a5f3000016f10000a2
:10672c00c3ee000008ea000081f700002704000017
:10673c0009080000290800005b060000980800000a
:10674c008a0d0000f5110000b80a00006f0200006d
:10675c00f6fd0000fdf50000f4ed0000d4e50000ae
:10676c0045ec000094fc00004f05000052080000ae
:10677c00d2040000f50300002d0e00005b15000094
:10678c00171200007909000006fd000019f2000044
:10679c0075ef0000bdea00008fea0000d0f60000a3
:1067ac004fff00005b060000330c00007309000073
:1067bc005c090000bf0f0000330f0000d30700007e
:1067cc00d50200002af70000cced0000ccf100004f
:1067dc004df100002bf2000022ff00003e080000eb
:1067ec00b0090000e5090000690500003002000056
:1067fc0076090000d90b000092050000fe03000092
:10680c0098fa000071f200005ef600008cf20000b5
:10681c00f1f100002ffc000032030000b205000073
:10682c003107000062050000f50300001d0d00009b
:10683c0047110000440a0000b80900000ffd0000d9
:10684c00c9ec0000fbe8000000e40000c3f200000b
:10685c00e304000092050000010800008c05000014
:10686c003d0400001c0f0000e7110000630b00004a
:10687c00f70400001dfb0000a2f400006af0000009
:10688c00b6e700001eee0000030000003c0800000c
:10689c00e10c00003c0a0000f70000001a060000a2
:1068ac00f00c0000030b0000710a00008c010000ca
:1068bc0094f5000054f1000027ea0000f5eb00000d
:1068cc0065fa000012030000dd08000061090000f9
:1068dc004a0500009e04000043090000840c0000df
:1068ec0081080000a405000000fe00007cf30000fd
:1068fc0095f2000022ef0000d6ee000069fd0000ca
:10690c007c090000070b0000b509000040040000e2
:10691c006aff000041070000780b000076070000ba
:10692c002207000017fd00006bf3000040f400008c
:10693c008aef0000bbf0000034fc00001d050000d5
:10694c0047070000d2060000f90400002d020000e9
:10695c00d20a000087100000360a00001f0a00004f
:10696c001cff0000c0ee0000b9ea000018e50000b2
:10697c0047f0000032030000240600002408000049
:10698c003f060000730300005a0d000004120000c3
:10699c00080c0000f3050000e3fb000095f4000078
:1069ac006df100008be80000feec00006bff0000b6
:1069bc0086080000810d00008a0c00000601000012
:1069cc00f90200003a0a000062080000550a0000b3
:1069dc003204000087f70000acf2000063ea00000c
:1069ec009eeb00008efb0000d00400008d0a00001e
:1069fc007a0800009d020000960100006d04000062
:106a0c00bf090000d50800007b070000a6030000aa
:106a1c0068f9000054f4000061ed00002deb00005b
:106a2c000afb0000ae0a0000110d0000c6090000b0
:106a3c00ca0200007bfb000004040000470a0000af
:106a4c008a090000b30c0000d9000000a5f5000075
:106a5c0056f1000081e70000c5ed000092fd00003a
:106a6c00920a00001d0d000059060000fe020000f5
:106a7c00ddfc00004a0500000c0c0000a60700001d
:106a8c005f0b00004d00000029f50000a6f300008c
:106a9c0086ed000026f00000dcf90000990a0000e9
:106aac00d60e0000c6070000bb040000e6f600008e
:106abc00a0ff0000040a0000ec040000cb12000050
:106acc00a10800001bf90000b5f4000023e700004a
:106adc0061f100002ef40000fafb0000d40d000060
:106aec00d6020000840800009604000024fa00007e
:106afc00830b000066030000ed0800006e1300001d
:106b0c00ecfd0000e3fc0000a5ee000016e7000021
:106b1c002df900006bf10000890000002f0f000020
:106b2c00790400007d0c0000de00000025f8000058
:106b3c002a060000f3ff00004e0900008d1600002d
:106b4c005f0a00008103000066ee000089df000090
:106b5c00f1e9000026ea0000cefc0000c1110000a3
:106b6c00300b0000910e000026050000b3f700006a
:106b7c002c040000eefd000034030000d1150000d1
:106b8c00e70a0000b90500002af40000fee100004d
:106b9c000cee00003fee0000bcf900005f1300009b
:106bac006d110000d80b000004050000a5f30000d7
:106bbc0012f90000830000007dfd000003120000ac
:106bcc00a3160000870d0000a2030000f5e40000ee
:106bdc00cce0000019ee000047f800006c04000047
:106bec00480a000043100000de0800009804000072
:106bfc00f5fd0000a5f30000d5ff00003c030000ec
:106c0c00bd0b000010170000300d0000d900000073
:106c1c007eeb000014e40000b3f00000a7f30000ca
:106c2c00a3fd000014100000380e0000290b00001a
:106c3c003106000048f20000baf80000c1fd000067
:106c4c002d010000b0150000e9120000f10e00004b
:106c5c0062fb0000ebdf00000fe400001cf50000fd
:106c6c005006000079070000040800002b0c0000ff
:106c7c00ec070000b706000020f9000009eb00004b
:106c8c00def40000af020000e80f0000c71800009f
:106c9c0085160000ae0a0000ecf20000a6e300002e
:106cac0069e3000085f3000071010000d7020000c9
:106cbc00590f00001c0e0000ff04000039010000f9
:106ccc00f5ee0000bff300008b040000610a000029
:106cdc00d716000068100000ba03000026f300006d
:106cec007fe50000dff0000011ff0000c00d000088
:106cfc005603000020fc00005e0a0000c7000000e4
:106d0c00b100000089f8000004ea00005f030000f5
:106d1c00520e0000211400009c1700009b0900007b
:106d2c009c050000a7ee000098dd00005ce7000069
:106d3c00b1f700000408000069080000fc0b00001b
:106d4c00f20e0000560400005eff000078f0000018
:106d5c000eef0000570200000d0b0000ad150000f7
:106d6c0036130000e6090000d4f800006fe80000bc
:106d7c004bed00002cf700005406000056000000fc
:106d8c0006010000010e0000030300005e04000079
:106d9c0068f7000024ec000024030000eb0900005d
:106dac00b4140000de140000440700003f00000093
:106dbc007ce90000bde400005ff1000086030000e8
:106dcc00071100009f040000040400005507000098
:106ddc0002fe000027ff0000efef00000ef10000a4
:106dec001809000078100000e61800005d10000083
:106dfc00f50600006ffb0000fbe4000091e50000cd
:106e0c003af1000088020000860b0000ca04000062
:106e1c00b50b00004d090000a0ff000072fb000044
:106e2c001bed00007ff90000860900008e100000a9
:106e3c00bb150000fa0b00004d01000048ee0000ed
:106e4c0002eb0000d3f30000a6010000af07000026
:106e5c0077fd00005b080000440600001e010000e6
:106e6c001e010000f1eb0000b0f900005d0a00000b
:106e7c00ed0f0000261900005b0a0000110600004f
:106e8c003cf60000d0e0000057e600009bf5000047
:106e9c00600e000083140000ad0300009a06000091
:106eac00ea02000034fc00001bfc00004eea00006b
:106ebc001bf80000000e00008e15000044170000a7
:106ecc00580a000063010000ccf10000e3e9000067
:106edc007df0000041fa0000bc0d000079050000b7
:106eec00f7f90000bc0b0000e5ff0000a00000005b
:106efc0044fd00008bec0000d9050000380e0000aa
:106f0c0032120000c6100000cb040000caff0000c3
:106f1c00a4ed0000a7e600003aef00001402000008
:106f2c00ab1900007b0b0000acf90000090200005b
:106f3c000af900002c00000027fb0000b5ee000051
:106f4c0005080000da130000601a00002614000087
:106f5c007a01000089f30000b4e60000b3ec0000f5
:106f6c00c1f70000a8060000fd0c000077fd000032
:106f7c00ec040000ff0700007bfb0000aafc0000f3
:106f8c006fef0000b4fb0000ae1000005b130000bc
:106f9c002f1600000b080000e0fd00000aed0000b9
:106fac00ebe10000aff100002c050000301d0000eb
:106fbc002313000089f00000c5fa0000c9fc000092
:106fcc00aafd0000e902000027ed0000fe01000010
:106fdc00631700007c1800005f12000059fc0000d1
:106fec0092f80000fbf300002eee00002df20000e2
:106ffc0069fa0000ea0900006c0600007302000048
:10700c00630900007ffb000099fb0000d9f700002a
:10701c0060f50000de09000023100000a71300003b
:10702c005c0e00007b020000caee0000badf00001c
:10703c00b2ee0000d8060000371a0000631a0000f8
:10704c006cf5000097eb00006a0200006dfa00007e
:10705c000101000001f8000039f30000e318000002
:10706c00ac190000870c000000fd0000bcf500000e
:10707c00e2010000c6f7000067ef000081f000009d
:10708c00c4fe0000320c000094ff0000aa070000b0
:10709c00dc0200004cf8000078ff0000bef200009b
:1070ac005fff0000060e0000d20f000096130000d8
:1070bc00e30600000ef8000003e300009be500006f
:1070cc0067020000fe130000f61b0000cefc00005f
:1070dc0035e60000950300007cfd00003bfd000040
:1070ec0008fd000074eb0000eb1300008e1f000085
:1070fc004d0d0000f5fe000036f10000b802000056
:10710c00f1fc0000f6ed0000b0ee00002cf90000e0
:10711c00e0140000c40a000081fb0000ef00000036
:10712c00b4f4000027ff00003bfd000015f5000043
:10713c00140d0000e5130000f012000056060000cc
:10714c0041f5000082ed000079ea000050fb0000e0
:10715c00530a0000a5150000120f0000fee9000004
:10716c009cf40000e8000000d2f30000b10600001f
:10717c006bf8000054020000c21f0000180d000044
:10718c007f03000002f6000056f6000008fe000027
:10719c0030f200006df4000006fc0000ee0d000063
:1071ac00ea0c0000e3f500006eff000041fb00005c
:1071bc00b9f800008e03000082f500005b050000aa
:1071cc0079160000ba0f000092080000aff800001a
:1071dc0026f100007cee0000b2f50000f704000080
:1071ec00740f000085100000a6f100005ef1000095
:1071fc000505000027f400000401000009fd000053
:10720c0064fb0000221f0000ff110000e1020000df
:10721c00d7f90000e5f2000099fe000056f30000db
:10722c00c6f000003dfd0000f70e00001815000030
:10723c00f7f8000005f600007bf80000fff30000f3
:10724c001c040000fbfc0000250400009419000045
:10725c008d110000740400005df40000d1ee0000fc
:10726c0044f3000075fa0000cc0500009b0c0000f4
:10727c00f60c00004ff10000fff300004405000085
:10728c0064f10000afff0000a0fc000066ff0000ee
:10729c0046200000860d00004601000065f9000044
:1072ac00eef60000bc010000dded000081eb0000fb
:1072bc0037ff000046170000ea1a0000c0f5000076
:1072cc00c1ee000068f50000e1f40000ee040000df
:1072dc00c6fc0000640600005f1f00006412000082
:1072ec007bfb00003beb00007df20000e1fe0000a8
:1072fc00c60000006b000000620500006bff000080
:10730c0042f500005b0a0000faf90000deef000015
:10731c00c3fd0000daf6000043140000191600004b
:10732c001e060000d20600002afb00003bfd0000f8
:10733c00a4eb0000acdd0000c1f900001720000038
:10734c00bb2b000063ff00005ae4000000f40000b7
:10735c00c2f50000b6ff000036fd0000dbfc0000ab
:10736c00621d00006f1f0000cfff0000ece3000067
:10737c0006ed0000690900001b0d0000a5fb0000d4
:10738c00d7f60000e0f80000a5f70000fe110000a1
:10739c00f3030000bfed0000defb0000d5f700009a
:1073ac00db090000d30e00003d040000050e0000b8
:1073bc00a7070000c8fd000081ec000006db000000
:1073cc0032ef00001e1a0000ae2d00008d0d0000e3
:1073dc00bae7000045f100003bf7000084f500001f
:1073ec00bffc0000a1fa0000981700006126000005
:1073fc006e06000048e70000c2e50000b50400007e
:10740c001e110000c7fd000018f5000015fe00005d
:10741c00e6f8000011060000e20800002bf0000066
:10742c0035fd0000bdfd0000d3ff0000a90b0000de
:10743c0098030000b70c0000620b0000fefe000079
:10744c0071f30000d1e2000004eb00008f09000092
:10745c0078250000281a000020f00000fdee000046
:10746c00bcf8000040f100000efb0000defb000049
:10747c00120e0000f52500009e0e000098ee000094
:10748c00b7e60000f3fc0000ba0e00003400000068
:10749c0097f400005dfe00001af90000d600000011
:1074ac00010f00006af60000c0f7000040fb00006e
:1074bc009afa0000840c0000a7070000d40a000010
:1074cc00d80c000088020000d2f600006de4000029
:1074dc0012e70000b2fe0000af1f0000d720000032
:1074ec0068f9000079f20000c8f600009aec000080
:1074fc0050f5000008fb00008d0d0000f725000082
:10750c0027140000fdf20000b9e8000020f800008c
:10751c0068070000c1ff000094f500008d02000018
:10752c009bff0000a80000005f0d000085f4000028
:10753c00a9f20000f0f900002dfb000091100000f2
:10754c00ed0c0000370a000083090000e8fd000084
:10755c00bcf6000075e800006ded00003600000080
:10756c0045190000a91800005efa00006ffd00002c
:10757c0066f50000e5ea0000fff3000097f7000055
:10758c00251500001e2300002610000068f50000e1
:10759c00dbea0000dffd0000d000000059f800001d
:1075ac0073f60000d00500004a0b0000e500000057
:1075bc00580500001af4000013f00000d0fb000086
:1075cc000bfc0000df0d0000061400001a0d00007b
:1075dc005e030000dff60000a0f4000032f10000b2
:1075ec0026f50000360500000814000057020000c4
:1075fc00c4fe0000c408000042f50000f2f00000d8
:10760c00e8eb0000c5f8000050190000771c0000e2
:10761c00d60d000095f80000e0f40000f2fe00002a
:10762c0075f200009eed000016fb00007b130000bd
:10763c002316000082fe0000a0fc00003df00000bc
:10764c0060f000003ffc000067fc00008c100000a4
:10765c00551c00004b1000003af80000c9ed00006a
:10766c004af40000bafc00001ffd0000db0400001f
:10767c004d0c0000aaf9000070060000c9060000bd
:10768c00d2f10000abf300000cf00000c2010000ce
:10769c00c91500004c1600004b0a0000e0fd00006c
:1076ac00a2f9000077f50000eaed00007eee000084
:1076bc004d060000181c0000180f000084fa000092
:1076cc00d8f8000067f100009df4000046f90000b6
:1076dc00effe0000b8150000221d0000900b00000a
:1076ec0003ee000046ee000038fd00000902000029
:1076fc007bfe000076ff0000040b0000dbf80000ae
:10770c00ae010000ef05000092f4000087fb0000c2
:10771c00c8f1000006ff00007f1100005f1400009c
:10772c00110d00002dfb000046fb00004ff800007f
:10773c009ff00000c4ef00003800000006180000a5
:10774c00340e000051fe0000defc000023f20000ad
:10775c0065f3000043f6000056fd0000c81300005e
:10776c00321d0000e30f00003af10000faed0000ba
:10777c007dfa0000a0fe000066fe0000abff0000da
:10778c00bc0d000059fb000041ff00003d0700004c
:10779c0039f300004afa000050f2000067fd0000c7
:1077ac005b130000c3130000880d000006fc0000f2
:1077bc0066f90000c8f800006aef000004f0000051
:1077cc0082010000051a00005710000064fa000046
:1077dc0067fa000031f200002ef5000006f90000f7
:1077ec0085fc000046140000a21c0000ff0d0000e8
:1077fc00baef0000a7ec000080fd0000b90100000a
:10780c00c6fe00008cfe0000d80a0000b2fa000090
:10781c008aff0000b105000007f5000096fc00008f
:10782c0081f30000a6fe00001c10000001130000f4
:10783c00380d0000e4fb000095fc000015f700007b
:10784c0022f0000037f000001c0100006c19000051
:10785c00120c000023fe00001ffd0000ecf20000e3
:10786c00b7f40000acf3000038fd00004f15000029
:10787c00a31d00002a1000005ded00007ded00004e
:10788c00b5fe0000ecff0000a0ff000094fb000020
:10789c00840e000051fd0000acf800006e070000e3
:1078ac0072f400002101000048f5000092f800007d
:1078bc00671000003c100000b311000095f90000a7
:1078cc00abf80000e4fd0000e0f1000017f300004d
:1078dc00b5f90000a815000039120000d1f900001c
:1078ec00c3fd00001af40000eff60000b3f800002e
:1078fc0014f60000d81000006d1a0000721400007d
:10790c00a5f5000093e600001b000000020000003b
:10791c00b9ff000054fb0000b1090000a70a0000e9
:10792c0013ef00002a010000cdf9000032ff000027
:10793c008f030000f9ef0000ca0800007e0e000063
:10794c0088100000890400007def00005d0300003a
:10795c0070fc000092f10000d5f70000d804000084
:10796c0053160000f6fd0000cdf80000a3fe000049
:10797c001bf6000082ff0000adf3000007ff0000c3
:10798c00c71600000d15000044090000bbeb0000f9
:10799c0013f600005c0200004dfa000093ff00009b
:1079ac00b7020000690d00000af7000031f8000072
:1079bc001d05000096f800009f0400009ef30000d7
:1079cc002ffa00004c120000c50d0000f30e000051
:1079dc0019f50000e1f80000a3060000ffee00001e
:1079ec0082f50000dd0200001a100000d208000031
:1079fc00def3000057ff00004cfb0000c4fd00004c
:107a0c00e0f9000090f20000b50e000086160000b0
:107a1c00f611000077f800009aeb0000b2020000ab
:107a2c002efc000003fc00008a010000200a00006c
:107a3c007f040000f1f000001802000078fc000048
:107a4c008600000009000000d4ee0000c70800000a
:107a5c00f60f0000cb1000001204000028f000000c
:107a6c00b8030000f3fa000017f0000033fd00002b
:107a7c00ed060000941000003cfb0000c1f9000072
:107a8c00c9ff000087f800009f00000059f10000ba
:107a9c002fff0000b8150000ad130000a90900006d
:107aac00e6ec000078f600000601000090fa0000f9
:107abc0038ff000091020000130c000016f80000c3
:107acc00c9fa0000f102000021f60000f8020000e3
:107adc0013f50000fdfb0000f51100008c0d0000fb
:107aec00b60c000040f800004bf80000ee0000005f
:107afc00a0f100002cf700004f010000240f000043
:107b0c008906000034f70000520200009af50000cc
:107b1c00d5f9000039fa000065f700007a12000070
:107b2c00731400005b0c00008ff80000f7ef0000ee
:107b3c00bafd0000dbfa000075fd000099020000a0
:107b4c00360d000048fe000083f20000a106000084
:107b5c0038f80000e0fc000052fc0000d2f30000fa
:107b6c00950f0000101100005c0b0000d9fe000006
:107b7c0068f40000c501000058f700002df3000068
:107b8c00a3fe0000480a0000680b00005cf800002f
:107b9c00f3ff0000bdfb00000cf6000094fd00009c
:107bac00cff40000d1070000de1500001a10000011
:107bbc005f000000baee000064fa00004afc00000e
:107bcc0005fc0000d8020000140900005906000052
:107bdc0086f0000097ff000065010000f4f800003b
:107bec00ae010000a3f20000fc00000049130000ed
:107bfc00ee0e00009c050000f3f30000eefd00000b
:107c0c00bdfd000057f000007ffd0000cc07000018
:107c1c00380d000080fb0000e5f50000f0030000cb
:107c2c00b1fa0000c3fe00001df70000d1f6000001
:107c3c00651100005a160000100a000080f30000c5
:107c4c00aff4000025ff0000a5f90000b4ff000010
:107c5c00cd040000620b000039f900009bf300001a
:107c6c004408000048fb0000bafe0000e1f90000e7
:107c7c002ff300002b0e0000d3140000390c000071
:107c8c0070fa0000aef7000026ff0000e6f30000db
:107c9c0086f7000008010000850d0000e8050000d3
:107cac000cf600008404000032fa0000a0f600007c
:107cbc0003fc00005df60000da0c00004518000023
:107ccc00820c000039fa000036f40000c2f8000003
:107cdc0068f800000aff0000a7040000230e000053
:107cec00f0fa0000c1f1000001090000a8fc00003e
:107cfc00f2fa0000b6f900001df40000f70d0000c8
:107d0c0085160000760c0000ccf900000cf8000081
:107d1c0034fa000054ea00008502000070140000e0
:107d2c005d0c0000eeff000096ea000044f300003a
:107d3c0078000000830500002d0700006af60000a3
:107d4c009efb0000721400008e1200009afa0000d4
:107d5c0062ee000085f6000051090000431100009e
:107d6c00f7fd0000b6f70000beec00006df400005b
:107d7c00461b0000ff050000e0f70000abfb000015
:107d8c000cf1000087070000aa0c0000b5040000ed
:107d9c00ac080000920700002bfe0000bae70000c0
:107dac00a3ef0000410500004f130000f9ff000095
:107dbc001eee0000110a0000c9090000b904000001
:107dcc008cee0000d5e10000240a0000b91f000071
:107ddc00921c00002dfe0000fce900007bf200006c
:107dec000af900004d03000015ff00002c0c0000e8
:107dfc0059fd000043fb00007a100000eff1000079
:107e0c0011f8000007f7000057f900008d1600006c
:107e1c00c4110000910e00007600000044f0000038
:107e2c00dff00000e0f50000d6fd0000ce0c0000f5
:107e3c0075ff0000c3f300000d160000c80400001d
:107e4c0075f2000022ed000072eb00008b120000b6
:107e5c008c1e000099150000f6080000f6f10000d9
:107e6c00abe20000fef300008b000000a80c000049
:107e7c00850a000056ef00005c1200006e0d000039
:107e8c0093ef000001eb000071e70000f60f00001b
:107e9c00731d00001a140000a3060000e4fb000090
:107eac009ef4000014eb000096f8000007000000a0
:107ebc00290e0000b0fe000040fd000095160000e9
:107ecc0030fa0000c6ed00008aea000014fa000047
:107edc00ed170000b4180000a40f0000c4ff000050
:107eec0079f70000ddea00003ef000004e020000d1
:107efc005a0e0000e40c000023ee0000a90600005e
:107f0c004f1100006bf30000caef000012ee0000ee
:107f1c009506000000190000b013000028060000b0
:107f2c0070fa00003efd00008af100000ff3000023
:107f3c00c2fc0000260700000108000044f9000004
:107f4c007210000050040000beec000035f500007b
:107f5c00e3f300000109000027180000471300009c
:107f6c0081060000a5f700001cf200002ded0000ba
:107f7c00bdfb0000eb050000e00f0000ea02000072
:107f8c00d3f400003f0f00006afb000058f1000022
:107f9c001ffb0000c4f30000dc0b000021160000e6
:107fac005c1000009604000074f700008df00000d7
:107fbc00dfe70000db050000e9130000c00500004e
:107fcc00d5f300001ef500009f0d00005dfd0000c4
:107fdc00e1fb000098fc000086f00000100b000094
:107fec00c416000094100000530000001ae30000b7
:107ffc0008f10000af120000a70b0000e4fe000027
:10800c00fbed0000bbe600001c1d00008918000001
:10801c0053ef000027f400008ff000008e030000e7
:10802c003f100000a3090000090d000075040000ba
:10803c001bf50000a3ed00005bfb000058000000e6
:10804c00ba020000c8f4000012fd00005e1a000025
:10805c0009080000affc0000cdea0000eeea0000c9
:10806c009004000090120000a1200000fe0d000002
:10807c0023f0000016e00000d7ef000040060000df
:10808c000f0e0000f10200006df000002215000040
:10809c00fe0c00009bf20000f4eb00007cec0000f6
:1080ac00ea0e0000a11400005b1400002809000077
:1080bc003afa000038ed000084ea000019fd0000d7
:1080cc00670a0000c904000022ed0000381000000f
:1080dc001714000047f7000018eb000009e8000037
:1080ec00780e000019130000de1100005e0f000076
:1080fc00b5ff00008bed000072e30000cbf6000032
:10810c00680a0000550e0000a4f10000e709000009
:10811c00fc160000e6f40000c8e9000027e30000ac
:10812c003f0e0000281b0000510d00006b090000e1
:10813c0097000000e9f90000f7e40000f4ef0000fc
:10814c00b20400008314000011fd0000ebf50000e8
:10815c007416000034ff0000a9ee0000cae3000012
:10816c00dffd00002f1f0000a01000006b070000b7
:10817c0054fd00002600000021f3000071ea00000d
:10818c00aefa0000890d00006e0d0000e5f0000055
:10819c00fa040000870d000021f70000baeb000084
:1081ac00eded000032110000371800000a0d000040
:1081bc00f9ff0000d7f900000e0100006eee000080
:1081cc00adef0000edfe000088100000d30c0000a5
:1081dc00f0ef000096070000b201000048ef00002d
:1081ec0060f7000035f70000091400006716000066
:1081fc00fe07000001fb00000cf400003bff000038
:10820c004cf20000c0fb0000e40200007b0f0000f9
:10821c008e01000042e700008f110000f6fe000006
:10822c0081f500005dfd0000c0f000000c140000a2
:10823c00101100007c070000f6fd0000c4f70000e0
:10824c0021010000bbef00005df70000d7fd00002e
:10825c00971000000c06000052ee0000c50e000046
:10826c0077fa000024f70000f9fa000070f0000023
:10827c00ae130000ec140000fa0b0000a3fb00008e
:10828c0092f00000b5f90000ecf6000000010000cf
:10829c0014ff0000e50c0000960000008ef10000b9
:1082ac00190f0000c4f7000026fa0000f4fa0000d1
:1082bc0000ef00001d1400003b1700009f0e000093
:1082cc00e8fc0000edec0000abf50000caf6000085
:1082dc00fefe0000de0200005c1000005cfe0000f0
:1082ec0036f400006f0a0000e3f300004ffc0000be
:1082fc0023fa0000c3f5000085180000b01500003b
:10830c00c20a000013f500003eea00004cf6000023
:10831c00aafe000031070000e0030000290d000058
:10832c009df50000b5f40000cc08000005f6000037
:10833c00f7040000eef600008cf500007f1600003c
:10834c0097130000830b000031f400007eee000058
:10835c0082f50000acfb00003f0b000004050000a0
:10836c003b050000d0f0000067f80000ce0c0000c8
:10837c001afd0000be0300006fee0000c2f4000006
:10838c003e1a000057180000f407000004ee00002d
:10839c0041ee0000d7f70000ce040000390a0000bf
:1083ac008bff0000c206000029ee0000fffc00005d
:1083bc00b40d000026fb00004b040000abe90000ec
:1083cc003bf90000931d00001a1400007507000013
:1083dc00b1ef0000a0f30000aef70000dbfd0000e1
:1083ec00750400004303000092080000e7ed000054
:1083fc0050050000680900009af8000023fe0000f8
:10840c00ace60000df090000b8200000711000008d
:10841c00ad0000001be90000a1f20000abf9000068
:10842c00bb050000bf050000fc080000cd040000e7
:10843c00b4e800005b0800000f04000008fc00001a
:10844c0036fd00009feb00002712000052170000c1
:10845c00900c00007b00000058ec0000a2f400001f
:10846c00e9f600000f070000d00500001006000020
:10847c005ff60000dbf200006a17000014fc00003d
:10848c0036f50000e3f20000ccfa000025200000d5
:10849c00a40f00007008000082f80000dde7000067
:1084ac006bf2000091ff0000110f0000d6090000d4
:1084bc0061ff00008fea000071050000f21000005f
:1084cc002ef3000067f8000040f30000ce0c000013
:1084dc00e2180000f80500007608000024f6000001
:1084ec00f5e90000a1f30000870700005f0d000014
:1084fc005405000075ed0000a3f50000741b00008e
:10850c0090ff00007cf00000b9f100004dff00006e
:10851c00691c0000bd0d000073050000e2ff0000a7
:10852c00f1ef0000baeb0000effb0000b80b00000d
:10853c00920d00001802000007e600006e08000013
:10854c00c11100002bf4000047f7000009f30000f4
:10855c00550c0000c215000022070000d8050000d1
:10856c008ffc00003bf0000014ee0000cf01000077
:10857c00500a0000520c0000cef7000037e8000053
:10858c009c140000fc0900006df2000094f6000041
:10859c00dcf500005d1200007e15000052060000a4
:1085ac0096010000f7f40000cfee0000caf50000c1
:1085bc00f10400005f0900003d0d0000adf5000066
:1085cc00a9ea000063130000830200009af7000080
:1085dc0065fa000072f200008b1400006d140000ac
:1085ec0023070000f000000091ee000015f10000e0
:1085fc0018fa0000d70600001c08000059080000fb
:10860c00d9f00000e4f10000ef16000031fd00008d
:10861c00aef80000c1f5000086f70000151c000044
:10862c0044110000e40700007ff9000050e800004e
:10863c00dcf20000690100003c0c0000570800004f
:10864c00a10100006deb000095010000331100004a
:10865c007df50000f3fa000039f4000098060000e4
:10866c00b01800003b09000074080000c9f50000b8
:10867c0033e900001bf50000f7060000ec0b0000ce
:10868c00df05000098f100002bf50000a11400009c
:10869c006d01000002f3000051f40000b3fe000075
:1086ac0070170000d80e0000f30600000400000054
:1086bc009fef000086eb00001cfd0000750b000016
:1086cc00610d0000f00000005ce60000840a000070
:1086dc003c100000ddf3000036f7000060f30000f2
:1086ec00b90d000021150000db060000af050000ed
:1086fc00fbfb0000c2ef000097ee0000b40200008c
:10870c00580a0000420c000016f600006ae900004e
:10871c0002160000240800008ef2000056f600003d
:10872c00c5f600008d1300006d14000083050000d9
:10873c006e01000044f500005eee000017f600002c
:10874c00360500002a0a00007f0d0000a3f100008e
:10875c0095ec00001c160000e4000000ddf60000a3
:10876c006af90000faf40000f5150000cc120000c4
:10877c0027050000ff000000d5ee0000fcef000014
:10878c00e3fb0000c1060000a6090000e30800009e
:10879c0039ed000026f20000d81600008cfd000018
:1087ac004cfb000066f70000d4f400009b1900009d
:1087bc007512000048070000a0fa00004be800000a
:1087cc00cef30000d4020000eb080000ee0600001f
:1087dc00ff040000f1eb000056fb00003713000013
:1087ec00b5f8000092ff00008df40000eaf90000db
:1087fc00861a00004d0f0000d808000005f6000096
:10880c0068e70000ecf70000410300000f090000ce
:10881c00e4080000bd02000014eb0000bdfb0000ea
:10882c00f80f000093fc00007602000029f1000014
:10883c00bffa00008a1c0000ce10000022070000c6
:10884c0038ef0000aee80000c1fd0000820400001b
:10885c00b00800008f050000afff000025ed000000
:10886c0007010000de0c0000b9fa0000de02000077
:10887c0042ef000072000000b01c0000540f00001a
:10888c007c050000feea0000a5eb0000d6fe00000f
:10889c00580600009c0900006b04000093fd0000ca
:1088ac0014ea0000b5040000f20c0000dafc000031
:1088bc00c1000000edea0000a8060000e81d000061
:1088cc00d10d0000d601000097e70000f2ef000088
:1088dc00d70000001e070000ba0700004603000086
:1088ec00f7fb0000b0eb0000ea0a0000940800005f
:1088fc00bdfb0000bafd0000dfeb0000840f0000a0
:10890c00781b00004e0a0000b8fd000010e90000c2
:10891c0033f600000aff00006c050000040700009d
:10892c00f5050000a0f600004eeb00005912000007
:10893c00950600006ffb00001af60000e9ed000040
:10894c00681a0000921900004107000093f800001b
:10895c00a4e800004bf9000008fe00009806000097
:10896c00e60600007e090000bff6000035e70000b7
:10897c001f12000091040000f4fd00001cf8000020
:10898c00b8ee0000fe1b000045140000cd040000f2
:10899c006af9000011ec0000f3fa0000cdfc0000b5
:1089ac0090060000320600006608000012ee00007f
:1089bc001ded0000071a0000f5000000b5fb0000db
:1089cc00c1f00000d5f5000033230000ae1000000c
:1089dc00fe02000041f5000010ec0000a4fb0000ba
:1089ec003aff00004708000078060000a1060000ce
:1089fc002aeb0000e4f400001618000047fc00000d
:108a0c007afc000087f00000b0fc0000e0210000c0
:108a1c00e30b0000fe03000031f40000a5ec0000a5
:108a2c00ebfb0000cd0000007e080000f00500000c
:108a3c00a301000025e80000d4010000211500006e
:108a4c00dcf60000fafb0000e4ee00006307000017
:108a5c001e20000059080000f7020000c9ef0000ba
:108a6c0048ee000084fc0000e6040000380800001a
:108a7c00c9050000d6fb0000e0e80000540d000022
:108a8c003e0c0000f2f4000078fb000056ef0000f2
:108a9c00a0100000ec1b0000650700005e01000048
:108aac0036eb000098f0000023ff00009306000056
:108abc004c0700006b050000f3f40000fded000016
:108acc008e1300003604000022f8000057f8000056
:108adc0037f00000b21700009718000040070000a4
:108aec00adfc0000ceea000042f60000e2fe000001
:108afc00ee0500006c0500006d0600004af4000055
:108b0c002ef00000a2130000d1ff000032fb000089
:108b1c00acf5000072f00000681c0000f5170000b6
:108b2c00ff0600005cf80000ecea0000b3f900005e
:108b3c00f3fe0000fa050000340300004d070000ae
:108b4c00cbf20000b9f20000fc15000053fc000051
:108b5c0043fa0000a6f1000069f500007021000046
:108b6c00881400004904000065f600000eef0000b8
:108b7c009df90000a2fd0000700400000f0400002d
:108b8c003509000082ed0000eafb0000141500001e
:108b9c00a7f500008bf80000e1ed000027020000b3
:108bac0055230000640d0000ec00000030f60000be
:108bbc0035f500005ff70000cefb00001404000048
:108bcc007307000066070000cae8000048050000b3
:108bdc00481200002cf100006cf60000f3ec0000d1
:108bec00e40c00005d2300000c080000c1fc000038
:108bfc0036f400004afc000025f8000018fa0000ca
:108c0c00e7020000730700006908000095e6000009
:108c1c00b1080000b010000048ef00003bf7000066
:108c2c003deb00006c1100003f240000c10500006a
:108c3c001efc0000bcf2000056fb000005f8000012
:108c4c007efc000029030000030900003f0900001e
:108c5c00f1e60000480800007c0b0000f7f0000073
:108c6c00a4fb0000a3ec00000c1200006920000023
:108c7c00a3030000acfb0000d0f30000ae0000002a
:108c8c005df900003cfa00000400000081080000bf
:108c9c009c07000090e70000c60d00002e0a0000a3
:108cac0094f000007af80000eeea0000351700009e
:108cbc0082210000ca0400002bfa0000bcf1000065
:108ccc00f5fe000059f90000a2fb00005a0000005c
:108cdc009e0c00008a07000040e80000800b00009a
:108cec00a6050000f8f30000eef9000007ed000007
:108cfc003c170000f01d00005904000082f8000031
:108d0c004bf30000be02000016f800008cfb0000c4
:108d1c0067fe0000e20c000041080000e5e50000e1
:108d2c00cd0d0000a20400005df4000012fa00005a
:108d3c00afeb0000d4190000bf1d0000df030000e2
:108d4c003ff70000aff20000e70200004bf8000014
:108d5c005afb0000e0fd00006e0e00005c050000f8
:108d6c00b7e90000870f000034ff000066f4000034
:108d7c0013f80000f3ef00003d1d0000f119000096
:108d8c007502000099f300004ef400003908000051
:108d9c00c1f600009af9000091fd00008b10000054
:108dac007a0a0000aae10000200a00004d0600002b
:108dbc007ef700006efa000038ea0000251a000069
:108dcc00811d0000730100009bf100002cf30000da
:108ddc00cb10000059fa0000caf2000071f9000033
:108dec000a0e00002310000004e100001807000028
:108dfc00d10b0000b3f50000e2f8000071e70000b1
:108e0c00c317000001230000c902000093f1000009
:108e1c00d6f00000460d00009ffc000001f200009f
:108e2c0049fb0000900f0000ac14000092e0000021
:108e3c00f8fa00009c10000078f900005cfb0000c0
:108e4c007ee90000e40d0000ed2200008f0300001d
:108e5c00d5f20000bff1000017100000d102000095
:108e6c008dec000042f700008d080000c9180000ce
:108e7c0046e8000099f20000cc160000f7f800005c
:108e8c0032f8000006eb00005b050000d82800005b
:108e9c00a1080000a5f20000f1ef0000930800000b
:108eac00c506000090ee0000d6f80000f4080000a3
:108ebc00661b0000c3ee0000e3e100004216000058
:108ecc00420300001cfa00000ef0000054f70000f2
:108edc0001250000c70e000016f40000adf20000e2
:108eec005f060000b90e0000d5ee0000b7ef0000e1
:108efc00de010000bd1900008aff000090de0000ba
:108f0c00b30e000025090000a7f60000eff40000e6
:108f1c00eaf00000be1f00004819000074f50000c4
:108f2c005cf2000062fe00007f0c0000b8f500004f
:108f3c0093f0000041040000b916000096060000f2
:108f4c0085da0000c20200004a1300005cf8000041
:108f5c00c2f80000dfec0000381400004e1f0000c7
:108f6c00f1f80000a3f3000049fd0000110f000010
:108f7c0014fb0000f5ea000025fc0000a511000020
:108f8c0035120000d8df000049f80000d4170000ab
:108f9c0090f800006cf80000fdeb00002d0b0000b9
:108fac001f26000061ff000019f20000b6f7000058
:108fbc00920c000079030000baea000088f9000066
:108fcc00fd0c00006a170000ede9000034e9000018
:108fdc007518000040ff0000f4f700008def000052
:108fec00e8fd0000c2260000d00800001ff20000bf
:108ffc00edf500006a0700001e0a000008ed0000f5
:10900c00d6f40000b70800004718000031f7000044
:10901c0015df0000cc120000f8070000a5f60000d8
:10902c0044f400000af40000bb2100006e120000a2
:10903c005ef30000b1f5000062030000460e000074
:10904c0025f10000bfee00004903000015170000d9
:10905c00b0030000f7db0000a70a0000be0f000001
:10906c00dcf40000f0f50000caee0000d51b000097
:10907c00831c0000d2f5000077f300008cfd00008b
:10908c00910e00002ff80000ffec00005f020000c2
:10909c00671400007b0c00002ddc0000d6fb0000e8
:1090ac00d317000029f800001ff80000eeec0000b8
:1090bc00110f0000ba2200009dfa000055f30000c9
:1090cc003bfb00002710000053010000b7e7000035
:1090dc001efa0000a70c0000d1150000c6e8000025
:1090ec009fee0000c019000077fa00003af600006d
:1090fc00bfef00002f0400001d2700000a03000032
:10910c0072f20000bff600000a0900003d090000e1
:10911c00f5e90000dbf80000150c0000e515000077
:10912c008ff30000acdf00001416000017070000de
:10913c00f1f300006ff4000042f80000022200007e
:10914c00250d0000d1f2000001f9000065050000ba
:10915c00890d000084ed00008af00000af060000cd
:10916c00dd130000ca0000009ede0000aa0e000005
:10917c00f40d00007fef0000fef50000eaf40000a3
:10918c00311d00005216000025f4000013f70000fa
:10919c00bcfd0000a10e000072f6000027ed0000df
:1091ac00ca060000ff100000830b0000f5dd000074
:1091bc0034f90000651a0000e9f500005bf70000c7
:1091cc0045f20000e50b0000601f000043fa0000b0
:1091dc008ff6000053fc0000110d00004c03000042
:1091ec00dce70000d9fb0000820a00005a130000e3
:1091fc0070ee0000c8e80000a21a0000c0fd0000dc
:10920c006cf200002ff6000011ff00009822000005
:10921c00a5060000d2f3000017fa00004a03000074
:10922c00130900008cee00004cf80000dd0a000071
:10923c00571200001bfc0000fedb0000040e0000b7
:10924c00060f0000a3f10000b3fa000058f500006f
:10925c0004170000e1130000bbf4000012fb000037
:10926c00370000008d0d000009f80000c7ec00006d
:10927c000c030000860c0000670b000094e3000058
:10928c00d9fb000019190000a5f100009df70000a2
:10929c0067f60000b70a00001120000052fb000026
:1092ac009cf6000069fb00006f060000e50300005f
:1092bc0068ed000099ff00003a0d0000820f0000dd
:1092cc002fef00000ae50000c21600007503000035
:1092dc00c6f40000a6fa00009ffa00004c1c000027
:1092ec0027090000dcf400005afc0000d902000041
:1092fc00b40d000039f20000bff100004906000077
:10930c00490e0000b3000000e5e000002a0b00004d
:10931c00781100006af000006bf9000001f5000004
:10932c00111500002f190000ddf60000ccf800002c
:10933c007dfc0000cb090000abfc0000b5ee00008a
:10934c002a040000020f0000700c0000bce50000b5
:10935c0024f10000af17000002fa0000b7f900007a
:10936c0028f900002b020000f51c0000ceff0000c5
:10937c001df6000009fd0000d0070000c509000023
:10938c0014ed000015f600000e080000e90f0000b7
:10939c00d7f9000062e4000017100000f807000085
:1093ac008cf20000d9fb000002f90000fc18000050
:1093bc002611000071f4000060f9000058ff000055
:1093cc003e0a00008af8000082f1000083060000cb
:1093dc00e30f00002906000014e100006af9000008
:1093ec00d2150000a8f8000000fc00006df700008a
:1093fc00ef0600005a1a0000e8fb0000bdf8000060
:10940c003e000000aa0500007a010000b9ef000040
:10941c0065fc0000f50b0000220b000084ea000044
:10942c007fef00009c180000c2fe000086f50000d3
:10943c0088f8000014fe0000e41c0000e3060000a5
:10944c001ef60000abfd0000150200002506000012
:10945c00c6f300001cf60000ff06000078100000a8
:10946c00e8fc000022e30000db090000520a0000c7
:10947c0015f400001afe0000e8f70000c913000004
:10948c00d41300004bf600002afa000080fe000006
:10949c00280900002cfc00002cf000009c020000ad
:1094ac00240f0000660900002ee3000031f50000d7
:1094bc00ad16000015fb000070fb0000fff600006d
:1094cc00f5030000ee1b000017ff0000f8f700008a
:1094dc0013ff00001c04000033030000b3f1000074
:1094ec008afa0000a00a0000500c00008dec00006d
:1094fc0068ed00007a170000870000003bf50000c3
:10950c00e6f800006cfc0000301c0000850900002f
:10951c0077f6000033fd0000880000004b060000c9
:10952c000ff6000037f500008d050000321000002a
:10953c00d5ff000003e300001c060000520c0000e5
:10954c0095f40000acfe000092f7000073100000d0
:10955c00f2150000b1f700002efa000005fe000025
:10956c0032080000b7fe0000a2ef0000e6ff00008a
:10957c003c0e0000d90b000081e500005ff10000fb
:10958c00f016000072fd0000f1fa0000e6f6000093
:10959c000c010000eb1c0000740200006ef70000d0
:1095ac00e9fd0000580200009004000062f4000085
:1095bc00d3f80000d60800006c0d00009bee0000f4
:1095cc00edeb0000e7150000c30100005ff50000a3
:1095dc0033f9000020fb00005d1b0000de0b0000d7
:1095ec00b3f7000061fc000047fe00001a07000002
:1095fc0015f9000006f40000cb020000e00e00009c
:10960c00ad0300008ee4000046020000260e0000b0
:10961c0077f5000077fe000031f700004a0d0000de
:10962c00bb18000003fa000094f9000033fd0000a1
:10963c00930500005c010000d4f00000c6fd0000a2
:10964c00530f0000e30b000009e6000064f100007a
:10965c00e11500001dfe000048fa00002cf7000088
:10966c00e6010000861c00009e020000eff70000df
:10967c0065fe0000430200005b040000faf30000ea
:10968c00e4f80000e5080000f40d000049ed0000ce
:10969c007bec000097180000eeff0000d6f40000f1
:1096ac0080f800000efb00009d1d0000080b000060
:1096bc00c1f7000061fa000098fd0000390c0000b1
:1096cc0075f8000018f2000081020000ee0d000099
:1096dc00ba04000044e400006d0300006e0e0000ac
:1096ec0037f30000a4fd000016f60000db0e0000ae
:1096fc008a1a00004ff90000b7f60000b4f8000019
:10970c00210d00009b080000fae9000086f900001a
:10971c00140d0000a21000002fed00002de8000039
:10972c006114000056030000e6f8000006f7000084
:10973c000dfc0000cd1d000028090000cbf400003a
:10974c006af60000370300005e13000064f40000aa
:10975c0044ee000078040000fd0f0000a5fe0000a0
:10976c000ae2000069090000550f000075f50000c1
:10977c004cf9000076f300004914000008190000b1
:10978c00c0f9000090f5000068f7000067100000b9
:10979c00ee06000098ea0000e1fa0000ca0800009a
:1097ac00c11000004df20000e8e700007c11000041
:1097bc00ab010000d3f90000dcf9000004fb000051
:1097cc00681c00009e09000019f4000025f600003a
:1097dc00850300007f13000039f30000b8ec000093
:1097ec00e5050000791100005204000086df00003e
:1097fc0007fe000096130000dcfa000068fa000077
:10980c0007f40000c70d000077190000dbfb000017
:10981c00dbf60000dbfb00007e090000e0ff00002f
:10982c008eef00002cff00000f0d00008a080000d6
:10983c00d2e300003ff7000045180000c7fa000013
:10984c00dbf80000daf30000e0040000321e000038
:10985c006e01000044f8000014fb00005e030000e1
:10986c008a0500003ff1000075f900003609000080
:10987c007c0e0000f6f10000a8ea00005513000071
:10988c00f00000001bf6000082f90000b5fb0000a0
:10989c004e1d0000cf0a00003ef60000e3fa000067
:1098ac00bbfe0000b10a000079f70000a2f1000035
:1098bc00da0300006811000014ff000043e200000e
:1098cc00ab0800009d0c0000f3f500009cfa0000b2
:1098dc0051f40000d9150000ff17000001f800003a
:1098ec009af8000001fb000083090000d5ff00007e
:1098fc00dfee000001ff0000530f00006c0a0000b7
:10990c00f1e20000daf60000831500004efa0000c8
:10991c00fffa00006df30000460700000c20000069
:10992c0022ff00004df60000fff90000f8040000d3
:10993c004107000035f0000002f90000da0a0000cf
:10994c003c0f0000c4ee000081e900003b14000055
:10995c00f801000071f70000a9f8000000fc0000fd
:10996c00d51d0000d009000008f500001efb00000a
:10997c007a0000008b0a0000bff50000c2f2000064
:10998c004b0600003d10000019fb0000efe2000048
:10999c006b0c0000780b000049f400000afb00007f
:1099ac008ff60000ad16000079140000e2f60000fe
:1099bc00b3fa00008ffc0000f7090000c0fd0000a6
:1099cc00fbee000094010000d90d0000b40600006d
:1099dc00aae4000091fc00004e14000006f6000002
:1099ec0000fa000063f60000fd0a00006b1c00008a
:1099fc00a0fc000046f90000ddfa0000470500005d
:109a0c00bb05000014ef000062fc0000620a0000bd
:109a1c001c0d0000c4ef000031ea00000615000028
:109a2c0005000000f9f50000c4fa0000c2fd0000ba
:109a3c00f01c0000370700007df60000f5fc00006c
:109a4c008bff0000fc080000d2f4000099f5000028
:109a5c00330700005e0e0000b2fb0000d4e10000f2
:109a6c00be0b0000740c0000aef3000065fc00009f
:109a7c005af70000971500008b1200001df600002d
:109a8c003bfd00009ffd00006b0800009afc0000ed
:109a9c00c4ef000087020000310c0000f00700004a
:109aac0071e400004bf900006f17000098f50000fe
:109abc00b6f90000e2f7000003080000ce1c00001d
:109acc00affb00006bfa0000d5fd0000e6020000c1
:109adc009a0500004eef000093fa0000560a0000b1
:109aec00320e000048f000007ee8000084160000f2
:109afc005a00000002f40000b9fb00009cfc0000be
:109b0c005e1d0000ea0600007ff600007d000000ec
:109b1c00dffd0000960700007ef500005ff40000fa
:109b2c00c60700002b0e000045fa000012e30000ef
:109b3c00040f00007a0b000002f000000bfc000088
:109b4c00abf800007a1700006f1100000bf6000054
:109b5c00d0000000a8fc00005f050000cefb000058
:109b6c00e5f1000081030000b50b0000d4060000f5
:109b7c0010e4000066ff00004b150000dcef000055
:109b8c008dfb00003bf90000c50b0000ae1b000074
:109b9c00aef80000affd00007dfe00006301000088
:109bac00b4020000c6f000004cfe0000310a0000b8
:109bbc00b80c00008aec0000bfee00005a18000040
:109bcc00e9f8000079f500002ffd0000a900000065
:109bdc00e21d00009e01000077f8000075020000f5
:109bec00befd00001c0400009ef3000095f900006f
:109bfc001e090000da0c000054f6000014e6000008
:109c0c00a7140000ca03000074ee000043ff00001c
:109c1c00fdfb0000291a0000230b00001bf50000bf
:109c2c000604000018fd0000fb02000017f80000fd
:109c3c004ff50000bc0600005f0c0000ec000000bb
:109c4c00dee1000046090000731000008deb0000ff
:109c5c0041fe000040fa0000f51100000016000063
:109c6c002cf40000ef01000099fe0000350100000b
:109c7c003cfe0000c8f00000490400000d0b000081
:109c8c00aa07000004e70000f2f60000511a0000d9
:109c9c00def10000b1f6000032fd0000f10600001c
:109cac00051d0000a4f9000005fc00001e030000c7
:109cbc00d2fd00004302000066f100007cfe0000b3
:109ccc00530a00006b0b0000a8f200000fe7000025
:109cdc00421700002d000000f3ef0000f50000001b
:109cec0063fd00001c1b0000a6050000ebf4000047
:109cfc00190600005ffd0000dd03000085f6000082
:109d0c0061f60000b6080000b80a00006dfe000005
:109d1c0052e20000560a0000c310000065eb000080
:109d2c001ffe0000e7fb0000e21100009213000090
:109d3c004bf30000270300008dff0000c70000005c
:109d4c0070fd000095f100003c050000660a000063
:109d5c00a606000075e6000027f70000191b00009e
:109d6c0006f1000033f700000dff00004a0500006b
:109d7c00611b0000a9f80000c2fc00009a0300005f
:109d8c00e8fc0000c5040000b9f10000c7fc0000ad
:109d9c00410900009709000069f6000095e50000f4
:109dac00301400002f0400004bee000007020000ee
:109dbc00f7fb0000c6170000de08000074f400007a
:109dcc00e104000078fb0000ff050000f1fa000040
:109ddc0029f300004e060000a1080000b8050000a1
:109dec00f9e300007cfb00004d17000043f100007c
:109dfc001dfd000023fc0000ef07000058180000b8
:109e0c006af60000e1fe000059000000c5000000e9
:109e1c0054050000a7ef0000acfd0000cd090000c8
:109e2c00bd09000035f200002be70000da15000038
:109e3c00e5020000d2f200002500000078fb0000d3
:109e4c009b180000060600002cf600009002000093
:109e5c00e9fc0000d609000087f80000eaf00000d9
:109e6c009d070000830a000030030000bbe30000e4
:109e7c00cefb00003317000052f5000021fc00005f
:109e8c0031fa00008a08000036180000ecf70000d8
:109e9c00d5fb0000dcff0000ba040000ee0500005a
:109eac0003ed000036fc0000430c00003e0a0000ed
:109ebc00ddf3000050e2000041120000030c000032
:109ecc0061f3000080fd00001afa00007817000012
:109edc007a0a00007df20000c30000000e010000b1
:109eec005e0a0000d7f80000a2ed0000190800007f
:109efc004a0b0000b505000058e50000ccef00004f
:109f0c00411d000070fd000019f7000056fb000019
:109f1c00d8020000141c00002afa0000c3f4000050
:109f2c00100400003706000022080000bcec000002
:109f3c001ef70000e50d000028090000d3fa000010
:109f4c001ade000080070000aa1a0000b3f200001d
:109f5c0023fa000098f90000e41000007a130000c6
:109f6c0078ef000098fd0000cf0500003c090000d0
:109f7c00f0fd0000efe9000058040000b40d0000f3
:109f8c00700300007bec000055e80000271b00006c
:109f9c00b5090000a2ef000070fb00007dff00007f
:109fac00d319000079030000a8f00000d7030000cb
:109fbc0049060000e407000060f20000eaf000002f
:109fcc00160c0000490b0000060000001ce200000b
:109fdc009ff70000511f00001cfb000066f50000fd
:109fec0051fb00006b080000481800008df50000c4
:109ffc0003f70000a8070000c7080000b00100002c
:10a00c00d1ea0000dffc0000180e0000570700002a
:10a01c0007f700002ee00000760e0000411600004d
:10a02c00a1f00000acfb000034fc00003e1300006b
:10a03c00c40d0000daee00006b000000b207000057
:10a04c003c080000edf9000071ec0000c0060000b7
:10a05c00f60b00007703000063ec0000c1e9000080
:10a06c008e1b000036080000cff00000eefc000054
:10a07c0013010000a4170000fe0000008ff1000087
:10a08c001b060000e3070000db0400008ef100005b
:10a09c00b1f30000550c000074090000b9fe00007b
:10a0ac0010e5000069f80000a11d00005dfc000037
:10a0bc00f7f4000096fd0000700700001415000076
:10a0cc00b8f7000081f70000ca080000a0070000e4
:10a0dc0084ff00009ced0000dcfc0000c90d0000ba
:10a0ec00a00600008af60000b5e20000e4090000ba
:10a0fc008d1800000df4000034f9000003fe000080
:10a10c00320e00006d0e0000c6f20000aefe000024
:10a11c000e09000029050000abf8000074ef0000e8
:10a12c006b050000290c00001003000091ed0000ed
:10a13c001ae90000561700005d0c000082f10000c7
:10a14c00ebfc000036000000e2120000b00400003e
:10a15c005ff200006904000056080000460300008e
:10a16c00f5f3000039f30000b90900000e0a0000f5
:10a17c008afe0000f1e60000cef30000ae1d0000e8
:10a18c002202000013f200007afd000049040000d6
:10a19c0080140000fbfc000000f5000075070000b7
:10a1ac0041070000c3ff000043f10000cff800009e
:10a1bc000b0c000008080000e6fa00007ce500002b
:10a1cc0000fd0000281c0000fbfa00001df600003a
:10a1dc00b2ff0000d5060000d7110000c4f7000044
:10a1ec0040f80000d209000063060000b9fd000031
:10a1fc0025f0000036fc00008b0d0000040600006a
:10a20c00a0f400002ee400006e0800001a1b0000f1
:10a21c0093f5000000f80000fffe0000330a000078
:10a22c00d20f000062f4000019fc0000730a000059
:10a23c006e040000cdfa0000bbf00000910000009d
:10a24c006f0c0000850400003cf00000b7e6000035
:10a25c00e2120000eb1200000af2000069fc0000a0
:10a26c0094fd0000d90e00001b0c00008df10000c5
:10a27c000f0000008d080000d004000029fa000037
:10a28c000ef00000690300007a0b0000880100004a
:10a29c00c6ec0000a1eb0000e41800007e0c0000ee
:10a2ac00acf1000019fd000099fd00000513000041
:10a2bc00bf07000018f10000ab020000e20700002d
:10a2cc0039030000aef600001cf300006907000023
:10a2dc001e0a00004fff0000adea00002bf000004a
:10a2ec00c61a0000f90600001bf400003efe000038
:10a2fc009cfe0000111400002d02000082f20000f0
:10a30c0016060000a2070000f9010000caf30000c5
:10a31c0021f500003c0a0000ba08000071fb0000a7
:10a32c000ae7000026fa00005a1d00004cfe00004f
:10a33c006af50000effd00003e030000e61400008b
:10a34c006cfb00007ff50000030800008c06000089
:10a35c0022000000b6f100006cf90000230c000094
:10a36c00fb060000bff60000a4e40000f3040000ac
:10a37c00121c000008f8000080f70000f3fc00003d
:10a38c006b080000f21200003df600007ff900009f
:10a39c002e09000099050000c1fc000081f00000ae
:10a3ac006afe0000550c00002505000057f2000065
:10a3bc00cae50000660f0000c015000029f300007c
:10a3cc0040fb0000d5fc0000640d0000cc0e00002a
:10a3dc0043f20000fbfd0000a00800004005000057
:10a3ec005afb0000c7ef0000d7010000ca0b0000a9
:10a3fc00680200007dee000099e900008b16000059
:10a40c00770f0000acf10000b2fc000006fd00006c
:10a41c00ab110000290a00000df100005b010000e7
:10a42c0025080000a3030000c6f7000041f200005d
:10a43c0033060000a90a00003c00000051ec0000ab
:10a44c0091ed0000011900000d0a0000dff300007f
:10a45c0063fe000021fd00000d1300002905000023
:10a46c00a0f10000e6040000f7070000d60200008f
:10a47c005af5000056f30000e208000075090000d0
:10a48c0064fc00003ee8000017f70000891d000086
:10a49c0061010000adf4000049fd00008c000000db
:10a4ac0029160000dffe00008ff300007506000087
:10a4bc00a3060000db01000061f300001af70000a6
:10a4cc009f0a0000cc070000bdf8000066e5000004
:10a4dc008f0100009c1c000097fa000072f700002e
:10a4ec009dfa0000030600007f160000e7f800004c
:10a4fc009ff60000e0060000e006000098ff000058
:10a50c008bf000009afb0000ec0b000076050000bd
:10a51c00a5f4000007e600001c0b000071180000f9
:10a52c009af5000061f900008afa0000010c0000a5
:10a53c00741300000ef40000bff90000d5070000f2
:10a54c00bb0600007bfc0000baef0000800000009e
:10a55c00a30b00000b030000b5ef000023e9000083
:10a56c004615000065100000d0f2000077fb0000db
:10a57c0062fb000080120000910c000043f100000f
:10a58c0069ff0000f00700004004000065f70000c0
:10a59c006af20000da050000ee0a0000b6ff0000c7
:10a5ac00c6e60000caf40000c91d00003802000015
:10a5bc0009f4000072fb000074000000ee170000ac
:10a5cc00d1000000a4f2000030050000af0600002e
:10a5dc00dc0000006ff2000018f800000e0b000009
:10a5ec009e0800002ef50000cde30000110b0000ca
:10a5fc00c719000010f40000dcf6000027fb000077
:10a60c008e0d0000c6140000b0f400008cf90000a0
:10a61c00580700006605000040fa000066f00000d4
:10a62c00c6020000fb0c0000030300007fe80000e2
:10a63c0066ef0000a11c000001070000d9ef00002c
:10a64c001efa0000d70100007a1800002d0500004a
:10a65c003af1000027020000d5070000cc010000f1
:10a66c0056f1000044f700007e0c0000c70b000000
:10a67c0074f5000025e10000570a0000cd1a000017
:10a68c00adf4000003f40000b1fb000089110000e0
:10a69c004214000001f4000051f90000d60600003d
:10a6ac00b3070000baf90000a0ed0000510400004f
:10a6bc00d91000006502000095e300009bf2000039
:10a6cc00531e00000a050000e1ef0000b6f5000083
:10a6dc0064070000811c00009bff000036f20000a4
:10a6ec00d103000023080000bbff00000aee0000ad
:10a6fc00a0f9000037100000100d00003dee000026
:10a70c00dce40000651300002510000077f3000066
:10a71c0063f40000d2fc00001e1c0000c90c0000f9
:10a72c002af00000b6fe00002407000044050000db
:10a73c00ccf2000010f100000a0a0000fe1200002a
:10a74c001df800004ee00000c00a0000c914000013
:10a75c0053f50000c3f4000034f600006a17000043
:10a76c003f19000083f200002cfa0000c703000020
:10a77c006304000000fa000089ef000023040000cd
:10a78c000c130000110100000de3000038ff000065
:10a79c00561600008ef8000072f5000006f7000057
:10a7ac00f50c00009c1e000097fa0000e9f5000073
:10a7bc00f8020000140200009afc000004f30000f0
:10a7cc00f0fe00003f0f00004e060000dfe6000028
:10a7dc004afd0000d814000016f600002ef500000b
:10a7ec00acf80000eb0a00000e1e000033fe000067
:10a7fc00c7f60000fd01000024ff00002efb000046
:10a80c009af600006fff00003a0d00008006000071
:10a81c00cde600002ffe0000191600003ef40000eb
:10a82c0022f300003bf80000600c0000f11d00005a
:10a83c00fefc000006f8000029030000eafe000000
:10a84c00b4f800007cf50000a5020000950c000097
:10a85c002d060000b8e7000033fb00005e19000075
:10a86c00caf4000008f0000071f80000610b000051
:10a87c00e91f0000ddfc000017f60000af0400002b
:10a88c00ddff000009f800003df30000d2020000db
:10a89c001e1000009d0700004de5000000f70000b1
:10a8ac00a51b0000f6f80000f0ee0000ecf600002e
:10a8bc003b090000692100004dfe00003ff3000041
:10a8cc006c0500003802000094f90000f3f0000061
:10a8dc008b00000013110000870a0000ebe8000059
:10a8ec0006ef00003c1a00006e000000daed0000dc
:10a8fc0021f700002905000041200000bb030000e7
:10a90c0065f000003d0400007e04000076fb0000b2
:10a91c0075f0000028fc0000ad100000ea0e0000ed
:10a92c0081ec0000d9e70000b7170000d106000049
:10a93c0043ed0000a7f600008c010000111f000081
:10a94c00b3080000a6ee0000b6020000b805000037
:10a95c0023fd000074f100005cf90000460e0000bd
:10a96c000910000000f3000089e300008a110000c8
:10a97c00af0e0000efed00003df50000c8fd00003b
:10a98c00ce1a0000aa100000c6ee00002dff000039
:10a99c002f070000fcfd000092f30000e3f500001f
:10a9ac008e0b0000a6120000e1f80000bce00000d5
:10a9bc005c0900000e15000006f100005af30000bf
:10a9cc0030fb000018160000cf160000a8f00000a5
:10a9dc0083fa00005b0800003c01000098f50000c1
:10a9ec009df20000910700008c1100005502000040
:10a9fc00cde2000051fb0000821a000013f70000aa
:10aa0c00f9f0000061fa00005c0d00009c1c0000d5
:10aa1c0011f70000d4f30000ea0800002f03000037
:10aa2c0099f8000003f10000e3010000d2120000cd
:10aa3c0087070000dbe500003ef00000971a0000dd
:10aa4c00770100005fee0000eff7000088060000c1
:10aa5c00e31d0000bc0000005cef0000f9050000e5
:10aa6c00c30500001cfb0000f3f1000064fc0000b7
:10aa7c00bd0e0000220d0000f2f000003de60000cb
:10aa8c001f1200002b0c0000bbee00001ff8000092
:10aa9c0001000000ed180000b60c000010ee0000e4
:10aaac00b9ff0000060800000c0000003df5000096
:10aabc00a5f50000c2090000800f00008afd00000f
:10aacc0029e200001e000000da18000094f50000d6
:10aadc00bcf40000cefc00005a0d00000b18000066
:10aaec00e5f40000fff60000d70800001702000094
:10aafc00f3fa00003ff300006c010000f80f0000b7
:10ab0c004907000017ea00009eec00009c160000ac
:10ab1c000c060000d9f1000064fb0000fa010000f3
:10ab2c00481800001e040000c3f0000029050000b6
:10ab3c004a0500002dff00008cf50000aff8000066
:10ab4c00280b0000140c0000c5f80000d9e300002d
:10ab5c00de0500004f150000f6f40000e1f80000df
:10ab6c0020fc0000de0d0000f6130000a4f3000032
:10ab7c00a8fb0000460600001c020000bffc000001
:10ab8c006ff30000b20100000e0d0000550600002e
:10ab9c00c2ea000039ed00001e1600002505000079
:10abac002bf5000085fb000066ff0000f817000085
:10abbc000604000035f300008e0200003e03000086
:10abcc000b03000073f7000094f600003d08000032
:10abdc00c60c000074f9000011e30000d204000060
:10abec00ec15000091f80000a3f800005ff80000dd
:10abfc00c70d0000b615000071f600005cf90000ee
:10ac0c008a0300000c050000ccfe000052f200008c
:10ac1c00f2fe0000770e0000fe060000a2ea000023
:10ac2c002aec0000d3140000a5090000fef500007a
:10ac3c0018f8000037ff0000ca180000a306000037
:10ac4c00dff1000031ff0000af06000091050000ad
:10ac5c00d2f50000a8f300000f090000c10e00009f
:10ac6c00ebf900008ae10000480100009519000092
:10ac7c0008fc00008cf5000005f70000d10d000069
:10ac8c00fa170000b4f600007ff50000260500005e
:10ac9c0090080000ddfe000093ee000040fd000077
:10acac008c1000007d0800005cea000062e70000e8
:10acbc00a6150000700e00004bf4000035f60000e5
:10accc00c3fd0000e119000081090000e3ee000063
:10acdc0021fe00001f090000350600007bf4000077
:10acec001ff10000610900003d100000f9fb00009d
:10acfc0060e00000a6fc00004c1c0000a9fd000058
:10ad0c0019f400000af70000ba0b0000161a000034
:10ad1c0052f70000d9f20000e9050000110a00000a
:10ad2c006dff000036ed000067fb0000bd10000059
:10ad3c00300a0000baec000004e40000fa12000033
:10ad4c00b112000024f4000086f5000094fc000011
:10ad5c00031900006b0c0000b9ed000080fc000032
:10ad6c004d0a0000420800000ef50000faed00004c
:10ad7c0004080000a311000085ff000028e100007a
:10ad8c0084f40000fd1d00007003000057f2000069
:10ad9c00cef600003f080000991b0000bafa000034
:10adac0022ef000099050000a90c00001b01000017
:10adbc0066ec0000a2f70000a8100000030d0000d4
:10adcc006af2000017df0000b60900002c1b00001f
:10addc0039f700000af40000bcfa0000b8130000b8
:10adec00941200009bee00007cf70000fb0c0000ae
:10adfc00440a0000aaf6000048ec0000060400001b
:10ae0c0044120000d302000063e500009fec000038
:10ae1c00ef1b0000ce0b0000b6f000001df600008a
:10ae2c0060030000d41a000018020000e0ec0000df
:10ae3c00c40200003e0e0000ef0300007dee000097
:10ae4c002ef30000400e0000bd0e000076f700004f
:10ae5c0057df000077ff000071200000f5fc0000b8
:10ae6c00b2f0000002f90000f50d000078170000a8
:10ae7c002df40000cff20000870a0000f00c000057
:10ae8c0012fc0000fbea00000bfc00005211000059
:10ae9c00c7090000e7f0000018e10000cf0c00002b
:10aeac005c1a0000d6f40000c5f40000c3fd0000dd
:10aebc0036130000790e000057ee000008fa00006f
:10aecc00f10e000086090000acf40000e8ec000074
:10aedc00380500008c1100002c01000060e7000018
:10aeec00bdeb0000c5190000760f00002ef000002d
:10aefc00def6000066030000ed15000016040000ed
:10af0c007eee0000c8020000cb0f000044010000e0
:10af1c00c3ee0000b4f40000800b0000910d0000a3
:10af2c0019fb0000a1e40000eaf70000951c0000ea
:10af3c004f030000e1f00000b7fb000056080000d2
:10af4c00f3130000bbfb00007cf1000004090000bf
:10af5c00940d00006dfb00005bee0000b2fa0000e7
:10af6c00da0d0000100a000004f40000f8e3000001
:10af7c006d0500006a1b0000e6f9000084f3000078
:10af8c0001fe0000a30c00003211000047f5000088
:10af9c0001f70000c30c00007d080000fbf6000068
:10afac00fcef0000fa000000840e00008204000098
:10afbc00f7ee0000d7e70000b80f000054150000b2
:10afcc008cf30000fff7000071000000ab0f0000d5
:10afdc00e00b00003df1000021fd0000230e0000fd
:10afec003604000040f4000078f200001405000064
:10affc00310e00009f00000050e8000064ee0000dd
:10b00c0059190000b80c00004df1000052fa000074
:10b01c004f020000dd1200002405000099f0000032
:10b02c0063030000340d00004eff000013f200001b
:10b03c006cf60000bd0900003a0c0000f1f90000ac
:10b04c0055e50000eaf900008f1c000046020000e4
:10b05c004ef2000064fc0000f0050000a21300009a
:10b06c006dfd000071f3000002080000c309000030
:10b07c004afc00005cf10000b5fa0000600c000016
:10b08c00400900003df40000bce300002d06000068
:10b09c00fe1b000065f90000c5f400005ffd000018
:10b0ac00c40a000004120000e8f60000a0f700003b
:10b0bc00dd0a0000f50600006ff8000000f100004a
:10b0cc003b0000001d0e0000db040000b1ed000091
:10b0dc0013e80000e21100004014000085f30000aa
:10b0ec00f0f8000027ff0000a60f00007e0c000007
:10b0fc001df20000a2fe0000830c0000af01000056
:10b10c001df4000073f40000e9060000420d00007d
:10b11c0025fe0000d0e400001df50000c81d000055
:10b12c00ed040000bbf100002dfb00007c030000cf
:10b13c009e15000019010000f2f20000310600001b
:10b14c000c09000019fe0000b3f100009cf900008e
:10b15c00df0c0000360900008cf20000fbe300005d
:10b16c002b0a0000591b000038f60000b7f3000052
:10b17c0030fd00000e0e0000b51200000ef60000af
:10b18c0086f900000b0a0000e8040000d3f600006a
:10b19c008ff10000a70300006a0f0000e10200001d
:10b1ac00f2e6000036ee0000681a0000370b0000d3
:10b1bc00bdf0000029f80000fe0200005f16000040
:10b1cc003405000013f2000026030000b70900004c
:10b1dc00d2ff000043f1000032f70000ff0b00002b
:10b1ec00850c00003cf6000003e100006d0500003a
:10b1fc004c1c0000f9f800008ef2000012fb00005d
:10b20c00d70e00006414000069f6000075f8000009
:10b21c00c208000078060000cef8000012ef000013
:10b22c00d0010000e50f00000e050000f0e7000063
:10b23c0029eb0000e6190000160c000086f0000057
:10b24c0082f60000920200002b1900007d05000020
:10b25c0050f10000780200002e0900006d01000082
:10b26c00b8f000008ff400007f0c0000830e00008b
:10b27c005ef8000054e100005b020000b31a00000d
:10b28c0041f9000006f30000befa00004510000072
:10b29c00891500008ff4000079f80000de0800002a
:10b2ac0007070000d5f9000097ec0000d200000061
:10b2bc00161200009805000065e8000031ec000053
:10b2cc0094170000c5090000daf10000c8f6000070
:10b2dc00d5030000111b0000e302000035f1000053
:10b2ec00120400000a0800008401000062f0000053
:10b2fc00f3f400005c0d0000f60d000018f50000e2
:10b30c00d3e20000dc090000ca140000a1f4000024
:10b31c00cdf50000bafa0000aa1500006213000077
:10b32c00d0f1000092fd0000240600009203000002
:10b33c0058f8000086ee0000e7040000351200000b
:10b34c0071000000abe3000099fb00000d1700003a
:10b35c00d6f90000a1f50000ccf80000770b000036
:10b36c002b1c0000cdf800007df70000d20400007b
:10b37c00ca020000ddfe0000e3ef000004fc000048
:10b38c00900f00003509000009e90000e5f100000c
:10b39c00131600004afe00003df40000a9f900005d
:10b3ac00f2020000d41d0000320300008bf40000f8
:10b3bc00bd0200008f00000032020000b9f3000053
:10b3cc005cf600007d0b0000020e0000e6f40000ad
:10b3dc00c9e80000500d0000d1060000fef200008c
:10b3ec004ffc000081fd000075170000fa0e0000f4
:10b3fc00a3f300008aff0000d60000004302000007
:10b40c0039fa000034f400002d040000ce0c0000ca
:10b41c0036ff000027e80000cb040000640d00009c
:10b42c0043f2000062fb00005dfc0000500f0000c6
:10b43c008a16000066f80000bffc0000bd0000008a
:10b44c00f0ff000063fe000065f40000a2000000a5
:10b45c006d0b0000d4040000f8ea0000dbf90000da
:10b46c007e1200000cf6000023f7000006fe000020
:10b47c00b50700003119000087fe00006bf90000d1
:10b48c002d020000bbfe0000b100000092f5000090
:10b49c0081fc0000880900007508000059f30000c9
:10b4ac0088ed0000041100004d01000089f100003e
:10b4bc00bdfe00007e00000086170000030900009e
:10b4cc000bf60000e601000085fe0000960100006e
:10b4dc000efa000066f700009e060000cd09000081
:10b4ec002bfe0000fbe7000031020000d60f00002d
:10b4fc002df3000026fc0000cafd0000320d0000f8
:10b50c003114000026f7000042fe0000b5010000d7
:10b51c005b000000feff000009f400006701000062
:10b52c00de090000dd030000d9ee000092f00000ff
:10b53c00ef13000080ff000053f40000d1fe000068
:10b54c004e010000bd170000f40200001df70000c2
:10b55c003603000050ff0000c0030000d3f70000ca
:10b56c007df70000eb0700004f090000b9fb00005d
:10b57c004de7000069040000f70f0000f3f3000032
:10b58c00b6fc0000a2fc0000340e0000f412000017
:10b59c00fcf5000090fd00001001000032040000da
:10b5ac0050010000f5f100001800000065090000d2
:10b5bc0063050000efef0000a2ec0000b0130000e8
:10b5cc004e040000f3f4000008fd000067ff0000cb
:10b5dc00f6170000160500000af5000054000000e4
:10b5ec000102000043080000f0f7000023f3000004
:10b5fc00c1070000130a0000e7fe0000a8e50000e8
:10b60c0069fa0000e717000029fb00001ef8000093
:10b61c0094fa0000b409000048170000ebf8000091
:10b62c00ebf6000009020000da0800009e0500009d
:10b63c00e0ee00002bf90000bf0b00002a08000010
:10b64c00caf6000077e30000c30800005c15000098
:10b65c00e8f5000034f8000035fc00008012000012
:10b66c003b100000f1f100005dfa0000f307000050
:10b67c00ff0a00000bfb0000f2ec00000d030000c1
:10b68c00130d0000b3030000ccea00008beb0000ac
:10b69c00a018000012090000f6f10000bcf900002f
:10b6ac0074020000f9180000340300000ff00000d1
:10b6bc0090010000520a00007f080000d8f1000041
:10b6cc0009f20000690b00008e090000cffc00009d
:10b6dc00b0e4000000fa0000591d00000efc000050
:10b6ec0015f300004efc0000b40a00006d170000ba
:10b6fc00f2f6000024f40000cc0700007f0b0000e1
:10b70c004201000047ec00002ffc0000f40d00008b
:10b71c003905000023f500008ce30000e60b000067
:10b72c00071800009bf10000c0f700001aff000092
:10b73c0090120000240f0000e5ee0000befc00009b
:10b74c00610c0000a908000087f70000d9ed00008b
:10b75c00d2050000a30c000013010000aeea0000ab
:10b76c00feec00000f1b000038080000f0ee00009b
:10b77c00b8fb00002e040000aa170000de00000039
:10b78c00eaef000074060000020c00002a02000020
:10b79c00c8ef0000f6f50000130c0000c408000010
:10b7ac0063fa0000f6e400006aff00009e1b000034
:10b7bc0067f7000020f400001cff0000230c0000c1
:10b7cc009b130000d1f4000072f800000b0b00007a
:10b7dc00e10700004bfb000026ee0000c0ff00005c
:10b7ec00660d0000af04000011f1000041e70000fd
:10b7fc00951100001a100000dbef00009efa00000b
:10b80c00ec010000a31300007a08000069f00000ae
:10b81c0021020000d50a0000410400003ef40000a3
:10b82c004bf1000018090000710b00000efd000028
:10b83c0018e6000097f70000ba1c000008fe000094
:10b84c00c1f00000c6fc0000e0080000f515000087
:10b85c00e2fa00008ef6000064080000f306000017
:10b86c0070fd0000c1ee000037fc0000750d0000fb
:10b87c00ba070000c9f30000c3e40000ee0d00009d
:10b88c009e1200002ff1000093f80000a4ff0000ae
:10b89c0068140000fd0b000083f100004b00000059
:10b8ac00140800006b0500005af60000e8ef0000d9
:10b8bc00f0060000070c0000fa0100004ce8000044
:10b8cc0088f20000e51900008600000062f200001a
:10b8dc0098fb0000b3070000471800008ffc000025
:10b8ec00c3f40000a5050000570700002901000063
:10b8fc00fcee0000ebf90000940d0000e5070000e1
:10b90c0082f60000e4e300003e090000651500002b
:10b91c007cf300001ff8000028fd00005a13000003
:10b92c0012100000c6f1000004fe0000ff0600002b
:10b93c00c406000082f900004eed0000b7050000bf
:10b94c00200f00004e01000066e80000e0ef000050
:10b95c0088190000d3040000a3f10000b7f900001f
:10b96c00d5050000e919000018ff00000df30000d8
:10b97c00c7040000ef070000df02000055ef0000d5
:10b98c00dcf50000570e0000160c00001af8000041
:10b99c0005e20000ea03000020180000f9f60000a0
:10b9ac00f5f6000051fb0000b3110000a0130000dd
:10b9bc0083f200006ffa00004a06000071090000d3
:10b9cc0001fd00003feb00008e020000e90e0000bc
:10b9dc0090040000c8ef0000b3e500006413000001
:10b9ec00090f00006bf20000d6f90000aeff00005a
:10b9fc009218000090070000eaef000067000000ba
:10ba0c00270800005007000039f40000d2f00000b5
:10ba1c00500a0000980b0000deff000011e6000049
:10ba2c0004f30000bc1b00001901000091f400009d
:10ba3c0068fa0000b6070000f0180000e0f90000fa
:10ba4c0085f3000054060000120a0000e300000019
:10ba5c0065ed000045fa0000470e000031080000bb
:10ba6c0022f6000015e200008c070000bf18000051
:10ba7c0040f6000036f70000fffb000074110000d8
:10ba8c0015110000e6f10000ddfa00005409000079
:10ba9c00620800008bf80000f8ed0000550400006f
:10baac00e30d000054030000abeb000012e90000b2
:10babc00c9160000780c000068f20000acf9000018
:10bacc00210100006d170000eb0400003cf00000a9
:10badc008f010000650a000070050000bff1000036
:10baec009cf20000a30a0000b10b0000f7fd00005f
:10bafc001ce300002df60000ba1d00003a00000007
:10bb0c0082f3000070fa00004408000041170000a6
:10bb1c0085f90000a7f30000e7060000fa0a000010
:10bb2c00a6ff000032ed00004efa0000b60e000039
:10bb3c009d080000c0f50000dee10000f6040000e6
:10bb4c00441b0000d3f7000082f5000028fd000024
:10bb5c00dc0e00008d11000030f3000066f80000d0
:10bb6c00280a0000f40900004dfa00006ded0000f9
:10bb7c008f000000b60e00001a050000c9ef00008f
:10bb8c001be50000880f0000fe140000ddf3000030
:10bb9c002df8000077ff000084120000d40a00008a
:10bbac00d9f00000ccfd0000440b0000140700008d
:10bbbc00baf5000052f0000037060000f00c00004f
:10bbcc00ed0000000fe90000eaec0000da180000bc
:10bbdc000f0b000065f20000f6f9000018030000de
:10bbec00431500003202000075f1000057030000fd
:10bbfc00780b0000cf020000a8f000008ef50000ca
:10bc0c00770b0000730a0000f3fa00009ae40000be
:10bc1c00e1f90000fb1b0000a3ff000084f300000f
:10bc2c0077fc000090090000a0130000bcf8000095
:10bc3c00b4f4000026080000290b0000fffd0000f2
:10bc4c003bee0000aefb00000d0e000041070000b3
:10bc5c004ff40000a0e30000d2060000451a0000db
:10bc6c009ff700000df6000093fe0000430e00004d
:10bc7c00000f000029f30000dbf900002f0b00007f
:10bc8c00b908000025f90000a1ef000059010000df
:10bc9c00990d00002e0300001bef000072e700005e
:10bcac009b0f0000a81500000ef400004ef80000d9
:10bcbc00d3ff00004b0f0000900b000082f200003d
:10bccc00acfd0000d80b0000360500005ef600004d
:10bcdc0068f200007d040000900b0000970000004b
:10bcec00a9ed000002ec0000df130000ac0f000017
:10bcfc0009f3000078fb0000550000001210000052
:10bd0c001908000095f1000083000000380b0000ba
:10bd1c00f4040000cbf6000057f20000cf05000041
:10bd2c00070a0000c7fd000079ec0000f4ee0000eb
:10bd3c00f41700004e0c0000a2f200000afc0000f8
:10bd4c0001ff00003912000096060000caf1000045
:10bd5c00f6010000ce0900000c04000032f60000d1
:10bd6c0083f30000e005000074090000e5fe00000c
:10bd7c006bec0000aaef00005f1700007c0a0000cb
:10bd8c0047f50000dcfb0000edfd00006e13000029
:10bd9c005b05000008f2000085020000110900009c
:10bdac001604000069f60000d8f30000300600000d
:10bdbc00cf08000095fd000093ea000006f3000098
:10bdcc00dc19000068080000daf50000c5f9000075
:10bddc00ddfe00007f1500003a0300001df300009b
:10bdec0084020000a1080000930400001ef500006e
:10bdfc0031f50000920600009d06000071fe000067
:10be0c0080eb000099f4000031190000d905000006
:10be1c002cf7000094f900001e0000008a160000a8
:10be2c000f010000d7f200006b0300008508000032
:10be3c002103000086f40000fef50000ec06000073
:10be4c00cb07000080fc0000b8e7000090fa00006f
:10be5c002e1a000048020000f0f7000066f7000000
:10be6c008d0300000e1700002bfd000085f4000070
:10be7c00df0300003f0800009d0200009ef200005e
:10be8c0038f800005a0800005805000017f90000a7
:10be9c0097e70000b9010000c0190000dcfd0000ac
:10beac002bf700006af7000058080000ff1500008f
:10bebc0088f90000cbf500001005000049080000cf
:10becc000a00000017f2000093fa0000520800006c
:10bedc007605000082f7000021e800007c060000d7
:10beec008716000038fb000061f80000b1f8000074
:10befc00470c00000d1300003df6000028f8000070
:10bf0c0094050000f50800008eff00002af10000e7
:10bf1c0097fd000059070000530300001af40000bd
:10bf2c00a0e80000c60f0000c713000020f70000b7
:10bf3c00b9f80000cff80000631100002d100000cc
:10bf4c0090f3000071fb00006e060000d4070000a7
:10bf5c002bfc0000a4f100005d000000d7080000dd
:10bf6c007a0200000dee00003cee0000f715000018
:10bf7c00540c0000eef50000a2f800009cfc000040
:10bf8c007a1500005b090000c7f20000effe00000c
:10bf9c00210700004806000097f800001ef300007f
:10bfac00bf030000430800007cff00001fea0000f4
:10bfbc00cbf50000041a0000ff030000d4f50000cc
:10bfcc0023f9000024010000ee170000110200000c
:10bfdc00c4f30000c70100009206000079040000c1
:10bfec007ff50000a8f60000cf060000ac060000ac
:10bffc002dfb000062e7000005000000e4190000c2
:10c00c00d8fb000076f7000000fa0000aa07000039
:10c01c002416000024fa0000f9f60000a904000020
:10c02c0051070000a50000002cf20000c2fb00002c
:10c03c0078070000ce040000f6f600005ae7000076
:10c04c006c0b0000b01400003ef600005bfa000020
:10c05c0088fa0000ba0e0000f110000032f4000063
:10c06c0097fb0000cf0600001e070000fcfb000041
:10c07c00e6f100002f0100000d0800005001000047
:10c08c003bef000026ee000041160000720b000092
:10c09c00d5f30000abfa00009bfd0000cd140000ae
:10c0ac000409000040f30000b9ff00005d06000029
:10c0bc00df0500001ef8000011f40000f40400007d
:10c0cc004e070000e5fe0000c3e90000a5f60000e5
:10c0dc008e1a000035020000aff500003cfa00009b
:10c0ec002f020000991700006400000067f40000a4
:10c0fc0069020000b10600006704000076f400003d
:10c10c00b1f7000080070000c805000034fa0000f9
:10c11c004fe700004d0200006b1900003ffa0000d1
:10c12c00d1f7000056fa00001a0900006a15000049
:10c13c00daf80000d9f700000d0500002507000013
:10c14c00d3ff0000fef1000098fc0000ad070000da
:10c15c00b704000022f6000067e70000f20c0000b4
:10c16c006c1300004ef500005dfb0000fbfa0000b4
:10c17c00360f000017100000bbf300007bfc000022
:10c18c000d070000ab0600004dfb00002cf2000078
:10c19c0035020000660700007b0000006aef00001b
:10c1ac007dee000069170000bb0900007bf2000067
:10c1bc00a5fc000010fe00009e1400008a08000080
:10c1cc00bbf30000590000007b0500009b0500003c
:10c1dc00c3f7000030f500000a060000fc05000063
:10c1ec00ccfe000097e900001ff60000821b000047
:10c1fc00810000007df5000092fc000006020000aa
:10c20c00e516000087ff00002ff50000b8020000c3
:10c21c00fc0600007f05000015f300009ef80000ee
:10c22c005a080000500300004bfb0000a2e700007e
:10c23c0045000000a41b0000e0f8000043f70000dc
:10c24c00e6fc000004070000b2150000cff9000066
:10c25c00f7f70000c0050000e00600000d0000002c
:10c26c0053f100005dfe00009e0900000902000071
:10c27c00c7f5000057e70000470c00004c16000003
:10c28c0031f30000c5fa00002cfd0000590d000030
:10c29c00c110000031f50000a3fd0000b60600003f
:10c2ac00dc040000a8fa000030f20000f5030000e6
:10c2bc00250900004a01000049ee0000bdeb00001a
:10c2cc00751700002c0b000010f20000aefd0000f2
:10c2dc00ccfe000083130000e90700003bf40000d3
:10c2ec003702000097050000530400006ff60000b1
:10c2fc00b0f500005e080000ad05000034fe000043
:10c30c00a7e9000073f500005c1c00005000000061
:10c31c00a1f4000049fe0000a1020000ec15000091
:10c32c0011ff000078f60000b6050000a205000021
:10c33c00680100007ff20000ccfa0000680a0000df
:10c34c0033050000acf6000076e4000004080000a1
:10c35c00441a000061f50000ccf7000027fd000036
:10c36c00410c0000541200006cf60000cafc0000e6
:10c37c00760700008b04000032fb000067f1000020
:10c38c004d030000790a000097000000eaee00005f
:10c39c00f8eb0000591600004c0c0000deef00001a
:10c3ac0042fc0000f500000071130000a80800001a
:10c3bc0032f40000d102000083060000a20000004d
:10c3cc0044f4000009f60000cb0a0000e409000068
:10c3dc0042fc000011e60000bef60000a71b0000a6
:10c3ec00a3ff0000cdf30000b7fe0000f306000031
:10c3fc0030140000cefb0000d4f600005008000002
:10c40c00e20500002bfc000009f10000c9fe000051
:10c41c000a0d00008b0400008df200000ae50000fc
:10c42c00a80c00006b16000082f300007af80000e4
:10c43c006dff00008c100000920d000039f400001c
:10c44c00dcff0000670800007b020000fef5000026
:10c45c00bdf200003d090000830b000000fe00004f
:10c46c00d7e70000acf10000701c00007404000061
:10c47c00f7f00000f5fb000094050000a116000089
:10c48c00fbfe0000bdf5000090060000e606000073
:10c49c0018ff00004cef00005dfa0000e00e0000f9
:10c4ac00fb07000008f70000e3e200002302000095
:10c4bc00581b00004df8000061f5000014fe000050
:10c4cc00120e0000df1100000af50000c8fa00008f
:10c4dc0052080000f806000076fa000084ee000016
:10c4ec004e030000ca0d00009102000044ee000053
:10c4fc0077e60000481300000b120000cdf100009d
:10c50c00ecf80000ef000000a4140000c0070000cd
:10c51c00fef1000072010000240900004c04000030
:10c52c0075f30000e4f20000810a00009f0a00008d
:10c53c00b9fd000048e7000030f10000781b000056
:10c54c002d05000023f20000b7fb00001e060000c2
:10c55c006e15000007fd00006ff400009f06000040
:10c56c003b09000097ff0000e6ee000021fa0000f6
:10c57c00cf0d0000a9060000e5f70000e9e300007c
:10c58c006aff0000a31b000090fa00003cf50000bd
:10c59c00a8fd0000f00b00006711000091f50000f1
:10c5ac00f1f90000d4090000700700008df90000bb
:10c5bc0087ee000072020000ae0d00005302000076
:10c5cc00cbf000009de50000380e00006215000065
:10c5dc00a6f30000d7f80000e5ff0000f110000002
:10c5ec004b0a000033f2000057000000bb0a0000a9
:10c5fc000704000057f4000057f200005109000036
:10c60c00e00a000045fd00009ce9000040ee00003f
:10c61c00db190000280a00001cf10000effb0000f1
:10c62c004d030000d713000029010000fef20000aa
:10c63c00290600007d0a00006400000015f00000cf
:10c64c00e1f70000830c00006a07000005fa000007
:10c65c0037e7000079f80000de1b00001400000032
:10c66c0026f30000c1fe0000cc060000c012000042
:10c67c009efa000096f60000cb0900005b08000053
:10c68c00bbfc000012f00000b9fc0000ba0c00006a
:10c69c007f04000070f60000fee50000ed010000d4
:10c6ac008b1b000047f900004cf60000a0ff0000b7
:10c6bc00df08000090100000fbf6000009fb0000f2
:10c6cc00ac0a00008305000014fa000034f10000ed
:10c6dc0069010000c40b0000e900000017f4000021
:10c6ec00eae700006b090000dc160000d5f400003e
:10c6fc0007fb000099ff0000030b0000830d0000f6
:10c70c0060f400009eff0000c8090000090400004e
:10c71c00a8f900003cf20000d30300000709000058
:10c72c001bff000074f20000b3e900006110000070
:10c73c0011120000faf20000a9fd0000c0fd00007b
:10c74c00c10d00001c0b000086f400004702000025
:10c75c00de060000940300004bf9000062f30000b9
:10c76c00b1040000650700004eff000068f10000f6
:10c77c00e8eb000029130000170d0000d5f30000b2
:10c78c004aff000031fd000036100000590800007f
:10c79c00bcf30000d9030000920600001f02000049
:10c7ac009bf700009ff50000f80600006c050000e8
:10c7bc0018fe0000b5ee00008eef000071170000af
:10c7cc0041070000eef5000075ff000032fd00008f
:10c7dc00e512000048030000f0f40000bf05000063
:10c7ec009f050000de02000026f6000033f7000073
:10c7fc003b070000f702000011fd00000aec0000ee
:10c80c005ff70000e31900000f000000baf700000a
:10c81c0058fd0000ecff000039150000bfff0000c0
:10c82c00b6f7000033050000c903000076010000d4
:10c83c0005f500002cfa0000ad07000076020000a0
:10c84c0071fb000084e9000099ff00002318000030
:10c85c000bfa0000edfa0000cbfb00005a050000bb
:10c86c002f140000fdf9000088fa0000710500008b
:10c87c0090040000baff000016f30000a1fd0000b8
:10c88c00fb0700003901000099f60000eee80000fb
:10c89c00660a0000301400004cf50000c6fc0000d5
:10c8ac00e8fa0000ff0b0000a41000009ff5000048
:10c8bc003efe00009f040000b904000001fd0000d2
:10c8cc002df20000710200009906000064000000c7
:10c8dc009af4000003ea0000791000007b0e0000bf
:10c8ec00b4f40000b9fe000087fb0000b60f000096
:10c8fc00d00b000004f40000270100002806000003
:10c90c0047030000dff8000027f40000af0500002b
:10c91c000e060000d2fe000005ed0000b6f100008e
:10c92c002919000008040000c8f50000d6fd00001d
:10c93c008afe00003b150000dd020000f2f500004d
:10c94c00af0400003204000060010000a1f40000fc
:10c95c00ddf80000ef080000320500004cfb000081
:10c96c002be60000c8fe0000da1a0000c6f9000031
:10c97c002df900008bfc0000e405000048150000b8
:10c98c001ffa000001f900003b050000d90400006b
:10c99c0022ff0000ccf2000055fe0000160900003a
:10c9ac00c8020000eef50000bae60000390a0000eb
:10c9bc003d160000ebf4000088fb00008afc000030
:10c9cc00160c0000a410000023f50000f0fc000081
:10c9dc00e80500009c05000048fc0000f1f1000097
:10c9ec00180300001008000041000000f8f00000df
:10c9fc005fea000021140000ed0e00009ff2000021
:10ca0c00cffc00007afd000034110000670a000022
:10ca1c007cf300003b01000054060000ed02000016
:10ca2c0062f700000df5000066070000d906000053
:10ca3c00fcfd000060eb0000a4f20000da1900001d
:10ca4c009604000016f40000fffd0000ec0000004e
:10ca5c00b013000009020000c6f4000067040000d7
:10ca6c00670600002c010000ebf30000e8f8000062
:10ca7c00960900007e050000fdfa00005ae7000050
:10ca8c00f7fb0000841b0000fffc0000bbf600005d
:10ca9c001efe0000f40400009613000033fb00009f
:10caac0046f70000740600005b060000caff000099
:10cabc00a7f2000018fc0000fd090000b204000001
:10cacc00a0f70000d4e50000250400006c1a00005b
:10cadc00b1f9000003f900003afc00001108000055
:10caec008e1200002af8000059fa000072060000ad
:10cafc001f06000076ff000058f200002dfe00001b
:10cb0c00c70900004b0200000cf6000009e700000a
:10cb1c00cf0800006a19000086f70000cbf900006e
:10cb2c001ffb00009f0a0000ed110000d9f500006a
:10cb3c008ffb0000f00500003307000071ff0000c0
:10cb4c0021f1000005fe000001090000d5030000e2
:10cb5c00bbf70000d0e6000051070000a917000049
:10cb6c00e1f800007dfb0000d9fa0000530a000038
:10cb7c00c2100000f7f40000bcfb0000df05000051
:10cb8c00020800007c00000035f100004cfd0000a4
:10cb9c00130700007f03000016f80000bbe600003e
:10cbac00340800003718000057fa0000edf90000b7
:10cbbc0044f800005c0b0000a5110000e6f5000035
:10cbcc0084fb0000d5040000ff07000014010000e6
:10cbdc008ef1000050fc0000e8060000a0030000ed
:10cbec00a0f80000cce700007b070000af170000a6
:10cbfc0009fb000094f90000cff700000b0c0000bb
:10cc0c00e7110000abf500005cfb00007e040000a7
:10cc1c002e09000062020000c6ef0000d4fa0000ea
:10cc2c00f1060000c10400008ffa0000a1e700002b
:10cc3c00320600008a1700004efb0000b2f800001c
:10cc4c00e0f70000990d00009012000023f50000a1
:10cc5c00f2f900005f040000190a00002b0200002a
:10cc6c001df00000a6fa0000450600002406000096
:10cc7c001df90000eae60000300800008e160000e6
:10cc8c00d8fb000008f800005ef70000920f0000cf
:10cc9c0031110000abf400004afa00003a05000024
:10ccac00010b000054ff0000a0ee000060fc00002f
:10ccbc00990700007905000083f600005de900008b
:10cccc00c60b0000d0120000bff9000097f800005e
:10ccdc0075f90000aa1100001a0e000007f40000fc
:10ccec0023fc00000d0500005a0a0000affd0000f7
:10ccfc0013ef00009cfe0000c3060000bc04000003
:10cd0c00c2f400002bea0000d90f0000b40f0000a1
:10cd1c0075f8000091f9000084fa00002c14000052
:10cd2c00fe0a000021f3000098fd000093050000ae
:10cd3c00b50a0000cffa0000a6ef00005801000071
:10cd4c00cc060000a503000010f000002eee000041
:10cd5c00f4140000390a0000e7f70000e7f90000be
:10cd6c0069fd00007b1500004505000057f400002c
:10cd7c008f0000006106000073090000e2f600005d
:10cd8c00bdf10000b10300008e0500009f02000001
:10cd9c00beeb0000f5f40000ae1800001c02000011
:10cdac0001f9000076f9000005010000521700009f
:10cdbc0027ff000068f700005b010000440500003d
:10cdcc000e090000f8f3000076f400005506000090
:10cddc007b0400007b00000014eb000048f800000e
:10cdec006218000059ff0000a6f9000064fb000067
:10cdfc0024030000551500007ffc000012f8000011
:10ce0c007b030000410600004d060000b0f200005c
:10ce1c0003f7000067060000f804000043fd000063
:10ce2c00ace60000e2010000c217000067fa000047
:10ce3c00b9fb0000c5f80000d40800006613000020
:10ce4c00f8f70000bcfc000010030000f106000025
:10ce5c00ef0200002ef00000d0fb0000ea050000fd
:10ce6c00d404000059fb000087e6000042070000d4
:10ce7c006613000096f80000d2fd000039f900009e
:10ce8c00c50b00006810000045f6000022fe0000f3
:10ce9c001c040000a106000077ff0000d0f0000089
:10ceac0062fe00007d050000740400001cf8000008
:10cebc0022e800002b0d0000f60e00002ff70000fa
:10cecc0050fe00009efa000027100000c10b00006d
:10cedc0081f40000e9ff0000470500000c0700008a
:10ceec00defa000095f10000ad0200000006000023
:10cefc005a01000083ee0000b2f00000731700002e
:10cf0c005505000049f700005efc000004fe00001f
:10cf1c00841500007c0200003cf600008c0200002e
:10cf2c004d050000e1070000f3f400002af40000b6
:10cf3c00300500004a040000aa010000f3ea0000da
:10cf4c0037f70000441800000eff0000d0f9000075
:10cf5c00d4fa0000e502000020160000cbfc000013
:10cf6c0054f80000bb0200006a060000af05000088
:10cf7c00eef1000022f80000eb060000b803000000
:10cf8c005dfe0000d5e8000045fe0000d81700004b
:10cf9c0041fb000027fb0000fefa00009e0600008b
:10cfac000614000009f900006afa000001040000f0
:10cfbc00ee060000c7030000bef0000088fa000077
:10cfcc00da0600007a040000bff9000080e60000d9
:10cfdc00ef0800007614000036f800007cfc00001e
:10cfec00acf800004b0d0000f00f00001af600002a
:10cffc00d8fe00000d030000e9070000d0ff000080
:10d00c00c4ef0000c1fe0000ae050000d804000013
:10d01c005ff70000bde70000960d00001f0f000039
:10d02c00c3f7000020fe00008cf90000cb0f0000bd
:10d03c004f0c00003af50000310000002204000003
:10d04c00fa06000080fc000033f10000e60000004e
:10d05c001d0500004d04000027f4000082ea0000ca
:10d06c001a1200002a0a00006cf70000b1fe000042
:10d07c0069fb000099120000e5070000aef4000007
:10d08c00e8010000100500002d060000cdf800009e
:10d09c0011f300008d0400000f050000c4ff000018
:10d0ac00e7eb000073f500004f190000e9ff0000ea
:10d0bc00b9f800009bfc0000d5ff0000f41500003f
:10d0cc00e1fe000089f8000063030000d9040000b1
:10d0dc006c06000015f30000e6f6000000060000e8
:10d0ec00210300001b01000089e9000085f9000004
:10d0fc0010180000c5fb00009efb000015fc000092
:10d10c00960300004c150000e5fa000026f900001b
:10d11c00f20400004506000031010000dcf10000c3
:10d12c00f5fb0000b90600009b020000eefb0000be
:10d13c0031e700009d0300005a16000051f7000073
:10d14c005bfd00000dfb0000060900003212000020
:10d15c00d7f600002efd00008304000094060000aa
:10d16c0037ff000062f00000deff00003d0700000a
:10d17c0025010000d5f50000f2e700008c0d000041
:10d18c00bf110000e1f40000a5fe0000effa000062
:10d19c00a00d0000480d000072f5000034000000e6
:10d1ac00de0400003106000023fa0000f6f1000056
:10d1bc00b2020000ad0500005603000080f4000030
:10d1cc00a9e80000b10f0000380d000088f600003f
:10d1dc00ebff000079fb0000241000008b0900001d
:10d1ec00eaf30000b10100004a0600006b050000e4
:10d1fc003bf800004ef30000ca0400008305000059
:10d20c0045ff0000caee0000c3ee00005a160000f5
:10d21c00670800001af6000089fe000028fd0000d7
:10d22c00951200000c05000085f50000310400008b
:10d23c00830500002c02000055f50000f4f60000f8
:10d24c00600700005304000007fe0000c2ea000063
:10d25c005af500009f1900002c000000c4f80000d3
:10d26c00aafe000047000000671400002dfd00001e
:10d27c0019f70000cf060000f10600005201000073
:10d28c00f2f1000074f90000a2070000ed030000a9
:10d29c00f2fc00008ee80000bcfb00007f190000cf
:10d2ac00a7fc00006afa0000e8fc0000b6030000ce
:10d2bc00671400006efa0000acf90000d406000000
:10d2cc00e1040000d4fe0000fff2000020fd00008d
:10d2dc00020800003b0200008bf800009de70000f4
:10d2ec008c040000071800008ef800002ffc0000d2
:10d2fc00fcfb00002308000077110000e4f600009e
:10d30c00bffd00005007000050040000b7fb0000f8
:10d31c0061f10000ea000000520900002901000040
:10d32c0090f3000030e90000260e0000c61100004a
:10d33c002df50000bcfe000058fc0000190d00008b
:10d34c00830c0000baf4000067020000eb0600003a
:10d35c00150100005ef8000059f4000022050000e1
:10d36c00a407000021ff000099ed0000bdef0000b4
:10d37c002a1700009507000077f5000052ff000007
:10d38c003bfe00003b120000fe03000029f60000eb
:10d39c0012070000d20400005eff000086f40000bb
:10d3ac00bff80000f5080000f503000025fc0000a4
:10d3bc0065e70000fbfc00002d1c000066f9000076
:10d3cc0064f80000e8fe000026050000421400008e
:10d3dc00d2f9000068fb0000e207000038030000ef
:10d3ec0041fd00002ff100002f000000890a000011
:10d3fc003502000014f500001ae70000770d00005c
:10d40c00441300009af20000d2fc00005eff000002
:10d41c00a40e0000dc0b000058f5000076030000a1
:10d42c009006000013000000fdf500006ff40000f2
:10d43c00040900005b090000e9fe0000ece80000b4
:10d44c0060f30000cd190000930100005cf40000b3
:10d45c0041fe00009d060000df13000015fc0000db
:10d46c0038f9000084080000f903000038fc0000c3
:10d47c001ef000001fff0000750d0000aa03000045
:10d48c00ddf30000e4e60000660c0000da11000099
:10d49c006df300007bfa000023000000191300005c
:10d4ac006f09000006f4000078040000fe0500007f
:10d4bc00b1ff0000b6f300007df40000770a000015
:10d4cc00a60a000079ff000047e50000c4f7000041
:10d4dc008f18000003fb000030f800002bfc00004c
:10d4ec00320a00007c1600008df60000dafa00000b
:10d4fc008d07000023040000bdfb00002ded000093
:10d50c002e0100005b0f00009e050000eaee0000fb
:10d51c0088e500005b120000050d00000bf3000015
:10d52c00b9fb0000e4fe0000b4170000c9060000bf
:10d53c001ff2000065050000bf040000e7000000ba
:10d54c0094f2000037f40000c10c0000690b0000dd
:10d55c00b9fb000090e3000049fd00009e1700009d
:10d56c00f0f7000026f90000b6fb0000080c0000e4
:10d57c00c7150000ecf4000079fc00008d060000db
:10d58c00e60200008efb000048ee0000890200005d
:10d59c00680e00009c040000efed000011e9000093
:10d5ac00a01300008208000090f30000a3fc000010
:10d5bc00bdff000036180000eb04000072f3000001
:10d5cc001f0600003f02000055fe00000ef4000094
:10d5dc0081f70000dd0b00008c0b0000e9f8000067
:10d5ec002de40000ba0400006a12000080f500006f
:10d5fc002efb0000eefb0000f2100000d012000029
:10d60c0097f30000fbff0000120400003100000043
:10d61c0023fb00005af20000e7040000160d000086
:10d62c0027010000bae600001ff600006d1800008c
:10d63c000dfd000012f60000dafa00009906000059
:10d64c00a51a00001bfc0000d9f70000cd04000057
:10d65c00ce010000a7000000c8f1000008fc00008b
:10d66c00ce0c0000be080000edf3000050e60000f8
:10d67c00170d0000510d00009af30000e1fb0000b3
:10d68c00c4fd0000c7150000d10c00001df2000005
:10d69c006700000045040000960300007df80000c0
:10d6ac007ef2000094060000310d00009100000095
:10d6bc0087e6000056f600007d160000e3fe000031
:10d6cc0039f7000099fa00005b0700009118000080
:10d6dc00dbfb00007bf70000100500009702000048
:10d6ec00aafe0000a3f20000b4fd0000a90c00008b
:10d6fc001107000054ef0000d8e80000a81100004a
:10d70c00bc0a00009af40000bcfa000091fd000075
:10d71c003e17000094090000abf300004b02000020
:10d72c00970300000a020000edf60000edf4000083
:10d73c008f080000460b00000cfd0000c5e6000041
:10d74c0061fd00003a1500009ff90000b7f80000d9
:10d75c0033fb0000b20a0000f21600002ef90000a4
:10d76c00defb000001040000ecff00009bfd00004c
:10d77c002ef30000df000000bc0c0000b805000018
:10d78c0009ed000087ed0000eb13000073040000ae
:10d79c000bf60000d4fb0000870000004f180000bf
:10d7ac0021040000bbf6000042040000f8ff00005a
:10d7bc00baff0000cbf600006bfa00005a0a00001a
:10d7cc002708000088f3000048e70000c20d0000a5
:10d7dc00460f00000af40000b5f900004ffb0000f2
:10d7ec00e5130000080f00006cf6000018000000a4
:10d7fc00960100002c03000005fa000061f3000004
:10d80c00070500001f0c00007902000040e8000032
:10d81c00ecf40000f41500009dfe00008ef60000f4
:10d82c00eefa00006b06000090190000ebfd000002
:10d83c00a4f70000cc0300004c0100002300000002
:10d84c0000f4000034fc0000c80b00002c080000a1
:10d85c001bf20000fce80000ec0e0000aa0b00001c
:10d86c0011f500000cfb00007ffd000065150000a9
:10d87c005a0b00000ff60000bc0300007b000000f8
:10d88c00b6fd000090f8000081f8000004090000cb
:10d89c00950a000018fa0000d3e50000e903000027
:10d8ac00201300003ef60000f2f9000075fb0000aa
:10d8bc00490e0000a61400004af700003aff0000d1
:10d8cc00840200006cfd0000d0fc000065f5000037
:10d8dc00d10300007b0b00007f01000063ea000015
:10d8ec001af500001d15000030fe0000b3f6000014
:10d8fc000afc000004040000891800001f0000004e
:10d90c005af900005004000011fe000055ff000001
:10d91c00f6f5000025fc0000ef0a0000f0070000ff
:10d92c00def2000038e900000f0e0000e10a0000f2
:10d93c004ff5000067fb0000c5fc0000c714000099
:10d94c009d0c000061f600002e020000610000003a
:10d95c0083ff000009fa000005f700004b070000e8
:10d96c00780a000012fb0000c7e50000b4010000bb
:10d97c008515000013f8000006f800009df9000062
:10d98c00fa0b00006f160000f8f900006efc0000a6
:10d99c002b02000057020000c4fe000041f2000000
:10d9ac003bff0000d90b0000a8070000d0ef0000df
:10d9bc0013ea00001a110000a1080000c2f40000d4
:10d9cc000bfb00004aff00001e1800008508000039
:10d9dc005df4000027020000dc0100009a01000049
:10d9ec0073f700009ef60000e80800001d0b000015
:10d9fc00a1fa0000dbe50000ce020000c613000017
:10da0c00e7f700006df900000ffb0000c30d0000ec
:10da1c00671400001bf8000084ff000031030000b5
:10da2c0007fd000097fb000006f6000056040000fe
:10da3c00ee0b00009601000001e90000fef500006d
:10da4c000a16000048fd000091f600001bfc0000c7
:10da5c001d0500001d19000016ff000066fa0000ed
:10da6c007704000009fb000029fe0000b9f7000054
:10da7c00effe0000f00a00006d050000feef000054
:10da8c0022ed0000031200003305000029f4000011
:10da9c00f6fc0000d9fe0000951600000d080000f1
:10daac009ff70000df04000037fd00003bfe000084
:10dabc00b8f900008ef9000030080000f4080000ee
:10dacc000cf7000040e70000f6090000c30e000050
:10dadc00e1f400006ffa00007afa00009e110000d9
:10daec00f31100005af80000b401000016ff00000a
:10dafc006ffd00005afc0000caf600002305000070
:10db0c00b80a00001500000024e70000b8fb000074
:10db1c0074140000c2f900000df900000bf90000ac
:10db2c006e08000017190000fefc0000ecfb000062
:10db3c008601000090ff000011000000cbf40000f3
:10db4c00cefe0000290a0000b207000083ee0000a0
:10db5c00e7ea000069130000ae050000b7f500000d
:10db6c00c8fa000099fd0000991800000e0800008a
:10db7c00d4f70000a80000001b000000f104000016
:10db8c003ff700004df600001f0600009f0a000042
:10db9c004a01000079e50000d0fa0000db13000018
:10dbac0051fb00008cfa00009bf9000047090000b3
:10dbbc00ea16000028fc0000d3fb0000c5000000a2
:10dbcc003d0200007a00000056f30000bcfe00008d
:10dbdc00990900005807000036f0000092ea000096
:10dbec00d91000001507000066f8000050fb00007b
:10dbfc002ffc0000e71500006509000069fa000021
:10dc0c0089000000cffe0000f80300001df80000a2
:10dc1c00c5f60000da0500006a0a0000ebff000000
:10dc2c0009e30000dcfe00002c14000038f90000b1
:10dc3c001cfd000062f70000bd0a00005816000031
:10dc4c0037fb00006afd000073fe00008105000038
:10dc5c00710100004df00000c1fe0000c60900007b
:10dc6c006109000028ef0000f7e6000047120000f1
:10dc7c00db080000b8f900006df9000007fa00009d
:10dc8c00a3180000f509000051f90000ccfc0000bd
:10dc9c0093000000b30a000095f5000016f3000095
:10dcac00e6060000220b0000fb0000009ae10000d9
:10dcbc00b7fa00000a18000074fd00003cfa0000de
:10dccc00e9f40000450900008a180000bcfd0000c2
:10dcdc0050fa0000b8fc0000fc090000c20400006f
:10dcec0067ec0000d6fb0000cb0a0000700b0000b4
:10dcfc0058f4000095e000000e0d0000a711000084
:10dd0c00fffa000021020000e8fe0000790000008c
:10dd1c00f0ff0000d0ff00004d000000adff000040
:10dd2c004a000000c6ff000026000000ebff0000c8
:10dd3c0009000000feff0000feff000002000000d2
:020000040000fa
:020000040001f9
:10dd4c00500800002c10000000000000241f0000f0
:10dd5c001800000000000000881f000002000000f6
:10dd6c0002000000d0070000801f0000040000002b
:10dd7c000200000000000000000000007c18000001
:10dd8c00a6030000000000005e1f00000800000059
:10dd9c000200000000000000000000000000000075
:10ddac008a1f000002000000000000008c1f000011
:10ddbc0002000000000000004e1f000010000000d8
:10ddcc00000000006e1f00000600000000000000b4
:10dddc00841f000004000000020000000200ff008d
:10ddec00ff000000ac1f0000040000000200000057
:10ddfc000000000000000000a61f0000060000004c
:10de0c00020000000000000000000000661f00007f
:10de1c000800000000000000761d0000d800000083
:10de2c00020000000403050053060300075308001a
:10de3c000009d1000a000b00070c03000d510e0065
:10de4c00010fe70012021300021510001640170014
:10de5c004018400019401a00031be6001c001d006e
:10de6c00701e0a001f1b2000443b00004680480027
:10de7c00604996004a004b007d4c00004e084f0054
:10de8c000a50700059005a00005b00005cac5d0049
:10de9c0002760000771a78002a7937007a427b00e4
:10deac00567c68007d877e00a37fbc0080d48100f7
:10debc00ea8e38008fa590000d919300922d93005f
:10decc000694830095aa96004d97250098259b00f3
:10dedc00009c96009f80a00080a1b600a29da3008c
:10deec00aba48000a500a60007a70100a8e7a90025
:10defc0000aa0100ad9fae0022af8c00b007b100ac
:10df0c00ccb20000b370b90003bae600bb07bc008a
:10df1c00ccbd0000be0cc10010c2e000c310c40098
:10df2c00e0c58000c680c70001c8a500c902ca00b0
:10df3c007acb0000cca7cd0001ce4700d43cd50055
:10df4c0001d88000221c00005401000000000000d9
:10df5c008e1f00000200000000000000741f000073
:10df6c00060000000200000000000000000002009b
:10df7c00981e000044000000000000007a1f000002
:10df8c000600000002000000220098001e22000083
:10df9c003c1f00001200000002000000202b2d008e
:10dfac0023300000010002000004000008001000f3
:10dfbc00000000009e1f000008000000020000008e
:10dfcc00686a6c00747a4c0000000000921f00001c
:10dfdc000c00000002000000686a6c00747a4c00af
:10dfec00006343006e5b0000021f00002200000073
:10dffc00020000003031320033343500363738003f
:10e00c0039616200636465006600300031323300b0
:10e01c003435360037383900414243004445460018
:10e02c0000000000dc1e00002600000002000000c2
:10e03c003031320033343500363738003961620004
:10e04c006364650066414200434445004600640039
:10e05c00696f750078587000000a0000080a1000fb
:10e06c00101000004e1e00004a00000002000000cc
:10e07c0030313200333435003637380039616200c4
:10e08c006364650066676800696a6b006c6d6e009e
:10e09c006f707100727374007576770078797a00fe
:10e0ac0000000000412921001c191700161514004e
:10e0bc001312120011111100101010000f0f0f008d
:10e0cc000f0e0e000e0e0e000e0e0d000d0d0d009f
:10e0dc000d0d0000901f0000020000000000000069
:04e0ec000000000030
:020000040000fa
:020000040001f9
:04e0f0000000fe002e
:00000001FF
