:020000040000FA
:10000000407F04000100000078F0000078F000005C
:1000100078F0000078F0000078F0000078F0000040
:1000200078F0000078F000009040000078F00000C8
:1000300078F0000078F0000078F0000078F0000020
:10004000CE37000078F0000078F000007642000023
:10005000A4420000AC2F000078F0000078F000000F
:10006000B048000078F0000078F0000078F0000060
:1000700078F0000078F0000078F00000684B000095
:10008000BA53000078F0000078F0000078F000002B
:1000900078F0000078F0000078F0000078F00000C0
:1000A00078F0000078F0000078F0000078F00000B0
:1000B00078F0000078F0000078F0000078F00000A0
:1000C00078F0000078F0000078F000008A3400003A
:1000D00078F0000078F0000078F0000078F0000080
:1000E00078F0000078F0000078F0000078F0000070
:1000F00078F0000078F0000078F0000078F0000060
:10010000FFFFFF00FFFFFF0078F0000078F0000025
:1001100078F0000078F0000078F0000078F000003F
:1001200078F0000078F000009040000078F00000C7
:1001300078F0000078F0000078F0000078F000001F
:10014000CE37000078F0000078F000007642000022
:10015000A4420000AC2F000078F0000078F000000E
:10016000B048000078F0000078F0000078F000005F
:1001700078F0000078F0000078F00000684B000094
:10018000BA53000078F0000078F0000078F000002A
:1001900078F0000078F0000078F0000078F00000BF
:1001A00078F0000078F0000078F0000078F00000AF
:1001B00078F0000078F0000078F0000078F000009F
:1001C00078F0000078F0000078F000008A34000039
:1001D00078F0000078F0000078F0000078F000007F
:1001E00078F0000078F0000078F0000078F000006F
:1001F00078F0000078F0000078F0000078F000005F
:10020000DE3A0400000000005A3D04000000000037
:10021000363E040000000000BE4004000000000064
:10022000A601040000000000E2010400000000003C
:100230000F1B2200807922000001880000000000CE
:10024000050007000C000700901E020000000000DF
:100250000040DA000000FE004440A90080A3200016
:100260000000E0000300320000002000A001880030
:100270004440A8000000060060EA2E0001002000B3
:100280001600370062004000E080480091018800BD
:100290009001BA0062004000E080480091018800AF
:1002A0009002BA0062004000E08048000002EB00CB
:1002B0006028E10005003A008301E90007003300EF
:1002C000038009000059EB00040037006128E100B9
:1002D000010032000082EB00050007009101880058
:1002E0001001BA000200E000E6FF3A00000005003D
:1002F000910188008002780062004000E0804800A0
:100300003559BA008301E900080032002559BA00C6
:100310008301E900050032000400E000F4FF320030
:1003200015D9BA008301E900F1FF3A000000060088
:10033000800078001106B100030035009101B10082
:1003400001003C000050A10000000600881F78005A
:1003500002047800E5000700080040004F04780020
:10036000000006000000FA00881F780000047800F2
:100370003FB99700EA81570080007800601A20009A
:10038000E1000700800078000000E0000200350076
:100390000040EB0000F47800010078004F04780082
:1003A0000080FA0000000600800078001004E000E1
:1003B000020032005104E000FEFF3A0000805000CD
:1003C0000000060080017800100078000200E000C4
:1003D00002003A008009E900060037001004E0003E
:1003E00002003A008080EB00020037008009E8003C
:1003F0009000FB0001007800000006000200FA00F7
:10040000F0BF9F003FB99700EA8157008F80E90055
:10041000201E2000710107000080FA000000060085
:10042000889FBE0080047800A1FB80000100780056
:100430000100E0000A003A0061F72100761FE200A7
:100440001C00320011007800908F54001400360018
:100450008080E8001100E000FAFF3A001500370044
:100460001100E0000600320011017800928F540064
:100470000B0036008280E8001100E000FAFF3A002D
:100480001001780061F72100B0FB8000820F50005E
:100490000800320011007800908F540002003E00E6
:1004A00001007800150037008080E800910F1100EE
:1004B000F8FF3A00C8FB8000890F540001003100AA
:1004C00009047800080078001B020700000178008A
:1004D0000000E00005003A000000EB00890F540026
:1004E000060032000804D100F3FF37000819780035
:1004F0000200780044000700CBFF37004F04BE0025
:1005000000000600881F7800630440000800A10076
:100510000001EB00800F540022003600E30F54006E
:1005200001003E004800200008007800BCFF0700E2
:10053000800078000001EB000000E00019003200AC
:10054000100178009201780064805100880F5000FB
:100550000300310012009000800878000700370087
:1005600008004100800878001202900014009800F2
:10057000110078000888510008097800910078007F
:100580000100E00004003200110090008180E800CA
:100590000000E00001003A008000EB00A1FB8800B1
:1005A0000281E800020078004F0478000000060095
:1005B000881F780000047800F2FB8000D0FB8000E8
:1005C000800F51000A0031008200D0000200E800D4
:1005D000F0FB8800E0FB8000610078000000010073
:1005E000F2FB8000D0FB8000800F5100F6FF390045
:1005F00080E92100E0FB880020022000D0FB880079
:1006000008007800280907000000E00036003200EA
:100610000081E90012027800E30F52003200360038
:100620000408A30030003A00B1FB80000100E000A4
:1006300002003200810F51000300310001087800F0
:10064000B2FB88001D003700810178001100900086
:100650000000E00008003200820F50000600310068
:1006600080017800100090000000E00002003200DD
:10067000820F5000FAFF390093007800018041009A
:10068000800F510018003900820F500003003A001B
:10069000848940000301780008003700930090002F
:1006A0000100E0000300320004004100808F500090
:1006B0000D003900110198009201980092009000FD
:1006C0000100E000080032009201780003004100C0
:1006D000810F500004003A00743FEF001089410080
:1006E00010009000100198000000060080017800C2
:1006F0000200E00003003200B15978000201E90075
:10070000FDFF3A00000006006200FA00889FBE006C
:100710008A9FBE000004BE000205780083007800B6
:100720006A8057008B010700F88F9F0089979F0010
:100730000000EB00909F9F001A80FB008005FB00EB
:100740000000EA00CF04DE00090478005002200017
:10075000808F550001003A000904E9000800E0001C
:100760000C0034000F909700080178008A00780090
:10077000FF8997000300010080979F008080EB00B5
:100780000000E000900032001F9897000800400031
:10079000909F9F000905450050022000808F550062
:1007A000040032000B00E000E3FF3A009F9897003E
:1007B000850037000000EB00F0979F00E0979F0056
:1007C000D0979F00C0979F00B0979F00A0979F0071
:1007D000B09F9F0009003700C0F321000080500047
:1007E0000000D00021F4210001004000BF989700D4
:1007F00090807000B19F9F000A05E8009A00FB00FE
:10080000C0F3210055010700800078000000E000DF
:10081000F1FF3A00A0C2B3009A4F10000E003A0058
:100820003FB897000080E900B0BF9F00100078003B
:10083000A09F9F000000E00005003D000000EA00CE
:10084000A09F9F003F9897000020A000B09F9F00AE
:100850000A05E80011003700A19F9F000B00370038
:10086000AF989700F0FF2700808F500006003200FD
:100870006A09B9001A00FB000200400001FD2F00C8
:1008800001004000A09F9F000A05E8001A00FB003D
:100890003A0107000000E000F1FF3A00E0C2B300B7
:1008A0009A4F1000030032000080EB00809F9F00F1
:1008B0001C003700A0C2B300DA4F100007003A0056
:1008C0003FB897000080E900B0BF9F00100078009B
:1008D000809F9F000A05E800120037000000EB002F
:1008E000809F9F000B0037008F989700F0FF270034
:1008F000808F5000060032006A09B9001A00FB0020
:100900000200400001FD2F0001004000809F9F0079
:100910000A05E8001A00FB00180107000000E000CB
:10092000F1FF3A009A00FB00E0F921000B010700FB
:100930008040EB000000E00001003200BA40780087
:10094000817F9F0080C6B30080CF500004003A0032
:100950009ACF100002003A006640500007003700AE
:100960008F789700C0C6B30080CF500005003A00D2
:100970009ACF100003003A0065404000807F9F003E
:100980000A05E800A0FB2F00008447003A01FB00A5
:1009900088017800EA80570060F92F000F004000BE
:1009A000FC0007000000E00006003A008800780024
:1009B00060F92F000F0040007C0207000000E000FB
:1009C0005DFF3D008080EB00010078004F05BE0018
:1009D0004F04BE000080FA00000006001200FA007A
:1009E000889FBE008A9FBE008C9FBE0002047800D4
:1009F0008006EB0090B79F00A1B79F0083007800AE
:100A00007A805700D3000700DDB79F00C8B79F006A
:100A10004FB097001080FB008005FB000000EA004B
:100A20004F06DE000B0078002E0307000000E000F8
:100A30001A0032005FB097000000E800D0B79F00B6
:100A40002FB09700120020008000EB009FB19700AC
:100A50000300010080047800220307000000E0008A
:100A6000F4FF3A005FB09700E18F440008003200C5
:100A70000000E900D0B79F002FB097000001EB0005
:100A8000890078009FB1970003000100290037001A
:100A90000000E900D0B79F00260037000C04780062
:100AA00050022000808F550001003A000C04E9003C
:100AB0004FB597000804E9001E0033005FB09700AF
:100AC0000000E800D0B79F002FB097001200200070
:100AD0008000EB009FB197000300010080047800C4
:100AE0001A00FB00808F54000F0032005FB09700A7
:100AF000E18F4400080032000000E900D0B79F00F9
:100B00002FB097000001EB00890078009FB197009B
:100B100003000100020037000000E900D0B79F0089
:100B20000D0078007F0037000A05E8000804E9009E
:100B3000E2FF3B004FB097008C004000C1B79F0020
:100B400050022000808F5500040032000D00780014
:100B50000B00E00073003200ADFF3700A0C2B3000D
:100B6000914F100005003A00F880570011007800FE
:100B70003041780080087800010037000041EB0028
:100B800082F79F000000EB00F0B79F000E003700D7
:100B9000FFB09700F0FF2700808F50000700320061
:100BA0006A09B9004FB097001000FB000200400036
:100BB00001FD2F0001004000F0B79F004FB09700EB
:100BC0000000E800C0B79F004FB097001000FB0086
:100BD0006A0007000000E000EDFF3A004FB0970008
:100BE0009000FB0020F921005C0007000041EB00B1
:100BF0000000E00004003200F88057001100780087
:100C0000304178008008780092F79F0080C6B300DA
:100C1000804F510007003A00CFB09700914F11006C
:100C200004003A006640500090F79F000100E80081
:100C30000A0037009FF09700C0C6B30080CF500075
:100C400007003A004FB1970092CF100004003A001D
:100C50006540400090F79F000200E800C0B79F0089
:100C60004FB097009000FB0090F921003B00070077
:100C70000000E00019003A005FB097000000E800B3
:100C8000D0B79F002FB09700120020008000EB002B
:100C90009FB19700030001008004780091020700D3
:100CA0000000E000F4FF3A005FB09700E18F4400DD
:100CB000080032000000E900D0B79F002FB0970075
:100CC0000001EB00890078009FB19700030001004C
:100CD000020037000000E900D0B79F007E80570077
:100CE00088020700800078000000E00005003C005A
:100CF0000D0078000D00E0000A003A0001007800C5
:100D0000080037002FF097000004E00001003200D7
:100D10008D06E8004FB097000000E800C0B79F00C4
:100D20003BFF37004F06BE004F05BE004F04BE001C
:100D30000080FA00000006000000E000030034001C
:100D400061070700E10F400001003A000000EB00DE
:100D500000000600010878000000060090CF100097
:100D6000050032001004E00001003A000000050018
:100D7000D0CF1000FBFF3A00000006000003B100D6
:100D8000030035009000B10001003C001000050098
:100D900000000500889FBE008A1F780000047800CC
:100DA0000102780002457800830478000200FB000D
:100DB000CF80DE005002B1000180B100320520007A
:100DC000820F5000E08F58006B013E000060010070
:100DD000630137006801370067013700660137009B
:100DE0006501370064013700630137006201370095
:100DF00061013700600137005F0137005E01370095
:100E00005D0137005C0137005B0137005A01370094
:100E10005901370058013700570137005601370094
:100E20005501370054013700530137005201370094
:100E300051013700500137004F0137004E01370094
:100E40004D0137004C0137004B0137004A01370094
:100E50004901370048013700470137004601370094
:100E60004501370044013700430137004201370094
:100E700041013700400137003F0137003E01370094
:100E80003D0137003C013700210137003A013700AE
:100E9000390137003801370037013700810037004A
:100EA0003501370034013700330137003201370094
:100EB00031013700300137002F0137002E01370094
:100EC0002D0137002C013700150037001C003700BA
:100ED0002901370028013700270137002601370094
:100EE00017003700240137002301370022013700A3
:100EF00021013700C20037006A003700F5003700D3
:100F00001D0137001C013700010137001A013700AD
:100F100064003700180137001701370061003700FF
:100F20006E01440012007800808141009480E90045
:100F3000010A78000009E80091497800170137009C
:100F400028619000C0C6B300804F51000A003A00EB
:100F50009400780064805000000A78001000BE0001
:100F60004F89DE00CF91DE000002BE000203780050
:100F7000820378001600370010C7B300804F51007D
:100F800003003A00140178006800510005003700A2
:100F900094007800A0C6B300804F510005003A00CD
:100FA00068805000000A78003002BE002003BE00B6
:100FB000070037000180E900000A7800100078007F
:100FC00000027800CFA2DE000503780086037800D7
:100FD000049CBE000694BE00A860900080C6B300CA
:100FE00080CF50000F00320020C6B30080CF5000E9
:100FF00006003A00184078000000FB00CF80DE00B9
:1010000001017800820178000A00370040C7B30070
:1010100080CF5000030032006640400080CF500077
:1010200006003A0018007800CF80DE000101780049
:1010300082017800009CBE000294BE003800BE0011
:101040002801BE00E00F5000E08F5800E00F59006B
:10105000E08F590004003D006E01440092007800CA
:10106000D0C2B3000C003700081090000018A30095
:10107000040032006E01440092007800B0C2B30058
:10108000050037000008A300580032006E0144003C
:101090009200780000C2B30080F478000109E800F3
:1010A0005200370028619000C0C6B300804F510045
:1010B00006003A009400780064805000000A78002E
:1010C0001002BE006033B8001600370010C7B3002E
:1010D000804F510003003A0014017800680051006D
:1010E0000500370094007800A0C6B300804F51007F
:1010F00005003A0068805000000A78003002BE0007
:101100002003BE00070037000180E900000A7800D4
:101110001000780000027800050020000600200082
:1011200007002000049CBE000694BE00A86090004A
:1011300080C6B30080CF50000F00320020C6B3003D
:1011400080CF500006003A00184078000080FB0075
:101150000100200002002000030020000A003700E8
:1011600040C7B30080CF500003003200664040000B
:1011700080CF500006003A001800780001002000DF
:101180000200200003002000009CBE000294BE006C
:10119000081090000038A300140032003800BE0090
:1011A0002801BE00E00F5000E08F5800E00F59000A
:1011B000E08F59000D00320080C7B300804F55000A
:1011C0000300320080C5B300804F550007003A008D
:1011D0006E0044009000780002C3B30082F47800EF
:1011E0008100E8008AF478000108E80078009000A7
:1011F00000804400600498008A4078004100370075
:10120000286090008000FB00C0062000808F500006
:10121000230032000A003C0064005000808F500020
:101220002600320004003C0066005000808F500011
:101230000B00320021003700A00620000500370017
:1012400040072000808F50001C0032001B003C0033
:1012500063005000808F50000700320017003700F5
:101260001480E900000A780010007800485C9000C3
:1012700008487800490037001480E900000A780027
:101280001002780068089000CF80DE00010178002D
:1012900082017800009ABE000292BE003F00370033
:1012A0001480E900000A78001001780068089000B6
:1012B000CF80DE000089BE00380037001480E900CE
:1012C000000A780010007800680C90000808780088
:1012D000320037001480E900000A7800100078001E
:1012E000CF80DE000101780082017800009CBE0002
:1012F0000294BE00780090000080440060049800D2
:1013000081C7B30008007800CD0107002300370033
:101310001480E900000A780010007800600498004A
:10132000580990000200E00002003D001EFC07008A
:10133000090037008000EB0073020700800078008E
:101340000000E000030032006800900000805000C0
:101350000100370058089000100C98000F0037006B
:101360006E0144009200780050C2B30080F1780012
:101370000109E80009003700EE0044001100780080
:10138000808144000A4278008008E8000A04E000F6
:1013900001003A0054C2B300844978000000EB0019
:1013A0004F0578004F04BE00000006000400FA005C
:1013B000889FBE008A9FBE008C1F780000047800C2
:1013C0000106780070089000F800900001005000BD
:1013D000880890000100500098089000010050001B
:1013E000A808900001005000B808900001005000CB
:1013F000C8089000810550000002220090BF9F00A5
:1014000000032300A0BF9F00081090000028A30045
:1014100018003A000B00E000160034000B057800BD
:101420008A047800E20F55000100360029002000F0
:101430000900E0000C00340058009000C801900042
:1014400009017800EE805700030001005004980065
:101450008080EB000000E0009C00320068089000F3
:1014600009004000600C9800090555004240A900A1
:10147000EBFF3C00780190000200E0000C0034001B
:1014800058009000C80190008C0078000300010013
:10149000500498008080EB000000E0008B003200D8
:1014A00068089000F800900001004000600C98006F
:1014B000080890000000E0001600340000057800E5
:1014C0008A047800E20F5500010036002900200050
:1014D0000900E0000C00340058009000C8019000A2
:1014E00009017800EC8057000300010050049800C7
:1014F0008080EB000000E00074003200680890007B
:1015000009004000600C9800090555004240A90000
:10151000EBFF3C00180990000200E0000C003400D2
:10152000E800900058009000C801900003000100FE
:10153000500498008080EB000000E000630032005F
:10154000680890009808900001004000600C980026
:10155000280890000000E000160034000005780024
:101560008A047800E20F55000100360029002000AF
:101570000900E0000C00340058009000C801900001
:1015800009017800EC805700030001005004980026
:101590008080EB000000E0004C0032006808900002
:1015A00009004000600C9800090555004240A90060
:1015B000EBFF3C00380990000200E0000E00340010
:1015C000E8009000180890008080400058009000CB
:1015D000C801900003000100500498008080EB00D7
:1015E0000000E0003900320068089000B808900060
:1015F00001004000600C9800480890000000E000E6
:1016000016003400000578008A047800E20F5500C7
:1016100001003600290020000900E0000C00340021
:1016200058009000C801900009017800EC80570034
:1016300003000100500498008080EB000000E000EF
:10164000220032006808900009004000600C9800F9
:10165000090555004240A900EBFF3C00081090002E
:101660000028A300180032000B00E0001600340030
:101670000B0578008A047800E20F5500010036005F
:10168000290020000900E0000C0034005800900000
:10169000C801900009017800EE80570003000100A6
:1016A000500498008080EB000000E000070032004A
:1016B0006808900009004000600C9800090555007A
:1016C0004240A900EBFF3C008000EB0001007800E5
:1016D0004F0678004F05BE004F04BE000080FA00A0
:1016E000000006006900E100040035006D00E10023
:1016F000030034000002B1000100320000000500C8
:1017000010000500889FBE00000478000040EB0038
:101710000054980038009000104078000000FB0052
:10172000CF80DE005002B1000180B1003205200000
:10173000820F5000E08F5800BD003E0000600100A5
:1017400097003700BA003700B9003700B8003700FB
:10175000B7003700B6003700B5003700B4003700D7
:10176000B3003700B2003700B1003700B0003700D7
:10177000AF003700AE003700AD003700AC003700D7
:10178000AB003700AA003700A9003700A8003700D7
:10179000A7003700A6003700A5003700A4003700D7
:1017A000A3003700A2003700A1003700A0003700D7
:1017B0009F0037009E0037009D0037009C003700D7
:1017C0009B0037009A0037009900370098003700D7
:1017D00097003700960037009500370094003700D7
:1017E00093003700920037009100370090003700D7
:1017F0008F0037008E003700670037008C003700FD
:101800008B0037008A00370089003700220037003C
:1018100087003700860037008000370084003700DB
:1018200083003700820037008100370080003700D6
:101830007F0037007E0037001500370016003700A4
:101840007B0037007A0037007900370078003700D6
:10185000110037007600370075003700740037003C
:10186000730037000F0037000B0037000A00370005
:101870006F0037006E003700470037006C003700FC
:10188000050037006A0037006900370002003700A2
:101890008000EB0062003700080078002301070099
:1018A00061003700684890000004E00038003A000A
:1018B000784890008000FB00C0062000808F500018
:1018C000250032000A003C0064005000808F500068
:1018D0002900320004003C0066005000808F500058
:1018E0000B00320024003700A0062000050037005E
:1018F00040072000808F50001F0032001E003C0077
:1019000063005000808F5000080032001A0037003A
:10191000280090000080E900200498001000780062
:10192000084C900008487800190037002800900003
:101930000080E90020049800100278004800900020
:10194000CF80DE000101780082017800009ABE009D
:101950000292BE000E003700280090000080E900CF
:10196000200498001001780048009000CF80DE002D
:101970000089BE0006003700280090000080E900C2
:1019800020049800100078004804900008087800AF
:101990001100200027003700110020002000370030
:1019A000480090000000E8004004980018009000F3
:1019B00098017800120020008000EB000300010075
:1019C000800478001100200050022000808F540015
:1019D0001800320048009000E18F440008003200F7
:1019E0000000E90040049800180090009801780079
:1019F0000001EB00890078000300010002003700BD
:101A00000000E9004004980009007800E18F4400DC
:101A1000050032000000EB00030037008080EB007F
:101A2000080078000F0207008000780001003700EE
:101A30008000EB00010078004F04BE0000000600AB
:101A40006F02B000889FBE008A9FBE008C9FBE00C0
:101A50008E1F78008006780030F12100B0B79F001B
:101A600080C5B30080CF50000200320022F0210078
:101A7000B2B79F0083002000C3B79F00F0C6B30039
:101A800080CF50000A0032006940400080CF5000F3
:101A900005003200A4002000C4B79F0080C5B30039
:101AA00080CF500002003A0000012000C0B79F0024
:101AB0008E0120003D04BE002D05BE0040C6B300CF
:101AC00080CF5000030032006540400080CF5000BE
:101AD0000A003A00E00F5400E08F5C00E00F5D0068
:101AE000E08F5D0005003D000800BE000A01BE0059
:101AF000840607000205BE000004BE00E00F54008B
:101B0000E08F5C00E00F5D00E08F5D0003003A00B5
:101B10005D0890000000E0000C0032007E01200013
:101B2000CFB0970001027800CFA2DE000503780055
:101B3000860378000800BE000A01BE000707070000
:101B40003FB2970064407800D0E79F004FB0970005
:101B5000CF80DE000101780082017800D0B79F00BD
:101B6000E1B79F00F2B79F0083BF9F000203BE0052
:101B70000002BE000800BE000A01BE00F006070019
:101B8000809EBE008296BE00E00F5000E08F58009D
:101B9000E00F5900E08F5900220034000E00E000F1
:101BA000200034003D00BE002D01BE005FB2970052
:101BB000EFB297007FB397008FBB9700EB0607004B
:101BC0000205BE000004BE000E07E900E1FC2F0084
:101BD0008F804000010647005FB29700EFB2970088
:101BE0007FB397008FBB97000800BE000A01BE00BC
:101BF000920707001D0010003FB19700624E780069
:101C0000889EBE008A96BE00E00F5400E08F5C0004
:101C1000E00F5D00E08F5D00020034000E00E00088
:101C2000E0FF3C00CFB19700E88F510010003A0070
:101C30000D1090000038A3000D003200F70F570080
:101C400006003E00E4FC2F000E024200E4C07F00CC
:101C500000C3B30080CF5000050032000E07E9003A
:101C600000C3B300E1FC2F008E80400080F07F00B5
:101C700078011700920E98006D009000E3FC2F0091
:101C80008F8141008E80410098FA07001D0E900060
:101C90005D089000800F560006003D000C005000CB
:101CA000800E98000D1090000040A1008016980052
:101CB0000F0037000000E0000D003D000D10900007
:101CC00074006000F00F500009003A007D08900099
:101CD000FD009000010050008D08900001005000B0
:101CE0000C0750004240A900010034008E0E9800FD
:101CF0004F0778004F06BE004F05BE004F04BE00E0
:101D00006F02B100000006000200E0000500320092
:101D100090CF1000040032000000E8000201E9004A
:101D2000FBFF3A000000EB00000006002000FA0074
:101D3000889FBE008A9FBE008C9FBE000004780072
:101D4000600090000000E00001003C00F0FF270070
:101D50004BFD2F008F8545000000E90050049800DE
:101D6000C8009000090033000100E800400498001A
:101D70001800900098017800120020008000EB000D
:101D80000300010080047800030037000100E80030
:101D9000400498008084EB00B0022000808F540043
:101DA000030032000080E800808F540012003A00E7
:101DB000895D7800580090000000E9005004980008
:101DC000C8009000090033000100E80040049800BA
:101DD0001800900098017800120020008000EB00AD
:101DE0000300010080047800030037000100E800D0
:101DF000400498008084EB000046EB00380090001F
:101E00009000FB0030EF2100D4FB070031EF2100F0
:101E100001005000B1EF210060C078000005FB0018
:101E200000032000808F540033003A001CC0B30030
:101E3000580090000000E90050049800C80090008D
:101E4000090033000100E8004004980018009000E9
:101E500098017800120020008000EB0003000100D0
:101E600080047800030037000100E8004004980077
:101E70008084EB0080072000808F54000300320034
:101E800080052000808F540018003A000A00E0000E
:101E900002003200F00F550014003A000A01200041
:101EA000580090000000E90050049800C80090001D
:101EB000090033000100E800400498001800900079
:101EC00098017800120020008000EB000300010060
:101ED00080047800030037000100E8004004980007
:101EE0008084EB000046EB00030037000A00E000AE
:101EF00001003A008A0020000A00E00007003200DA
:101F0000EA0F5500050032008A067800E80F5500F8
:101F1000030032006D01200001003700AD002000F9
:101F200000032000808F540015003A0058009000F4
:101F30000000E90050049800C80090000900330038
:101F40000100E80040049800180090009801780013
:101F5000120020008000EB000300010080047800E4
:101F6000030037000100E800400498008084EB0083
:101F70001CC0B30000032000808F5400EBFF320030
:101F80000C04E0001900320000C3B300805D78004B
:101F9000160037006D805700808F5500010031001A
:101FA000895D7800580090000000E9005004980016
:101FB000C8009000090033000100E80040049800C8
:101FC0001800900098017800120020008000EB00BB
:101FD0000300010080047800030037000100E800DE
:101FE000400498008084EB001CC0B300E18F4400E3
:101FF000060032000D01780089007800C0ED210054
:1020000041FF07000000E000E2FF3A00C800900036
:10201000E18F4400080032000100E900400498000C
:1020200018009000980178000001EB00890078000A
:1020300003000100020037000100E900400498009D
:102040000C04E00009003A0040FD2F000F004000A2
:10205000808F550003003A0009007800E18F4400AA
:10206000560032000000EB0054003700804DEB00BA
:10207000684890000004E0004F003A0038009000EB
:102080009040780040C6B30080CF5000030032007B
:102090006540400080CF50000A003A000A017800F5
:1020A0008000EB0040FD2F000F004000680107009A
:1020B0000203BE000002BE0010C0B300005498002E
:1020C0000D0037000A0178008000EB0040FD2F0072
:1020D0000F004000BA0107000203BE000002BE006C
:1020E00010C0B30000549800B800900000C7B300BF
:1020F000914F10002B003200784890008000FB00C8
:10210000C0062000808F5000200032000A003C00F2
:1021100064005000808F50002200320004003C0018
:1021200066005000808F50000B0032001D00370009
:10213000A00620000500370040072000808F5000D7
:102140001800320017003C0063005000808F5000E0
:102150000700320013003700280090000080E900DB
:10216000200498001000780004487800120037001E
:10217000280090000080E9002004980010007800FA
:102180000498BE000690BE000B00370028009000A7
:102190000080E90020049800100078000488BE0048
:1021A00005003700280090000080E9002004980016
:1021B0001000780004087800100020004F06BE00D0
:1021C0004F05BE004F04BE000080FA00000006006C
:1021D0008142780080017800E20F5100150036003E
:1021E0009340900013427800D0C2B30080CF5000DB
:1021F00009003A00854F520004003E002340900041
:102200001100200080CF520014003600E38141000D
:10221000630151000500370011002000854F520076
:102220000E0032008301E8000201E900E20F5100D4
:10223000EBFF3E000200E0000700320093CF1200E7
:1022400002003A0011002000040037008301E8007A
:102250000201E900F9FF3A008000EB00010078007C
:1022600000000600EC874700889FBE008A9FBE00E2
:102270008C9FBE008E1F78000004780081067800D5
:102280000040EB00A0EF9F000045EB008000EB005A
:10229000F1B79F00F8489000C0C6B30080CF50004F
:1022A00002003A0010002000F0B79F000D00E0008F
:1022B00025003D00380090008000E80031049800BF
:1022C000114178000040EB0090EF9F00E0C5B300A3
:1022D000804F510003003A0092EF9F000100E80098
:1022E0003004980038019000D0C5B300924F100020
:1022F00001003A000201E800D10520000200780048
:1023000096FA0700E0B79F000000EB00EFB09700DF
:102310000100E000C8003200380090000086500044
:10232000E20F5600080034000C81E9000000E800CC
:10233000D102200074FE07000000E000020032001D
:1023400010C0B300A0EF9F00680090000000E00004
:1023500004003C00F0FF27000D00E00001003A00FF
:102360001000200050049800684890000004E0002D
:1023700078003A0028009000FFB097000100E000CC
:10238000050032000080E900200498001000780069
:1023900080BF9F006F0037000080E9002004980094
:1023A000100778006B0037000D00E00004003400D7
:1023B00009007800CBFC07000000E00078003A003C
:1023C0000D00E0002A003D002FE897000004E00027
:1023D00012003A009FE897000104E00006003A006E
:1023E000380090000C0178008900780046FE070054
:1023F0000000E0006A0032001FE897000004E000DF
:1024000006003200380090000C0178008900780046
:102410003DFE07000000E00061003A00AFE89700D1
:102420000104E000120032001FE897000004E00001
:1024300006003A00380090000C017800890078000E
:1024400063FF07000000E000550032009FE897009E
:102450000104E00006003200380090000C01780012
:10246000890078005AFF07000000E0004C003A00A5
:102470007FB097000000E00008003A002AC0B300D7
:10248000684890000004E00032003A00095F7800DC
:1024900010C0B300005498002E00370089EF9F0051
:1024A0001B0020000905FB000A0078000100320033
:1024B0000B007800800478000000E00005003A007E
:1024C0000A00E00003003A0078805700B6F70700E2
:1024D0008004E8000900E00012003C008B05E900E0
:1024E000F880550061C07F008000FB00480190002B
:1024F000E18F4000070032000200E900400498002C
:1025000018009000980178000001EB000300010022
:10251000020037000200E900400498008B8F54004D
:10252000EEFF3500684890000004E00005003A0026
:102530000FB897000A18780080BF9F0010C0B30042
:1025400000549800680090000000E90060049800C2
:102550002AC0B300580090000000E9005004980021
:1025600048019000090033000200E8004004980090
:102570001800900098017800120020008000EB0005
:102580000300010080047800030037000200E80027
:10259000400498008084EB00E18F440082FF3A0001
:1025A00048019000E18F4400080032000200E90079
:1025B0004004980018009000980178000001EB009A
:1025C0008900780003000100020037000200E900E2
:1025D000400498000D00E000020032000A04E00010
:1025E00006003A000A00FB001100200001003A003A
:1025F0008080EB00010078000F00370068489000F1
:102600000004E00007003A00FFB097000100E0007E
:10261000030032000FB897000008EB0001003700FC
:10262000004FEB000D00E00002003D00EFB097000E
:1026300031049800100020004F0778004F06BE00BC
:102640004F05BE004F04BE00CF00B10000000600E1
:102650000200FA00889FBE008A9FBE008C1F78008F
:102660000005780081047800020678000100E0008F
:1026700001003A00EC8457000A047800010037009A
:102680000804E8001800FB0016FC07000000E0004A
:10269000FBFF3A0098407800D0C2B30080CF5000D2
:1026A00003003200BBC2B3008BCF500002003A00DF
:1026B000814578000804E8000C0178000800BE009D
:1026C0003F0007000203BE000002BE00990F540045
:1026D00001003A008A0C7800990F550005003A0075
:1026E000E00F5200E08F5A00E00F5B00E08F5B00CC
:1026F00017003A00B0C2B30080CF550009003A007D
:10270000F0FF2F00F1FF2F00F2FF2F00F3FF270053
:102710000020E10001A8E10002B0E10003B8E100FF
:102720000B003E00D0C2B30080CF550015003A0028
:102730006000B80002002000030028000020E10033
:1027400001A8E10002B0E10003B8E1000D0036008D
:102750002002200070FC88006022B80006002000E3
:10276000070028006B40400080CF55000D0032006C
:10277000F4FF2F00F5FF2F00F6FF2F00F7FF2700D3
:1027800008003700D0C2B30080CF550005003A00E2
:102790000400BE000601BE005A0307000203BE008B
:1027A0000002BE000400BE000601BE004F06780015
:1027B0004F05BE004F04BE000080FA000000060076
:1027C000F2874700889FBE008A9FBE008C9FBE0094
:1027D0008E1F780090B79F0001077800820678006E
:1027E00000067800010037000C06E8001C00FB0022
:1027F000BCFB07000000E000FBFF3A009C407800B3
:10280000D0C2B30080CF50000400320000C0E90005
:1028100090EF9F0080CF500002003A0091EF9F00A0
:102820000C06E8000D00E00051003500E18F560075
:102830004F00320040022000808F56004C003C00C8
:102840000D00E0000D003400F08F56001A003A0031
:1028500000C3B3009C4F100017003A009C4090004A
:1028600080C7B30080CF50001200320080C5B30093
:1028700080CF500010003A000E00370000C3B300B4
:102880009C4F100002003200AD0020000A0037000B
:102890009C40900080C7B30080CF500004003200FD
:1028A0008D00200080C5B30080CF500002003A00A8
:1028B0000D0120000C86E800ACB79F0000C3B300F8
:1028C0009C4F100002003A00DC4F1000FEFF320067
:1028D0006044B8006055B800BCB79F0018003700CE
:1028E000D8B79F00E9B79F00FAB79F008BBF9F0042
:1028F000E0E4210080C0500081EF9F000D027800CD
:10290000CFA2DE0005037800860378000800BE0031
:102910000A01BE00490407000FEC97000802FB0003
:10292000CFA2DE0005037800860378000004420091
:1029300081844A0002054B0083854B000C06E800A9
:102940001C00FB0051000700800078000D0178009A
:10295000E0E42100ECFC0700800078000000E000CB
:10296000DFFF3A002FB097008C0F500007003A00AD
:102970000E00E000020032009FB09700010F7800C7
:102980006000B8006011B8003A0037003FB297000D
:102990008400560030E721006D4078000000FB0005
:1029A00000805000250033004240A9001C003C007C
:1029B0008FEA97000500FB00CF80DE000101780060
:1029C000820178000000540081805C0002015D00FB
:1029D00083815D000040E10001C8E10002D0E10018
:1029E00003D8E1000E0039000D027800CFA2DE000E
:1029F0000503780086037800510307005FB2970053
:102A0000EFB297007FB397008FBB97000400E100FF
:102A10000588E1000690E1000798E1000700320018
:102A20002002200070FC8800F8FF2F00F9FF2F0023
:102A30000805BE00B5C2B30095EF9F00D0C2B30039
:102A40001FEB9700804F530005003A000800BE00BE
:102A50000A01BE00AB0207000205BE000004BE0072
:102A60000E00E000010032000C0F78000800BE00EC
:102A70000A01BE004F0778004F06BE004F05BE009A
:102A80004F04BE002F01B100000006008000780056
:102A90001104B100030035009101B10001003C00B8
:102AA0000050A000000006000C02E20004003D00FF
:102AB0000F42AB00020032000F02AB00FEFF3200FB
:102AC0000040DA00FEFF3700889FBE0080047800D7
:102AD000901FE20005003A000000EB001000070024
:102AE0008080EB000000E0000A00350088FC8000D8
:102AF000880078000900E000060032000900440068
:102B0000070007008080EB000000E00001003500B6
:102B100088007800010078004F04BE000000060025
:102B2000800078000001EB000000E00003003A00A4
:102B300000FB210080FC880006003700001B2200FB
:102B4000808F500002003E0081FC880001003700A9
:102B50000081EB000200780000000600889FBE00A4
:102B60008A9FBE00010578000100E00004003500E6
:102B700008003C000000E0002000320005003700A3
:102B800060001000E080180002003B0001F02C0003
:102B90001A0037000004BE006011B8006B09200065
:102BA0000982CF00020039000882CF000441B00042
:102BB000694252000E00320008003B008281710021
:102BC000610164008904D1000884D3008B05E8000A
:102BD0000442E800F9FF3A00050037000804440009
:102BE00089844C008B05E9000442E900FBFF3A00B0
:102BF000610107000AF0A70001F0A0004F05BE0028
:102C00004F04BE0000000600889FBE008A9FBE00E1
:102C10008C1F78007E0107008501330003866C005D
:102C20006450E1002E0032006420E10033003200E5
:102C30006150E1002F0032006120E10031003200DC
:102C400085855500EB07B00009002000080420002E
:102C5000050037000804440089844C000A00310054
:102C60000603430087834B000001530081815B0012
:102C7000F8FF33000203BE000800A000080444006F
:102C800089844C00F6FF3900C639DD0083017300EA
:102C900001003200130020008904D1000884D30011
:102CA0000998A300050032000800A7000300A00057
:102CB0008904D1000884D3008B05E8008904D10081
:102CC0000884D3000001EB000281D2002A01070032
:102CD00001F0A1000CF0A70001F0A0005D01370099
:102CE0006420E1005F0132000801BE000200BE0066
:102CF000F7FF37006120E1005A0132006000B800A0
:102D0000F3FF37000000200001F82700F0FF370034
:102D10000001BE00560107000470A70003F0A100E7
:102D20006509B100160032000D0035006828E10089
:102D300006003500F0FF2F00F1FF27000300E00040
:102D400013003B00010028000000050000004000C7
:102D5000818048008502E900FCFF3A000800370046
:102D6000F88F420002003C008000EB0000000500EC
:102D70008100D1000080D3008502E800FCFF3A000A
:102D80000300E00002003B0060001000E08018003B
:102D900000000600839F68000100E00002003D0083
:102DA00060001000E08018000300E00002003D0019
:102DB00060011100E0811900420107004F00E000AE
:102DC00002003B0060001000E080180000000600D8
:102DD000889FBE008A9FBE008C1F78000004BE0042
:102DE000230107000478A30026003A006120E100D7
:102DF0002500320009F8A30025003A006420E10014
:102E000021003200F507B1000508A30002003200DE
:102E100000004000818048006044B800031020009A
:102E200002002000000040008180480008054400A6
:102E300089854C000A0541008B8549000A05500030
:102E40008B855800030033000A00BE0002047400A2
:102E5000838474008301D1000281D300830F710049
:102E6000F0FF3A008904D1000884D30060014900D2
:102E700082017800C1ADDE00FB07B000BE00070094
:102E8000F40037000960A0000800BE00F100370020
:102E90001202200072FC8800F0FF2F00F1FF2700D3
:102EA000EC003700889FBE008A9FBE008C1F780010
:102EB000D70007001002200002003B0070FC8800D1
:102EC000DB0037008A0062006408E10002003A007B
:102ED00070FC8800E30037006108E100FCFF32006D
:102EE0000800BE000304780047FF070001F0A100BE
:102EF0000401070008F0A600040037000001BE002E
:102F000091042400B0FD20003700070009F0A7005D
:102F100001F0A200CF003700889FBE008A9FBE004C
:102F20008C1F7800BA000700C100330003866C00D4
:102F30006450E100240032006420E10027003200E8
:102F40006150E100220032006120E10021003200E6
:102F50008B854200EB07B1000134B800003AB8009D
:102F60000804420089844A00013AB8000030B800E1
:102F70008880400009014A0004003300000040003E
:102F800081804800020149008B05E900C909DD0084
:102F9000830170000100320013002000C814DE001D
:102FA0004814DD004709DE001200B200C808DE0048
:102FB000088470007000070001F0A1000CF0A70069
:102FC00001F0A000A30037006120E100A50032005D
:102FD0000801BE000200BE00F7FF37006150E100AB
:102FE000FCFF3A009F00370003F0A200889FBE005C
:102FF0008A9FBE008C1F7800850007008C0033007C
:103000006450E1004F0032006420E10052003200C1
:1030100003826C0007003B000905D0000306D000C6
:10302000820F54000C065D000200390002003200DD
:1030300089017800030678008582550004003D0070
:103040000003FD008103FD008502EA008B8542003C
:10305000840F720002003B0060001000E080180046
:103060006011B8000005EB007A28E1000A00390081
:1030700006007800C75DDD00F707B20087807500A5
:103080002D003700828171000A017800610560001F
:103090008180D1000080D3008502E900F9FF3B0068
:1030A000060440008784480002003B0060041400CE
:1030B000E0841C000988A300070032008A817100A7
:1030C00082817100610164008904D1000884D30009
:1030D0008B05E800170037000978A30013003A00B9
:1030E0000B00E000130034008B05E90008044400E5
:1030F00089844C000A4474000978A3000D003A004A
:103100000B00E000070034008B05E90008044400D0
:1031100089844C0001003A000B0020000978A300CC
:10312000F7FF32000001EB000200370082817100DE
:103130000A017800100007000CF0A70001F0A000C1
:10314000440037006420E10002003A00838F6C00E5
:10315000440033000801BE000200BE003D003700FD
:1031600014002000CC003700F4FF2F00CA00370005
:1031700004002000C8003700810020006180550055
:103180000B003D000B00200061FE2F000100E1005C
:103190001D00340082817100610164008904D10046
:1031A0000884D3000000E800FAFF3A007100200014
:1031B000610064000300700002006000090032003A
:1031C00061044400E0844C000988A5000500320039
:1031D0008B05E8006808E10002003A008904D1008C
:1031E0000884D300F20F20000258E10005003D00E2
:1031F000C75DDD00F907B20089807500080078001E
:10320000000006000BF827008B0078000000050086
:103210000004BE00160007000003BE000405BE0047
:103220000200BE0012000700844F75000000060077
:103230000200BE006450E100050036006420E10099
:10324000020036000968A30001003A000800BE0031
:103250000160A0004F0678004F05BE004F04BE007D
:1032600000000600F0FF2F00F1FF2700F9FF3700F4
:10327000C70ADE00F107B200F50FB2000800320005
:10328000E1CF4200020032000170A00024000500DE
:10329000810F7000010032000408050044000500A1
:1032A000810F700002003A00140005008502E90059
:1032B0000000400081C04800FCFF3B000170A000FE
:1032C000240005006022B800060220000000D000A3
:1032D0008180D2000482D2008582D2000000A0004A
:1032E0000202520083825A0003003B0002024200A5
:1032F00083824A000000A1000603E900F3FF3A00C0
:1033000000000600889FBE008A9FBE008C9FBE0002
:103310000004BE00D6FF07000800BE008906780042
:103320006420E10008003900040032000160A000C0
:103330001202200072FC88005300370091FC230029
:10334000B0FD20004E0037000006EB0009F0A100A0
:1033500003F82300020020000800BE0080FF0700E1
:103360000600340001F82300000020000801BE0020
:1033700025FE07000004BE002C0020000800BE004F
:1033800093E82300320A230075FF0700120034007F
:103390000801BE00D1FD2300703D2B0013FF070084
:1033A0000005BE00B3F32300F27A26000800BE0039
:1033B000D9FE070003F82300020020000AFF0700DF
:1033C0000801BE0009FF07000A01BE000EFE07004B
:1033D0000004BE000C06E8000800BE0001F0A100D9
:1033E00002002000039823005DFF07000800BE00D4
:1033F000160035000801BE00C7FE07000005BE002C
:1034000032CD2C0043FB2300F8FE0700809FBE0056
:103410001269280003D52B000A00BE00BEFE07007B
:10342000620F210013EF2B00F0FE07000A01BE001F
:10343000B9FE07004F01BE00F3FD07000801BE0002
:10344000B5FE07000801BE00E8FE07000C00E00022
:103450000B0032000C10A70001F0A200B2FD20000A
:1034600093FC23006260E1000400320022A92000E6
:1034700063F023000C10A70063F82300DBFE0700B5
:103480000DF0A70001F0A2004F06BE004F05BE00E0
:103490004F04BE0000000600889FBE008A9FBE0049
:1034A000841F78005AFF07004F0078001100330096
:1034B000F0FF2F00838F6C0006003B0004056500C1
:1034C0000A00A7000800370009F0A600100020003D
:1034D00008003700820F5400838F5C00030039001E
:1034E0001000200001003E000000200009F0A700AD
:1034F0000000EA004F05BE004F04BE000000E000DF
:103500000000060060001000E08018006001190053
:10351000E081190000000600881F78000004780090
:103520005001BE004000BE000000420081804A0001
:1035300002014B0083814B00009CBE000294BE0040
:10354000DC00070003003100480090000000E800A4
:10355000400498004F04780000000600889FBE00D9
:10356000000478008004EB005001BE004000BE0063
:10357000D0000700010031001900200004005000B5
:10358000858058000601590087815900009CBE00C3
:103590000294BE00480090000900500040049800CA
:1035A0004F04BE00000006001200FA00889FBE0013
:1035B0008A9FBE008C1F78000205BE000004BE007A
:1035C000F4B79F0085BF9F0096BF9F00A7BF9F00D5
:1035D0000000EB00E0B79F00D0B79F00C0B79F008E
:1035E000B0B79F00A0B79F000006EB005FB1970047
:1035F0006FB097008000D0000000E00015003D0093
:10360000E1B79F00010078000200E00001003D00EA
:103610000000A000AC00070001003D000000A00079
:10362000AF00070001003D000000A000B20007004D
:1036300001003D000000A0008100070001003D00E6
:103640000000A000B20007007C805700B2FF070016
:1036500014003700E1B79F00010078000200E0008D
:1036600001003D000000A0009700070001003D00A0
:103670000000A0009A00070001003D000000A0002B
:103680009D00070001003D000000A0006C00070045
:1036900001003D000000A0009D0007007C80570055
:1036A000AEFF07006FB097000000E0000700350094
:1036B00010002000010020006011B8000804700014
:1036C000898470000A0571008B8571000C06E80082
:1036D000F0032000800F5600C4FF34006FB0970045
:1036E0000000E00006003D007FB297008FBA97000F
:1036F0001FBB9700AFBB97007C80570086FF070079
:103700000802BE000A03BE006FA897000000E00098
:1037100004003A002FB29700BFB297004FB3970052
:10372000DFB397000400BE000601BE004F0678001C
:103730004F05BE004F04BE000080FA0000000600E6
:10374000881F780018002000881F780096FF070067
:103750008F87E9004F04780000000600801FEB000F
:1037600091FF07008F87E900000006000800FA00BB
:10377000889FBE008A9FBE008C1F78006E000700E5
:1037800005003D0043000700300007000C003D002D
:10379000330007000B003700E00F5200E08F5A00A3
:1037A000E00F5B00E08F5B0006003D000400BE0000
:1037B0000601BE0053FF07000205BE000004BE0064
:1037C0001C0020002C000700DDFF07000C00E000BB
:1037D000010032004BFF07004F0678004F05BE0086
:1037E0004F04BE000080FA00000006000800FA0046
:1037F000889FBE008A9FBE008C1F78004E00070085
:1038000002003D001C002000220007000F000700FE
:1038100001003D001200070017000700CFFF07005E
:103820000C00E0000100320036FF07004F06780070
:103830004F05BE004F04BE000080FA0000000600E5
:1038400090B79F000100D00080B79F00E00F5400A8
:10385000E08F5C00E00F5D00E08F5D00000006007F
:103860000800BE000A01BE0026FF07000205BE00D8
:103870000004BE00000006000802BE000A03BE00ED
:103880005FB09700EFB097007FB197008FB99700B6
:10389000000006001BFF07000100070000000600F3
:1038A000B0B79F00C1B79F00D2B79F00E3B79F009A
:1038B000000006000400E1000588E1000690E10038
:1038C0000798E10000000600C0B79F000200D0008A
:1038D000B0B79F00AFB097000100E0000000060005
:1038E000B0B79F000100D000A0B79F009FB0970025
:1038F0000100E00000000600A0B79F000100D0001A
:1039000090B79F008FB097000100E0000000060014
:1039100080B79F000804D0008984D2000A85D200B5
:103920008B85D2005FB29700EFB297007FB397000C
:103930008FBB970000000600D9FF07000605BE00F8
:103940000404BE000006EB00E00F5000E08F5800BA
:10395000E00F5900E08F5900000006000800FA004F
:10396000889FBE008A9FBE008C1F7800F0B79F0022
:1039700081BF9F0092BF9F00A3BF9F006044B8001B
:103980006055B8000006EB000408A30008003200F0
:103990007FB097008FB897001FB99700AFB9970015
:1039A00008044000898448000A0549008B854900C5
:1039B0008703D1000683D3008582D3000482D3001D
:1039C00010002000010020006011B8000800600015
:1039D000898060000A0161008B8161000000E000C5
:1039E000070032006000B800020020000300280039
:1039F00004027000858270000603710087837100E5
:103A00008B05D1000A85D3008984D3000884D300B4
:103A10000C06E800F0032000800F5600DAFF3400A7
:103A20000400BE000601BE004F0678004F05BE0030
:103A30004F04BE000080FA00000006000800FA00F3
:103A4000889FBE008A9FBE00170007000605BE00C3
:103A50000404BE00E00F5200E08F5A00E00F5B004C
:103A6000E08F5B0008003D000400BE000601BE00C0
:103A7000A4FE07000205BE000004BE000F00070000
:103A8000A0FE0700080007000802BE000A03BE00EF
:103A90000A000700B1FF07004F05BE004F04BE003B
:103AA0000080FA0000000600E0B79F00F1B79F0019
:103AB00082BF9F0093BF9F00000006006FB0970079
:103AC000FFB097000FB997009FB99700000006005C
:103AD0002A00FA00889FBE008A1F7800000F780035
:103AE0000000EB00100798000000EB002007980092
:103AF0001100200080002000560D07006000B80073
:103B000030079800410798003E019000CE019000D8
:103B1000F0472800E1012000800F5100818F5900FB
:103B200007003C003E009000CE0090006100400085
:103B3000E08048003007980041079800F2FF370006
:103B4000930E07006000B800300798004107980006
:103B50003E019000CE019000F0D320003100200003
:103B6000800F5100818F590007003C003E009000FB
:103B7000CE00900061004000E080480030079800CF
:103B800041079800F2FF3700000000001E0090007F
:103B9000E70F500010003C001E0090000000D00015
:103BA0009E0040000000EB00800878006A0147009A
:103BB0009E009000400020000008B8000001410075
:103BC0006000B8000089BE001E0090000000E80000
:103BD00010079800EDFF370000000000AE009000D5
:103BE00030062000808F50002D003C000000EB00CC
:103BF000100798001E009000E70F500024003C00C2
:103C00006A0147009E009000400020000008B800B4
:103C1000800441006A0147009E009000400020009F
:103C20000008B800000441001E009000D70A0700F9
:103C3000CF80DE00B81C4000A89448006000B800A7
:103C400030079800410798003E019000CE01900097
:103C5000703E200001002000800F5100818F59002C
:103C600007003C003E009000CE0090006100400044
:103C7000E08048003007980041079800F2FF3700C5
:103C80001E0090000000E80010079800D9FF3700E0
:103C90002E0090000000E80020079800CFFF3700BA
:103CA0000000EB00100798001E009000E70F500086
:103CB00017003C001E0090000000D0001E054000D0
:103CC0006A0147009E009000400020000008B800F4
:103CD000000041001000BE00A0FB07000004BE0071
:103CE0002E009000CF80DE009CFB07000001BE008C
:103CF0000800BE00C4FB070005FC0700000D7800AB
:103D00001E0090000000E80010079800E6FF370052
:103D10004F0578004F04BE000080FA000000060046
:103D20005E00FA00889FBE008A9FBE000040EB0044
:103D300030479800A00220000E0040007027980035
:103D40007E209000070009000018EB000040EB0007
:103D5000607F98000040EB00707F98000040EB000F
:103D600000C7980086110700B50B07002D1007004B
:103D7000C911070026080700E210070040C7BF006E
:103D80000080FB00610060000000E00002003200E3
:103D90004007A9000000FE00100020000017980056
:103DA0008002200010179800800220002017980041
:103DB00080002000301798009E1090002E10900078
:103DC0000088B9000000D0004017980024160700B2
:103DD000AE1090003E109000008DB9009E10900033
:103DE0003E109000008CB900AE1090003E10900084
:103DF0000088B900021E20000000510022002000AF
:103E0000110009000200D80080037800010078004A
:103E10009E1090003E1090000088B90002282000FB
:103E20000000510022002000110009000200D8000B
:103E30000E139000BE1290003E1290008A0178008E
:103E40000801780087007800CD14070011002000D9
:103E500010002000BC17070039160700EB0607000A
:103E600081052000204C2D00D9110700E411070026
:103E70000000E000FDFF3A00000000000E007800A6
:103E8000A41107000000E00068003A0037110700A5
:103E9000607F980030110700707F98007E78900056
:103EA0000004E000030032007E789000E84F5000EC
:103EB000F2FF3A00EE7890000EC0900080CF5000E4
:103EC000EEFF32006E7890000001FB00CF91DE0023
:103ED000022F9800132F980090002000010020006E
:103EE0000E2990009E299000800F5100818F59006B
:103EF00043003E000E2890009E28900000600100C4
:103F000036003700080037000C003700100037007B
:103F100014003700180037001C003700200037005D
:103F20002400370028003700802520005007980023
:103F3000C01220006007980035003700802520005F
:103F40005007980080252000600798003000370057
:103F5000C0122000500798008025200060079800BC
:103F60002B003700802520005007980080DA2F00B2
:103F700060079800260037000000EB00500798000B
:103F80000000EB00600798002100370080DA2F0066
:103F90005007980080252000600798001C0037001B
:103FA00080DA2F005007980040ED2F00600798003E
:103FB0001700370080DA2F005007980080DA2F00B2
:103FC000600798001200370040ED2F00500798005E
:103FD00080DA2F00600798000D0037005048E2009B
:103FE00003003A00FB0A070010C0B30050E8B70016
:103FF00001F5210040B12200030B07000400370047
:104000000000EB00600798000000EB0050079800EC
:10401000EE78900001C798006E0090008A0F0700AC
:104020005E009000C50F070094FF37001E04E000FB
:104030009F023D000000EB00200798001E00FB00DF
:104040000000EA006101B900F0FB2F00F1FF2F0032
:104050000201400083814800222F9800332F9800EE
:1040600040032000010020002E299000BE2990006E
:10407000800F5100818F590074023E002E2890005D
:10408000BE289000006001007C0037006F023700FE
:104090006E0237000F013700340137006B02370022
:1040A0006A0237006902370059013700670237009A
:1040B000660237007F0137008E0137009F0137000D
:1040C000BE01370061023700DC0137005F023700B4
:1040D0005E0237005D0237004B0237005B0237009B
:1040E0005A0237005902370058023700570237008A
:1040F000560237005502370054023700530237008A
:104100005202370051023700140037004F023700C7
:104110004E0237004D0237004C0237004B02370089
:104120004A02370049023700480237004702370089
:104130004602370045023700440237004302370089
:104140004202370041023700400237003F02370089
:104150003E0237003D023700E50137000000EB006A
:1041600070050700300F9800100020006D05070053
:10417000400F9800200020006A050700500F9800AB
:1041800076004700601F98006402470094007800A2
:1041900001007800128520008201400000C1EB0080
:1041A0006E509000824960008100E800010A7800AA
:1041B000E401470093007800010078001485200096
:1041C000040140003E0890004880DE00004978006D
:1041D0008100E800810978006402470094007800BB
:1041E00001007800128520008201400000C1EB0030
:1041F0000E589000824960008100E800010A7800B2
:10420000E401470093007800010078001485200045
:10421000040140004E0890004880DE00004978000C
:104220008100E8008109780064024700940078006A
:1042300001007800128520008201400000C1EB00DF
:104240002E589000824960008100E800010A780041
:10425000E4014700930078000100780014852000F5
:10426000040140005E0890004880DE0000497800AC
:104270008100E80081097800F40137002004200063
:104280000E004000EC050700200420000E00400056
:10429000601F9800E4014700930078000100780057
:1042A00014852000040140006E1890001049780029
:1042B0008100E800810978006E1890000000E80095
:1042C000601F9800E4014700930078000100780027
:1042D00014852000040140006E18900010497800F9
:1042E0008100E800810978006E1890000000E80065
:1042F000601F9800E40147009300780001007800F7
:1043000014852000040140006E18900010497800C8
:104310008100E800810978006E1890000000E80034
:10432000601F9800E40147009300780001007800C6
:1043300014852000040140006E1890001049780098
:104340008100E80081097800200420000E00400070
:1043500064004000601F9800E4014700930078006B
:104360000100780014852000040140006E189000C0
:10437000104978008100E800810978006E189000EB
:104380000000E800601F9800E401470093007800F7
:104390000100780014852000040140006E18900090
:1043A000104978008100E800810978006E189000BB
:1043B0000000E800601F9800E401470093007800C7
:1043C0000100780014852000040140006E18900060
:1043D000104978008100E800810978006E1890008B
:1043E0000000E800601F9800E40147009300780097
:1043F0000100780014852000040140006E18900030
:10440000104978008100E80081097800200420002C
:104410000E00400068004000601F9800E401470063
:10442000930078000100780014852000040140000A
:104430006E189000104978008100E800810978002A
:104440006E1890000000E800601F9800E40147002B
:1044500093007800010078001485200004014000DA
:104460006E189000104978008100E80081097800FA
:104470006E1890000000E800601F9800E4014700FB
:1044800093007800010078001485200004014000AA
:104490006E189000104978008100E80081097800CA
:1044A0006E1890000000E800601F9800E4014700CB
:1044B000930078000100780014852000040140007A
:1044C0006E189000104978008100E800810978009A
:1044D0005E013700000000000E00E8000D1007002C
:1044E0000000E000FCFF3200000000000E80E80049
:1044F000081007000000E000FCFF32001E409000A2
:104500008080FB002E4090000000FB004800DD0092
:1045100000804000600798000E00E800FD0F0700D3
:104520000000E000FCFF3200000000000E80E80008
:10453000F80F07000000E000FCFF32001E40900072
:104540008080FB002E4090000000FB004800DD0052
:1045500000804000500798006E0090003A0E07005F
:104560005E009000750E07003801370064024700B6
:10457000940078000100780012852000820140003C
:1045800000C1EB004E489000824960008100E800C5
:10459000010A7800E40147009300780001007800E8
:1045A00014852000040140006E0090004880DE0069
:1045B000004978008100E800810978006402470022
:1045C00094007800010078001285200082014000EC
:1045D00000C1EB002E489000824960008100E80095
:1045E000010A7800E4014700930078000100780098
:1045F00014852000040140005E0090004880DE0029
:10460000004978008100E800810978000F01370037
:104610002E00900041852000010040007418070022
:1046200010C0B3003047980064024700940078003F
:1046300001007800128520008201400000C1EB00DB
:104640000E609000824960008100E800010A780055
:104650006402470094007800010078001285200071
:104660008201400000C1EB002E6090008249600092
:104670008100E800010A7800640247009400780095
:1046800001007800128520008201400000C1EB008B
:104690004E609000824960008100E800010A7800C5
:1046A000AE0090004E10900000804000200798005F
:1046B000E6003700000000000E00E800950F07003C
:1046C0000000E000FCFF3200000000000E80E80067
:1046D000900F07000000E000FCFF32002E40900029
:1046E0008000FB001E4090000000FB00590A0700FC
:1046F000D60037000000EB00300798003E00900025
:10470000E50F5000D1003C00E40147009300780021
:104710000100780014852000040140000040EB00F7
:10472000004978008100E800810978003E0090008F
:104730000000E80030079800F0FF37000000EB00B1
:10474000300798003E009000E70F5000BF003C008B
:104750003E0090000D0807004007980064024700E3
:10476000940078000100780012852000820140004A
:1047700000C1EB000E489000824960008100E80013
:10478000010A7800E40147009300780001007800F6
:1047900014852000040140004E0090004880DE0097
:1047A000004978008100E800810978003E0090000F
:1047B0000000E80030079800E2FF37000000EB003F
:1047C000300798003E009000E70F50009F003C002B
:1047D0003E0090000308070040079800640247006D
:1047E00094007800010078001285200082014000CA
:1047F00000C1EB000E489000824960008100E80093
:10480000010A7800E4014700930078000100780075
:1048100014852000040140004E0090004880DE0016
:10482000004978008100E800810978003E0090008E
:104830000000E80030079800E2FF3700290E07006B
:104840004007980064024700940078000100780057
:10485000128520008201400000C1EB000E4890004C
:10486000824960008100E800010A7800E401470005
:1048700093007800010078001485200004014000B6
:104880004E0090004880DE00004978008100E8007A
:1048900081097800170E070040079800640247005E
:1048A0009400780001007800128520008201400009
:1048B00000C1EB000E489000824960008100E800D2
:1048C000010A7800E40147009300780001007800B5
:1048D00014852000040140004E0090004880DE0056
:1048E000004978008100E80081097800570037000E
:1048F0000000EB00380707004007980064024700FB
:1049000094007800010078001285200082014000A8
:1049100000C1EB000E489000824960008100E80071
:10492000010A7800E4014700930078000100780054
:1049300014852000040140004E0090004880DE00F5
:10494000004978008100E80081097800100020000B
:104950002107070040079800640247009400780090
:1049600001007800128520008201400000C1EB00A8
:104970000E489000824960008100E800010A78003A
:10498000E4014700930078000100780014852000BE
:10499000040140004E0090004880DE00004978008D
:1049A0008100E80081097800200020000A07070044
:1049B00040079800640247009400780001007800E6
:1049C000128520008201400000C1EB000E489000DB
:1049D000824960008100E800010A7800E401470094
:1049E0009300780001007800148520000401400045
:1049F0004E0090004880DE00004978008100E80009
:104A00008109780011003700E0872100501F9800CD
:104A1000812520005E189000ED0E070000FC80004C
:104A20004007980064024700940078000100780075
:104A3000128520008201400000C1EB000E4890006A
:104A4000824960008100E800010A7800000000004F
:104A50000E007800AF0E07000000E000FCFF3200FF
:104A60001E04E00075FD3A002E0090000000E000FA
:104A700002FD32003E4090000004E00005003200DC
:104A80000040EB0030479800BA1707000000E00034
:104A9000FDFF3200AE00900010852000CC0E070014
:104AA000D70E07000000E000FDFF3A00F3FC3700DE
:104AB0001E04E000F1FC3400A3C0B3009ECF11003F
:104AC00003003200D4C0B3009E4F120003003A002E
:104AD0000E0078008F0E0700F7FF37001E407800A9
:104AE00051E8B70010002000200798000E00780061
:104AF000880E07000000E000080032006401470053
:104B00001200780080007800138520008380400028
:104B10009E4878000000E80000097800A4C0B300B7
:104B20009E4F120003003200D0C0B3009E4F100011
:104B3000EEFF3A00E401470093007800010078009E
:104B400014852000040140000040EB00004978007B
:104B50008100E8008109780051C8BF000000FB0017
:104B6000F3ED070051E8B70051C8BF000001FB009A
:104B7000CF91DE00F0FB2F00F1FF2F00020140007B
:104B800083814800522F9800632F98005001200025
:104B9000010020005E299000EE299000800F510056
:104BA000818F5900D8023E005E289000EE289000C8
:104BB0000060010015003700310037004000370069
:104BC000670037007A0037008B0037009A00370003
:104BD000B0003700340137004B0137009301370034
:104BE000A2013700B4013700BA01370006023700CE
:104BF0002B0237003E0237004F02370056023700C3
:104C000063023700A2023700B80237000000EB0051
:104C1000C4020700300F980010002000C1020700F6
:104C2000400F980020002000BE020700500F98009F
:104C3000DE089000811F78004E099000821F7800E6
:104C4000BE099000831F7800B0512D00801F7800AE
:104C500010852000C3ED0700E8875700108520006D
:104C6000D1ED07008000780010852000580E070065
:104C7000630E07000000E000FDFF3A007FFC3700F4
:104C800074004700801F780080522D00801F78003C
:104C900010852000D9ED0700E48757002E0890000A
:104CA000460B070031002000E0522D00480E07009F
:104CB000530E07000000E000FDFF3A006FFC3700D4
:104CC000E7C2BF000080FB000000D1000080FB00B5
:104CD000610060008000D000E7C2BF000080FB00E0
:104CE00061006000008040008000D000E6C2BF008C
:104CF0000080FB004700DE000080FB0000804000D9
:104D00008000D000E6C2BF000080FB004600DE004D
:104D10000080FB006100600000804000600F980090
:104D20006E0A9000841F780020532D00801F7800A9
:104D3000108520008BED0700E487570010852000C8
:104D400099ED07008000780010852000200E0700F4
:104D50002B0E07000000E000FDFF3A0047FC370083
:104D60006A004700801F78006C004700801F7800B1
:104D700090532D00801F7800108520009FED0700C4
:104D8000E68757006E0090002F0C07005E00900031
:104D90006A0C07003100200020542D000C0E070083
:104DA000170E07000000E000FDFF3A0033FC37005B
:104DB0005E009000801F7800EE009000811F780058
:104DC00060542D00801F78001085200065ED0700DD
:104DD000E68757001085200073ED070080007800FB
:104DE00010852000FA0D0700050E07000000E00006
:104DF000FDFF3A0021FC370074004700801F780057
:104E000000552D00801F7800108520007BED0700E5
:104E1000E48757002E089000070B070031002000A0
:104E200060552D00EA0D0700F50D07000000E000B9
:104E3000FDFF3A0011FC37004C0D07000080FB001D
:104E4000801F7800440D07000080FB00801F780061
:104E50003C0D07000080FB00801F7800A0552D004E
:104E6000801F7800108520003EED0700E88757007E
:104E7000108520004CED0700800078001085200090
:104E8000D30D0700DE0D07000000E000FDFF3A0033
:104E9000FAFB370011002000B0582D00CC0D0700A0
:104EA000D70D07000000E000FDFF3A00B10120002F
:104EB000D0582D00C60D0700D10D07000000E000FE
:104EC000FDFF3A00B1022000905A2D00C00D0700EE
:104ED000CB0D07000000E000FDFF3A00F1012000CB
:104EE000505D2D00BA0D0700C50D07000000E00061
:104EF000FDFF3A0081022000505F2D00B40D070035
:104F0000BF0D07000000E000FDFF3A008102200015
:104F1000E0612D00AE0D0700B90D07000000E000B4
:104F2000FDFF3A00C102200070642D00A80D0700AB
:104F3000B30D07000000E000FDFF3A0091012000E2
:104F400040672D00A20D0700AD0D07000000E00036
:104F5000FDFF3A00F1002000E0682D009C0D0700E5
:104F6000A70D07000000E000FDFF3A00210220002D
:104F7000E0692D00960D0700A10D07000000E0007C
:104F8000FDFF3A0031042000106C2D00900D070049
:104F90009B0D07000000E000FDFF3A009102200099
:104FA00050702D008A0D0700950D07000000E000ED
:104FB000FDFF3A00D1022000F0722D00840D0700A1
:104FC0008F0D07000000E000FDFF3A007101200096
:104FD000D0752D007E0D0700890D07000000E00050
:104FE000FDFF3A00B101200050772D00780D070039
:104FF000830D07000000E000FDFF3A00B102200031
:1050000010792D00720D07007D0D07000000E000F3
:10501000FDFF3A00B1022000D07B2D006C0D07008F
:10502000770D07000000E000FDFF3A00A10120001D
:10503000907E2D00660D0700710D07000000E00056
:10504000FDFF3A00B102200040802D00600D0700F6
:105050006B0D07000000E000FDFF3A00C1022000D8
:1050600000832D005A0D0700650D07000000E000C9
:10507000FDFF3A0061022000D0852D00540D07008D
:105080005F0D07000000E000FDFF3A00F101200085
:1050900040882D004E0D0700590D07000000E0006C
:1050A000FDFF3A0075FB37004E119000821F78001B
:1050B000BE119000831F78002E129000841F78008C
:1050C0001E109000801F78008E109000811F7800C5
:1050D000408A2D00801F780010852000A1EC070079
:1050E000EC87570010852000AFEC070080007800A7
:1050F00010852000360D0700410D07000000E0007C
:10510000FDFF3A005DFB3700600220000E0040000A
:10511000801F7800400220000E004000801F7800B1
:10512000200220000E004000801F780000022000B6
:105130000E004000801F7800708B2D00801F7800CB
:1051400010852000ADEC0700EA8757000E10900094
:105150000000E00005003A009E1090002E10900024
:105160000088B90040179800050037009E10900095
:105170002E1090000088B9000000D0004017980061
:1051800037110700AE1090003E109000008DB9005E
:105190009E1090003E109000008CB900AE10900060
:1051A0003E1090000088B900021E2000000051004F
:1051B00022002000110009000200D80080037800BE
:1051C000010078009E1090003E1090000088B90009
:1051D00002282000000051002200200011000900D8
:1051E0000200D8000E139000BE1290003E129000F4
:1051F0008A0178000801780087007800E00F070036
:105200001100200010002000CF1207004C110700F1
:1052100031002000608C2D00ED0C0700F80C070019
:105220000000E000FDFF3A0014FB3700E10320001E
:10523000A08C2D00E60C0700F10C07000000E00038
:10524000FDFF3A00A00220000E00400020FA0700F7
:105250009101200090902D00DD0C0700E80C070064
:105260000000E000FDFF3A0004FB37007400470037
:10527000801F780072004700801F780030922D0058
:10528000801F7800108520005CEC0700E68757003F
:10529000AE0890001E0890006E0707003100200045
:1052A000C0922D00CA0C0700D50C07000000E000DA
:1052B000FDFF3A00F1FA37009100200000932D0025
:1052C000C30C0700CE0C07000000E000FDFF3A0011
:1052D000EAFA3700700020002C05070080007800F3
:1052E000A00220000E0040007000900000805000DE
:1052F000801F7800600020002405070080007800EF
:10530000A00220000E0040006000900000805000CD
:10531000801F7800500020001C05070080007800E6
:10532000A00220000E0040005000900000805000BD
:10533000801F7800400020001405070080007800DE
:10534000A00220000E0040004000900000805000AD
:10535000801F7800300020000C05070080007800D6
:10536000A00220000E00400030009000008050009D
:10537000801F7800200020000405070080007800CE
:10538000A00220000E00400020009000008050008D
:10539000801F780010002000FC04070080007800C7
:1053A000A00220000E00400010009000008050007D
:1053B000801F78000000EB00F404070080007800F4
:1053C000A00220000E00400010805000801F7800D6
:1053D000A0932D00801F780010852000E1EB0700CE
:1053E000F287570010852000EFEB0700800078005F
:1053F00010852000760C0700810C07000000E000FB
:10540000FDFF3A009DFA370070002000F504070008
:10541000801F780060002000F2040700801F7800E1
:1054200050002000EF040700801F7800400020009B
:10543000EC040700801F780030002000E90407001A
:10544000801F780020002000E6040700801F7800FD
:1054500010002000E3040700801F78000000EB002C
:10546000E0040700801F780060952D00801F780001
:1054700010852000BBEB0700F28757001085200045
:10548000C9EB07008000780010852000500C070051
:105490005B0C07000000E000FDFF3A0077FA3700E0
:1054A0006E004700801F780070004700801F780062
:1054B00020972D00801F780010852000CFEB07007B
:1054C000E68757000E089000FA0A07007E00900059
:1054D000FE0A070031002000B0972D003C0C0700A9
:1054E000470C07000000E000FDFF3A0063FA3700B8
:1054F000000B0700801F7800FA0A0700801F780061
:10550000F0972D00801F78001085200095EB070094
:10551000E687570010852000A3EB07008000780085
:10552000108520002A0C0700350C07000000E00061
:10553000FDFF3A0051FA37003100200090982D000D
:10554000230C07002E0C07000000E000FDFF3A00CE
:105550000000FE0049FA37000000EB003A0A07009D
:105560000000EB00750A07008000EB0080002000BF
:10557000B806070031002000D0982D00140C070059
:105580001F0C07000000E000FDFF3A003BFA370067
:105590007E004700801F780010992D00801F780042
:1055A0001085200095EB0700E48757005048E20083
:1055B00003003A008705070010C0B30050E8B700A9
:1055C0007E099000422F9800CE299000E38F510071
:1055D000190032004E2A9000E30F520007003C00F1
:1055E0004E289000E10F50000B003200CE289000B2
:1055F000E28F50000C0032001B0037004E29900053
:10560000E40F510010003200CE299000E58F5100C8
:105610001100320014003700018420000000EB006C
:105620007905070013003700016E20004084200038
:10563000750507000F00370041D5200060F22000FB
:10564000710507000B00370041E92000E0C7210089
:105650006D0507000700370001F5210040B1220069
:105660006905070003003700710507000040EB00E3
:1056700050E8B7003100200060992D00D40B0700DE
:10568000DF0B07000000E000FDFF3A00FBF93700E8
:1056900020002000D0030700801F780010002000A9
:1056A000CD030700801F78000000EB00CA0307004D
:1056B000801F7800A0992D00801F780010852000A1
:1056C00028EB0700E88757001085200036EB07001D
:1056D0008000780010852000BD0B0700C80B070074
:1056E0000000E000FDFF3A00E4F93700010220006D
:1056F000709A2D00B60B0700C10B07000000E000F8
:10570000FDFF3A00DDF9370051012000809C2D009B
:10571000AF0B0700BA0B07000000E000FDFF3A00E6
:10572000D6F937000400FA00000F780020002000AE
:105730009E0F10000B003E009E007800200320000A
:105740000008B80012FC8000020040000000D000F9
:1057500061AD2100010040001000780010079800A2
:1057600002003700A0292000100798001E009000BA
:105770000080FA00000006000C00FA00000F78001C
:10578000110798006000B8002007980031079800C2
:10579000200020009E0F100031003E001E009000EF
:1057A0000000E0002E0032009E0090002003200048
:1057B000808F50002A003E000000EB004007980058
:1057C00011FC80001E009000008050003003B000EB
:1057D00022032000110009000280D8008000FD0093
:1057E00050079800CE0090001E009000808F50005F
:1057F0001B0031009E007800200320000008B80044
:105800005E019000020040000000D00061AD210068
:1058100001004000100078006101B9002E009000E6
:10582000BE009000000041008180490020079800E0
:10583000310798004E0090000000E80040079800F3
:105840005E0090000000E800220320001100090023
:105850000200D8008000FD0050079800E1FF3700EB
:105860001E0090006101B8002E009000BE00900064
:1058700048F507000080FA00000006000000FA006A
:10588000510020000000EB00BBFF07008000780003
:1058900030F980000080500050F98800510020004D
:1058A00010002000B4FF07008000780040F980005D
:1058B0000080500060F98800510020002000200086
:1058C000ADFF07008000780040FC800000805000A1
:1058D00070F988000080FA00000006000000FA005D
:1058E000889FBE00E5FF070051F9800050F9800055
:1058F0000089B90061F9800060F980000088B90072
:10590000020140008381480071F9800070F9800035
:105910000088B90002004000838048008FF407002F
:105920002BF5070080F9880091F9880051F9800073
:1059300050F980000089B90061F9800060F98000A9
:105940000088B900020040008380480083F407000B
:105950001FF507000004BE0070F98000CF80DE0054
:105960007EF407000801BE004EF50700C2092300BF
:105970005326240068F507000001BE000000200047
:10598000412B240098F50700C0F98800D1F9880060
:1059900002002000030A2400C0F98000D1F9800031
:1059A000EFF507000000E00004003D006000B800D3
:1059B000A0F98800B1F988001100370060F9800073
:1059C000CF80DE0065F407000004BE0050F98000BF
:1059D000CF80DE0061F407000801BE0031F507004A
:1059E000C2092300532624004BF5070002002000C3
:1059F000433324007DF50700A0F98800B1F9880041
:105A00004F04BE000080FA00000006000000FA000B
:105A1000210320000000EB0057FF070030F9880049
:105A2000210320001000200053FF070040F98800E8
:105A30000080FA00000006000C00FA00881F7800C1
:105A400000047800A5FF070080F9800091F980002C
:105A5000008FBE00A2F98000B3F9800022079800F1
:105A600033079800C0F98000D1F980004007980002
:105A7000510798008E007800080078001101BE00E0
:105A80000288BE0064004000E48040001101BE00B6
:105A90000288BE0064004000E48040001101BE00A6
:105AA0000288BE00080078004F0478000080FA00E9
:105AB000000006000000FA0088FF0700C0F980001F
:105AC000D1F980000080FA00000006000000FA0012
:105AD00082FF0700A0F98000B1F980000080FA0081
:105AE000000006000000FA007CFF070080F980003B
:105AF00091F980000080FA00000006000600FA001C
:105B0000881F7800000478005CFF070050F98000CF
:105B1000000F780061F980001107980070F980008B
:105B2000200798001E00BE00008CBE00AE00900052
:105B300021049800080078004F0478000080FA00E3
:105B4000000006000000FA004CFF070050F980003A
:105B50000080FA00000006000000FA0047FF07007E
:105B600060F980000080FA00000006000000FA00E2
:105B700042FF070070F980000080FA000000060074
:105B80000A00FA006000B800008FBE00CFFF0700D7
:105B9000008FBE0020F98000CF80DE00EFF3070009
:105BA0001E01BE0010F5070059F4070020079800F9
:105BB0002E0090000000E00003003D00AE009000C9
:105BC0008100EA00210798002E0190006110B900C1
:105BD000E2F3070002002000030A240062F5070038
:105BE0000000E00088003400690607000000EB00B8
:105BF0003007980002002C00833A24001E00BE00EB
:105C000059F507000000E0000200340011002000F8
:105C1000310798000001EB004207980002002000C5
:105C2000431B24001E00BE004DF507000000E000ED
:105C300002003C001000200040079800BE009000C9
:105C40004E019000028070000000E0000800320069
:105C500002002800634224001E00BE0044F5070035
:105C60000000E00002003200C4C2A8006300370058
:105C700002002000431B24001E00BE003AF507006E
:105C80000000E00008003400020020007328240017
:105C90001E00BE0032F507000000E00002003C00DC
:105CA000C5E2A80055003700020020007328240038
:105CB0001E00BE002CF507000000E00008003400C4
:105CC00002002000132E24001E00BE0024F5070051
:105CD0000000E00002003C00C5C2A80047003700F9
:105CE00002002000132E24001E00BE001EF5070037
:105CF0000000E0000800340002002800D331240036
:105D00001E00BE0016F507000000E00002003C0087
:105D1000C5A2A8003900370002002800D3312400B2
:105D20001E00BE0010F507000000E000080034006F
:105D300002002800A33424001E00BE0008F507005E
:105D40000000E00002003C00C542A8002B00370024
:105D500002002800A33424001E00BE0002F5070044
:105D60000000E0000800340002002800733724001F
:105D70001E00BE00FAF407000000E00002003C0034
:105D8000C582A8001D0037000200280073372400D8
:105D90001E00BE00F4F407000000E000080034001C
:105DA00002002400233924001E00BE00ECF407008A
:105DB0000000E00002003C00C522A8000F003700F0
:105DC00002002400233924001E00BE00E6F4070070
:105DD0000000E0000800340002002C00833A240098
:105DE0001E00BE00DEF407000000E00002003C00E0
:105DF000C4E2A80001003700E50507001E00BE0050
:105E0000C3F3070020F988000080FA0000000600B4
:105E10000000FA000000EB00001588000000EB0015
:105E2000101588000000EB00201588000000EB0032
:105E300030158800A802A800A822A800A842A9003E
:105E4000A862A900A882A900A8A2A900A8C2A900C6
:105E5000A8E2A900A902A900A922A900A942A900B3
:105E6000A962A900A982A900A9A2A900A9C2A900A2
:105E7000A9E2A900AA02A900AA22A900AA42A80090
:105E8000AA62A800AA82A800AAA2A900AAC2A90080
:105E9000AAE2A900AB02A900AB22A900AB42A9006B
:105EA000AB62A900AB82A900ABA2A900ABC2A9005A
:105EB000ABE2A900112A200091407800C0CFB300C6
:105EC00000C06000A1E2B700A042A800012A2000A3
:105ED0009140780000CEB30000C07000A0E2B7008F
:105EE000212A20009140780030CCB30000C060002F
:105EF0000034A000A2E2B700A342A800512A20006B
:105F00009140780000CEB30000C060000004A00003
:105F1000A5E2B700412A20009140780000CCB300F0
:105F200000C0600071C2B30001407000A4E2B7007D
:105F30008560A9008D60A800A1E2A8000000000013
:105F400011FC800000032000808F5000FBFF360012
:105F50000080FA0000000600809FBE00821F7800CB
:105F60000A00FA008560A900C001200050158800D1
:105F7000212A20009140780030CCB30000C060009E
:105F80000034A000A2E2B700412A2000914078002E
:105F900000CCB30000C0600071C2B30001407000CB
:105FA000A4E2B700D0C3B3007C58E3000F003A006E
:105FB000C00F200050158800212A20009140780051
:105FC00030CCB30000C060004041B300A2E2B70093
:105FD000412A20009140780000CCB30000C060004E
:105FE0003041B300A4E2B7005E003700E0C3B30065
:105FF0007C58E3002C003A00212A200091407800D0
:1060000030CCB30000C060000044A000A2E2B700A2
:10601000412A20009140780000CCB30000C060000D
:106020007041B300A4E2B7007DD8BF000080FB0040
:10603000100798001E009000E10F50001100320080
:106040009E009000E18F500004003C001E01900073
:106050000200E00008003200420037001E009000FD
:10606000E20F50000A0032009E009000E38F5000C3
:106070000A0032003B003700C01121005015880093
:1060800038003700C0212200501588003500370045
:10609000C04124005015880032003700C08128001C
:1060A000501588002F003700C087210022C0B300A0
:1060B000904F11002B003A00212A200091407800D7
:1060C00030CCB30000C060000044A000A2E2B700E2
:1060D000412A20009140780000CCB30000C060004D
:1060E0007041B300A4E2B7007DD8BF000080FB0080
:1060F000200798002E009000E10F500011003200A0
:10610000AE009000E18F500004003C002E01900092
:106110000200E00008003200120037002E0090005C
:10612000E20F50000A003200AE009000E38F5000F2
:106130000A0032000B003700C01121005015880002
:1061400008003700C02122005015880005003700E4
:10615000C04124005015880002003700C08128008B
:106160005015880000282000000F780000FC8000F7
:106170000000D000E2872100820040001E0078006D
:10618000900878001E8FE80000FC80000000D0001E
:1061900062942100820040001E0078009008780080
:1061A0001E8FE80000FC80000000D000E2A021006B
:1061B000820040001E007800900878001E8FE800E2
:1061C00001F8210011007800000178000000E800CB
:1061D0008008780020062000800F51000200360061
:1061E0000000EB0000FC8800E0C3B3007C58E30033
:1061F0001F003A0010FC80000000D00062AD2100BA
:10620000820040001E007800900878001E8FE80091
:1062100010FC80000000D000A2B3210082004000EA
:106220001E007800900878001E8FE80010FC8000A7
:106230000000D000E2B92100820040001E0078007A
:106240009008780021F82100110078000001780002
:106250000000E8008008780000032000800F510053
:10626000810036000000EB0010FC88007E00370043
:10627000F0C3B3007C58E30038003A007DD8BF007B
:106280000080FB00300798003E009000E10F5000B6
:1062900017003200BE009000E18F500004003C0067
:1062A0003E0190000200E000080032006E0037005E
:1062B0003E009000E20F500016003200BE00900039
:1062C000E38F50001C003200670037001E0078008A
:1062D0001000780010E088001E8FE8001E00780093
:1062E0001000780050E08800E2E2A8005E0037006D
:1062F0001E0078001000780020E088001E8FE80063
:106300001E0078001000780060E08800E302A8001A
:10631000550037001E0078001000780030E088003B
:106320001E8FE8001E0078001000780070E08800E2
:10633000E802A8004C0037001E007800100078002A
:1063400040E088001E8FE8001E00780010007800F2
:1063500080E08800E822A80043003700C0872100C1
:1063600032C0B300904F11003F003A007DD8BF000B
:106370000080FB00400798004E009000E10F5000A5
:1063800019003200CE009000E18F500004003C0064
:106390004E0190000200E000080032003200370099
:1063A0004E009000E20F50001A003200CE00900024
:1063B000E38F5000220032002B0037001E007800CF
:1063C0001000780090E088001E8FE8001E00780022
:1063D00010007800D0E08800E2E2A90010C0B3000D
:1063E0007DF8B700200037001E007800100078000C
:1063F000A0E088001E8FE8001E00780010007800E2
:10640000E0E08800E302A90020C0B3007DF8B700F7
:10641000150037001E00780010007800B0E08800FA
:106420001E8FE8001E00780010007800F0E0880061
:10643000E802A90030C0B3007DF8B7000A003700B9
:106440001E00780010007800C0E088001E8FE80071
:106450001E0078001000780000E18800E822A90002
:106460000040EB007DF8B700C187210011407800A3
:10647000004178000040E80080487800F0C3B30095
:10648000804F5100020036000040EB007CF8B7005E
:106490000080FA004F0178004F00BE000040060067
:1064A0000200FA00000F78009E00780040062000ED
:1064B0000008B80002FC8000020040000000D0008C
:1064C000E187210001004000100078000080FA0000
:1064D000000006000C00FA00000F78001107980079
:1064E0006000B800200798003107980020002000C5
:1064F0009E0F100031003E001E0090000000E000E2
:106500002E0032009E00900040062000808F500038
:106510002A003E000000EB004007980001FC8000CC
:106520001E009000008050005006B000420620007F
:10653000110009000280D8008000FD00500798007B
:10654000CE0090001E009000808F50001B00310094
:106550009E007800400620000008B8005E01900010
:10656000020040000000D000E1872100010040004F
:10657000100078006101B9002E009000BE0090006C
:1065800000004100818049002007980031079800F1
:106590004E0090000000E800400798005E00900068
:1065A0000000E80042062000110009000200D800A7
:1065B0008000FD0050079800E1FF37001E009000AA
:1065C0006101B8002E009000BE009000F1F10700BC
:1065D0000080FA00000006000800FA00000F7800B2
:1065E0000000EB0020079800703821003007980069
:1065F0000000EB00100798009E009000300620007D
:10660000808F50002F003C009E0078004006200044
:106610000008B8001E019000020040000000D000F9
:10662000E2872100820040002E009000910F1000B0
:106630000B0034009E007800400620000008B800DF
:106640001E019000020040000000D000E187210000
:106650000100400010007800200798001500370066
:106660009E007800400620000008B8001E0190003F
:10667000020040000000D000E287210082004000BC
:106680003E009000910F10000A003D009E0078002F
:10669000400620000008B8001E01900002004000E3
:1066A0000000D000E18721000100400010007800C8
:1066B000300798001E0090000000E80010079800C6
:1066C000CDFF3700AE0090003E00900000805000EB
:1066D0000080FA00000006000800FA00000F7800B1
:1066E00011079800220798002E0090000000E0009B
:1066F00024003200AE00900040062000808F500041
:1067000020003E000000EB0030079800BE00900023
:106710002E009000808F50001A003100AE009000D3
:106720003E009000008050008000D0001E009000CD
:10673000008040000082E9009E01780001FC80009A
:106740003E00900000804000420620001100090039
:106750000280D80001017800400620000018B8002F
:10676000000041000000D000E1872100010040004E
:10677000100A78003E0090000000E8003007980002
:10678000E2FF37000080FA00000006000400FA0073
:10679000000F7800700020009E0F100003003600EC
:1067A0000001EB00120798000B0037001E00780074
:1067B0000000D00022C02100820040001E007800AE
:1067C0000000D00022C121000200400091007800AA
:1067D00010805000100798001E0090000080FA0002
:1067E000000006000400FA00000F7800700020008E
:1067F0009E0F1000030036008000EB001107980088
:10680000060037001E0078000000D00021C02100E3
:106810000100400010007800100798001E00900052
:106820000080FA0000000600811F7800821F7800B7
:106830004100DD00030037004F017800CF007800F1
:106840000000060011FB88000001EB00E19D2D0017
:1068500081004000030039000200280082804000CF
:10686000120020004400F8003400F8004440A80062
:106870000000200002004000A0018800000000008D
:106880007C34020000000000110078000000A1002C
:10689000C01288007C340200000000001100780063
:1068A0000000A100D01288007C340200000000002B
:1068B000110078000000A100E01288007C34020082
:1068C00000000000110078000000A100F012880014
:1068D00062BFED0062BFED0051FC8800A1018000A5
:1068E00021FB88003400F900000000004400F9009A
:1068F0008920A900D0FF3700E28040000400390061
:10690000A1018000E1804000A10188000100280071
:10691000000006008920A900809FBE00829FBE0063
:106920008012800090128000A0128000B0128000BF
:106930005E1FE20026003A00621FE20024003200DF
:106940003400F8004400F8004440A80020FB800018
:10695000A001880051FC8000F23402000000000019
:10696000110078000000A100C0128800F23402007B
:1069700000000000110078000000A100D012880083
:10698000F234020000000000110078000000A100B5
:10699000E0128800F23402000000000011007800CC
:1069A0000000A100F012880062BFED0062BFED00A0
:1069B00051FC8800A101800021FB88004400F900FF
:1069C0003400F9004F01BE004F00BE000040060039
:1069D000603FEF005EBFEF004F01BE004F00BE0002
:1069E00000400600E280400004003900A101800060
:1069F000E1804000A101880001002800000006009D
:106A0000801F78004022EF004222EF004422EF0076
:106A10004822EF004C22EF00C6E2A800E5A2A90040
:106A2000E582A800E5E2A900E5C2A9004002A900AC
:106A30004022A90040A2A9004122A90040C2A8000A
:106A40004102A9004142A900F00E20001012880066
:106A50004362A9004342A8003000200020128800B1
:106A60004C02A8004802A8008920A9009120A90092
:106A700041E2A9004F00780000000600811F780065
:106A8000801F7800F0FF2700C0128800003020002F
:106A90000000B300D0128800DE02A9000000000050
:106AA000E002A9009001090000000000E002A80037
:106AB00041E2A8004602AE00FEFF3700F0FF2700CB
:106AC000C0128800004020003001B300D0128800BE
:106AD0004602AE00FEFF3700F0FF2700C01288001C
:106AE000001020000030A0000040A000D01288005C
:106AF0004602AE00FEFF3700F0FF2700C0128800FC
:106B000000202000D01288004602AE00FEFF3700B1
:106B1000F0FF2700C0128800006020000010A000D5
:106B2000D01288004602AE00FEFF3700F0FF2700BB
:106B3000C012880000702000F005B300D012880059
:106B40004602AE00FEFF370001F020003012800048
:106B5000010060000000E000FCFF3A0030128000FD
:106B6000010060000000E000FCFF320030128000F5
:106B7000010060000000E000FCFF3A0030128000DD
:106B8000010060000000E000FCFF32004662AE0041
:106B900002003700801280009012800041E2A900BC
:106BA000F01E2000101288004362A8004342A80093
:106BB0008920A900A8C0A800A8A0A900A880A900B1
:106BC0009120A80041E2A8004F007800CF00780093
:106BD000000006000200FA00E202A8000000EB003C
:106BE000000F7800F07022009E0F100002003C00A1
:106BF0001E0FE800FBFF370081FF07009FFF070023
:106C00000080FA00000006000400FA00000F78007F
:106C10001107980060BFEF005E3FEF009E009000FC
:106C20001E00780000FF07000080FA000000060048
:106C30000000FA00E202A9000080FA00000006004D
:106C40000000FA000000EB0080088800011120001D
:106C500091407800F0CCB30000C0600010E1B700B4
:106C60000000EB0030088800205C200060088800ED
:106C700084C0A9008CC0A80011E1A8000080FA001F
:106C8000000006000000FA0011E1A9000080FA00EF
:106C9000000006000800FA00000F780011079800B5
:106CA00060FC8000200798002E0090000000E000AB
:106CB0000B0032002E009000300090009E0F50001C
:106CC00003003A0011002000310798001F00370030
:106CD0002E0090004000900020079800F2FF37003F
:106CE000A000200007E60700200798002E00900073
:106CF0000000E00002003A00100020002CE607002F
:106D00002E0090009E00900001087800AE009000D8
:106D10000000EB0090009800AE00900010C0B3009F
:106D2000C04098002E0090009E007800310098002E
:106D30002E00900061FC8000410098002E00900021
:106D400060FC880011002000310798003E00900090
:106D50000080FA00000006000800FA00000F78002A
:106D60000000EB001007980060FC800020079800EE
:106D70002E0090000000E0001A0032002E0090006B
:106D8000300090009E0F500010003A001E0090004E
:106D90000000E000050032009E0090002E009000F0
:106DA00040009000C0009800030037002E009000C3
:106DB0004000900060FC88002E00900012E6070062
:106DC0001000200030079800080037002E009000C7
:106DD000100798002E0090004000900020079800B7
:106DE000E3FF370020002000300798003E009000AD
:106DF0000080FA00000006000800FA00000F78008A
:106E00001107980060FC8000200798002E00900079
:106E10000000E0000E0032002E00900030009000D4
:106E20009E0F500006003A002E0090009E00900039
:106E30000108780010002000300798000600370095
:106E40002E0090004000900020079800EFFF3700D0
:106E500021002000310798003E0090000080FA00D9
:106E6000000006000600FA00000F780060FC8000B9
:106E7000100798001E0090000000E0000E00320095
:106E80001E009000300090009E0F500006003A0057
:106E90009E0090000000EB00900098001000200081
:106EA00020079800060037001E0090004000900068
:106EB00010079800EFFF37002000200020079800FF
:106EC0002E0090000080FA00000006000600FA0084
:106ED000000F780060FC8000100798001E009000F2
:106EE0000000E0000E0032001E0090003000900014
:106EF0009E0F500006003A009E0090000040EB00FC
:106F0000C0409800100020002007980006003700BD
:106F10001E0090004000900010079800EFFF37001F
:106F200020002000200798002E0090000080FA002A
:106F3000000006000600FA00000F780060FC8000E8
:106F4000100798001E0090000000E0000E003200C4
:106F50001E009000300090009E0F500006003A0086
:106F60009E00900010C0B300C040980010002000A8
:106F700020079800060037001E0090004000900097
:106F800010079800EFFF370020002000200798002E
:106F90002E0090000080FA00000006003600F80085
:106FA000809FBE00829FBE00849FBE00869FBE0061
:106FB0000200FA0060FC8000000F780084C0A90085
:106FC0001E00E0001C0032001E00780040409000CF
:106FD000E14F500014003A001E0078001000E0005D
:106FE000110032009E0078001E0078001000900012
:106FF0000000E800900098001E0178001E00780054
:107000009000E90012009000810F50000600360049
:107010001E00780030009000000001009E00780003
:107020000000EB00900098001E00780040009000E7
:10703000000F7800E2FF37000080FA004F03BE0027
:107040004F02BE004F01BE004F00BE003600F900E7
:10705000004006000600FA00000F780011079800B3
:107060001E007800200798002E009000E30F5000CB
:10707000640032002E009000E30F500007003E0035
:107080002E009000E10F50002D0032002E009000E5
:10709000E10F50003F003E000D0037002E00900031
:1070A000E50F50008F0032002E009000E40F5000DA
:1070B000700036002E009000E60F5000A500320050
:1070C0002E009000E70F5000BE003200D2003700C3
:1070D0001E009000E10F50000F003600C4C2BF0038
:1070E0000080FB004600DE000080FB0061006000C5
:1070F0000000A200614060004601DD00412C20003C
:1071000091407800F0CBB30000C0600002407000F6
:10711000C4E2B7001C0137002E40900061406000BF
:107120004601DD00412C200091407800F0CBB300F7
:1071300000C0600002407000C4E2B70012013700D6
:107140001E009000E10F50000B003600C4C2BF00CB
:107150000080FB004700DE000080FB000000A20072
:10716000C700DD00C4C2BF000074A1000140700070
:10717000C4E2B700040137002E409000C700DD00D4
:10718000C4C2BF000074A10001407000C4E2B70097
:10719000FD0037001E009000E10F50000F00360088
:1071A000C5C2BF000080FB000000D1000080FB00D2
:1071B000610060000000A200614060000041D0005A
:1071C000512C200091407800D0CFB30000C0600067
:1071D00002407000C5E2B700EB0037002E4090007F
:1071E000614060000041D000512C200091407800A7
:1071F000D0CFB30000C0600002407000C5E2B7000D
:10720000E10037001E009000E10F50000F00360033
:10721000C5C2BF000080FB004400DE000080FB0010
:10722000610060000000A200614060004401DD00D8
:10723000512C200091407800F0CEB30000C06000D7
:1072400002407000C5E2B700CF0037002E4090002A
:10725000614060004401DD00512C20009140780025
:10726000F0CEB30000C0600002407000C5E2B7007D
:10727000C50037001E009000E10F50000F003600DF
:10728000C5C2BF000080FB004200DE000080FB00A2
:10729000610060000000A200614060004201DD006A
:1072A000512C200091407800B0CFB30000C06000A6
:1072B00002407000C5E2B700B30037002E409000D6
:1072C000614060004201DD00512C200091407800B7
:1072D000B0CFB30000C0600002407000C5E2B7004C
:1072E000A90037001E009000E10F50000F0036008B
:1072F000C5C2BF000080FB004500DE000080FB002F
:10730000610060000000A200614060004501DD00F6
:10731000512C200091407800F0CDB30000C06000F7
:1073200002407000C5E2B700970037002E40900081
:10733000614060004501DD00512C20009140780043
:10734000F0CDB30000C0600002407000C5E2B7009D
:107350008D0037001E009000E10F50000F00360036
:10736000C5C2BF000080FB004600DE000080FB00BD
:10737000610060000000A200614060004601DD0085
:10738000512C200091407800F0CBB30000C0600089
:1073900002407000C5E2B7007B0037002E4090002D
:1073A000614060004601DD00512C200091407800D2
:1073B000F0CBB30000C0600002407000C5E2B7002F
:1073C000710037001E009000E10F50000B003600E6
:1073D000C5C2BF000080FB004700DE000080FB004C
:1073E0000000A200C700DD00C5C2BF000074A100FC
:1073F00001407000C5E2B700630037002E409000E6
:10740000C700DD00C5C2BF000074A10001407000CC
:10741000C5E2B7005C0037002E409000C700DD00D9
:10742000C5C2BF000074A10001407000C5E2B700F2
:10743000C5C2BF000080FB004700DE000080FB00EB
:10744000614060004601DD00512C20009140780031
:10745000F0CBB30000C0600002407000C5E2B7008E
:10746000C5C2BF000080FB004600DE000080FB00BC
:1074700061006000614060004501DD00512C20008A
:1074800091407800F0CDB30000C060000240700071
:10749000C5E2B700C5C2BF000080FB004500DE00AA
:1074A0000080FB0061006000614060004201DD007F
:1074B000512C200091407800B0CFB30000C0600094
:1074C00002407000C5E2B700C5C2BF000080FB00EB
:1074D0004200DE000080FB0061006000614060004F
:1074E0004401DD00512C200091407800F0CEB30023
:1074F00000C0600002407000C5E2B700C5C2BF0016
:107500000080FB004400DE000080FB0061006000A2
:10751000614060000041D000512C20009140780073
:10752000D0CFB30000C0600002407000C5E2B700D9
:10753000C5C2BF000080FB000000D1000080FB003E
:1075400061006000C700DD00C4C2BF000074A1007C
:1075500001407000C4E2B700C4C2BF000080FB005D
:107560004700DE000080FB00614060004601DD0056
:10757000412C200091407800F0CBB30000C06000A7
:1075800002407000C4E2B7000080FA00000006006C
:107590000000FA00C4C2A900C4E2A900C522A900E3
:1075A000C582A900C542A900C5A2A900C5C2A900FB
:1075B000C5E2A9000080FA00000006000000FA0001
:1075C000C4C2BF000080FB004600DE000080FB005C
:1075D000610060000080EA00614060004601DD005B
:1075E000412C200091407800F0CBB30000C0600037
:1075F00002407000C4E2B700C4C2BF000080FB00BC
:107600004700DE000080FB000080EA00C700DD00CC
:10761000C4C2BF000074A10001407000C4E2B70002
:10762000C5C2BF000080FB000000D1000080FB004D
:10763000610060000080EA00614060000041D0000D
:10764000512C200091407800D0CFB30000C06000E2
:1076500002407000C5E2B700C5C2BF000080FB0059
:107660004400DE000080FB00610060000080EA0052
:10767000614060004401DD00512C20009140780001
:10768000F0CEB30000C0600002407000C5E2B70059
:10769000C5C2BF000080FB004200DE000080FB008E
:1076A000610060000080EA00614060004201DD008E
:1076B000512C200091407800B0CFB30000C0600092
:1076C00002407000C5E2B700C5C2BF000080FB00E9
:1076D0004500DE000080FB00610060000080EA00E1
:1076E000614060004501DD00512C20009140780090
:1076F000F0CDB30000C0600002407000C5E2B700EA
:10770000C5C2BF000080FB004600DE000080FB0019
:10771000610060000080EA00614060004601DD0019
:10772000512C200091407800F0CBB30000C06000E5
:1077300002407000C5E2B700C5C2BF000080FB0078
:107740004700DE000080FB000080EA00C700DD008B
:10775000C5C2BF000074A10001407000C5E2B700BF
:107760000080FA00000006000200FA00000F780016
:107770009E007800E0AD230046FD07000080FA007F
:10778000000006000000FA00E0AD230072FD0700D3
:107790000080FA00000006000200FA00000F7800E6
:1077A0001E00E000030035009E007800E0AD2300DD
:1077B00091FD07000080FA00000006000000FA00BA
:1077C000C4C2BF000080FB004600DE000080FB005A
:1077D000610060000080EA00614060004601DD0059
:1077E000412C200091407800F0CBB30000C0600035
:1077F00002407000C4E2B7000080FA0000000600FA
:107800000000FA00C4C2BF000080FB004700DE0099
:107810000080FB000080EA00C700DD00C4C2BF009A
:107820000074A10001407000C4E2B7000080FA00BB
:10783000000006000000FA00C5C2BF000080FB0087
:107840000000D1000080FB00610060000080EA00C1
:10785000614060000041D000512C20009140780030
:10786000D0CFB30000C0600002407000C5E2B70096
:107870000080FA00000006000000FA00C5C2BF0048
:107880000080FB004400DE000080FB00610060001F
:107890000080EA00614060004401DD00512C2000BE
:1078A00091407800F0CEB30000C06000024070004C
:1078B000C5E2B7000080FA00000006000000FA00F0
:1078C000C5C2BF000080FB004200DE000080FB005C
:1078D000610060000080EA00614060004201DD005C
:1078E000512C200091407800B0CFB30000C0600060
:1078F00002407000C5E2B7000080FA0000000600F8
:107900000000FA00C5C2BF000080FB004500DE0099
:107910000080FB00610060000080EA0061406000C0
:107920004501DD00512C200091407800F0CDB300DE
:1079300000C0600002407000C5E2B7000080FA009D
:10794000000006000000FA00C5C2BF000080FB0076
:107950004600DE000080FB00610060000080EA005D
:10796000614060004601DD00512C2000914078000C
:10797000F0CBB30000C0600002407000C5E2B70069
:107980000080FA00000006000000FA00C5C2BF0037
:107990000080FB004700DE000080FB000080EA0062
:1079A000C700DD00C5C2BF000074A1000140700027
:1079B000C5E2B7000080FA00000006000200FA00ED
:1079C000000F7800100020009E0F10000F003600FE
:1079D000D0C2BF000080FB004200DE000080FB0040
:1079E000610060000000A200614060004201DD0013
:1079F000012D200091407800B0CFB30000C060009E
:107A000002407000D0E2B700090037009E407800C5
:107A100061C060004201DD00012D2000914078002E
:107A2000B0CFB30000C0600002407000D0E2B700E9
:107A30000080FA00000006000200FA00000F780043
:107A4000100020009E0F10000F003600D0C2BF00B3
:107A50000080FB000000D1000080FB00610060009E
:107A60000000A200614060000041D000012D200014
:107A700091407800D0CFB30000C060000240700099
:107A8000D0E2B700090037009E40780061C0600076
:107A90000041D000012D200091407800D0CFB300EC
:107AA00000C0600002407000D0E2B7000080FA0021
:107AB000000006000400FA005A1FE2001E00320017
:107AC00071FA800080DA2F00808F50001A00350094
:107AD00071FA800080252000808F500016003C0045
:107AE000D602A900D622A900D642A900D662A900D2
:107AF0000000EB00D0FA880072FA8000020F7800D4
:107B00001E0178000200E00003003D001E01780025
:107B10000201EA00020F7800007122001E017800C5
:107B2000110009000200D800EF005000A0D523008A
:107B3000B1FC07004B0037004E1FE2000B00340081
:107B4000B0FA80000000E800B0FA880090FA8000E7
:107B50000000E90090FA8800521FE2000E003D008C
:107B60003000200090FA88000B003700B0FA800047
:107B70000000E900B0FA880090FA80000000E800F8
:107B800090FA880090FA8000E30F50000200340061
:107B90000000EB0090FA880090FA8000100798002F
:107BA0001E019000E10F5100130032001E009000F2
:107BB000E10F500004003C001E0190000200E000B4
:107BC000080032001A0037001E009000E20F50003B
:107BD0000E0032001E019000E30F51001000320031
:107BE00013003700D602A900D622A800D642A90069
:107BF000D662A8000E003700D602A900D622A8003F
:107C0000D642A800D662A90009003700D602A80013
:107C1000D622A900D642A800D662A90004003700E7
:107C2000D602A800D622A900D642A900D662A80092
:107C300071FA800080DA2F00808F50000900350033
:107C400071FA800080252000808F500005003C00E4
:107C500010002000D0FA8800F1002000A0D52300F9
:107C600065FC07000080FA00000006000400FA002E
:107C70005C1FE2001E00320081FA800080DA2F00D3
:107C8000808F50001A00350081FA80008025200086
:107C9000808F500016003C00D682A900D6A2A90011
:107CA000D6C2A900D6E2A9000000EB00E0FA8800E5
:107CB00082FA8000020F78001E0178000200E000C6
:107CC00003003D001E0178000201EA00020F780067
:107CD000007122001E017800110009000200D80086
:107CE000EF00500060E3230043FC07004B00370027
:107CF000501FE2000B003D00C0FA80000000E800C9
:107D0000C0FA8800A0FA80000000E900A0FA88000C
:107D1000541FE2000E003D0030002000A0FA880051
:107D20000B003700C0FA80000000E900C0FA8800AC
:107D3000A0FA80000000E800A0FA8800A0FA800005
:107D4000E30F5000020034000000EB00A0FA8800AE
:107D5000A0FA8000100798001E019000E10F51006A
:107D6000130032001E009000E10F500004003C00A0
:107D70001E0190000200E000080032001A003700E7
:107D80001E009000E20F50000E0032001E01900015
:107D9000E30F51001000320013003700D682A90013
:107DA000D6A2A800D6C2A900D6E2A8000E003700CD
:107DB000D682A900D6A2A800D6C2A800D6E2A90001
:107DC00009003700D682A800D6A2A900D6C2A80012
:107DD000D6E2A90004003700D682A800D6A2A900E6
:107DE000D6C2A900D6E2A80081FA800080DA2F006E
:107DF000808F50000900350081FA80008025200026
:107E0000808F500005003C0010002000E0FA880040
:107E1000F100200060E32300F7FB07000080FA0078
:107E2000000006000000FA008000EB00A0D523004F
:107E300098FB07008000EB0060E3230095FB070040
:107E40000080FA00000006000200FA00000F78002F
:107E50001E00E0000A003A000000EB0070FA880003
:107E60008000EB00A0D52300E3FB0700D602A900A9
:107E7000D622A900D642A900D662A9002D0037005B
:107E800080C12F009E0F10000A003D0080C12F000E
:107E900070FA8800008F2D0072FA8000110009002E
:107EA0000200D8008000FD00A0D52300D2FB07000F
:107EB00020003700803E20009E0F10000A00340092
:107EC000803E200070FA88000071220072FA800063
:107ED000110009000200D8008000FD00A0D5230099
:107EE000C5FB0700130037001E00780070FA8800F9
:107EF0001E00E00008003D00008F2D001E017800EC
:107F0000110009000200D8008000FD00A0D5230068
:107F1000B9FB070007003700007122001E0178003E
:107F2000110009000200D8008000FD00A0D5230048
:107F3000B1FB07000080FA00000006000200FA0012
:107F4000000F78001E00E0000A003A000000EB007D
:107F500080FA88008000EB0060E32300A6FB0700A6
:107F6000D682A900D6A2A900D6C2A900D6E2A9004D
:107F70002D00370080C12F009E0F10000A003D0029
:107F800080C12F0080FA8800008F2D0082FA8000C7
:107F9000110009000200D8008000FD0060E323000A
:107FA00095FB070020003700803E20009E0F100048
:107FB0000A003400803E200080FA88000071220010
:107FC00082FA8000110009000200D8008000FD0044
:107FD00060E3230088FB0700130037001E007800D1
:107FE00080FA88001E00E00008003D00008F2D0090
:107FF0001E017800110009000200D8008000FD0079
:1080000060E323007CFB07000700370000712200BB
:108010001E017800110009000200D8008000FD0058
:1080200060E3230074FB07000080FA0000000600F4
:108030000800FA00000F7800110798001E00780071
:10804000200798002E0190000200E00003003D0090
:108050002E0090000000EA00200798001E0190000A
:10806000320798003E0090000000E00003003D0051
:108070003E0190000201EA00320798002E009000B5
:108080003E01900082004000803E2000808F500022
:1080900006003C001E0090001E0010006AFF070052
:1080A0001E0090001E004000A4FF07000080FA00A0
:1080B000000006000200FA00000F78001E007800A1
:1080C000B0FA88000080FA00000006000200FA0002
:1080D000000F78001E007800C0FA88000080FA00C7
:1080E000000006000000FA00B0FA80000080FA00EC
:1080F000000006000000FA00C0FA80000080FA00CC
:10810000000006000000FA00DEC2A8008200A800FD
:108110008400A9008C00A8000080FA00000006007E
:108120003600F800809FBE00829FBE00849FBE0084
:10813000869FBE000000FA008C00A90051012000BB
:10814000E00B2400D3FA07000040EB006FFFB700FC
:108150000040EB006EFFB7000040EB0070FFB7007F
:108160000080FA004F03BE004F02BE004F01BE0068
:108170004F00BE003600F900004006000200FA0081
:1081800030FC8000E10F40001A003A00E0C2BF005E
:108190000080FB004600DE000080FB006100600004
:1081A0000000E000070032008C00A8008400A90055
:1081B000E00B2400E8FA07000080EB0030FC8800A8
:1081C0005800370091002000E00B24000AFB070054
:1081D0000040EB006FFFB7000040EB006EFFB70000
:1081E0000040EB0070FFB7000000EB0030FC88009F
:1081F0004C00370030FC8000E10F50000D003A00C9
:10820000E0C2BF000080FB004600DE000080FB00F3
:108210006100600070FFB70021012000E00B240026
:10822000F5FA0700110020001000200089FB07006C
:108230003C00370030FC8000E10F50001200340099
:1082400030FC8000E60F50000F003C00E0C2BF0091
:108250000080FB004600DE000080FB006100600043
:10826000004F78009E80FB0030FC8000660010000C
:108270000008DD00004F78006EDFBF001E404000A8
:108280006EFFB7002700370030FC8000E60F50007B
:108290001200340030FC8000EC0F50000F003C0056
:1082A000E0C2BF000080FB004600DE000080FB0053
:1082B00061006000004F78009E80FB0030FC800071
:1082C0006C0010000008DD00004F78006FDFBF0079
:1082D0001E4040006FFFB7001200370030FC8000E6
:1082E000ED0F50000F003A008000EB00100020005E
:1082F00058FB07008C00A8008400A900E00B2400B4
:1083000095FA07000080EB0030FC880070DFBF00AA
:1083100084FFB7006EDFBF0071FFB7006FDFBF00E3
:1083200072FFB70030FC8000E10F40000300320014
:1083300030FC80000000E80030FC88000080FA007B
:10834000000006000000FA0084DFBF000080FB0090
:108350000080FA00000006000000FA0071DFBF0094
:108360000080FB000080FA00000006000000FA0018
:1083700072DFBF000080FB000080FA0000000600F2
:108380000000FA00C4C2A900C4E2A900C522A900E5
:10839000C582A900C542A900C5A2A900C5C2A900FD
:1083A000C5E2A900C0C2A900C0E2A900C122A9007B
:1083B000C182A900C142A900C1A2A900C1C2A900ED
:1083C000C1E2A900D022A900CC22A900D042A90074
:1083D000CC42A900E2E2A900E302A900E802A90058
:1083E000E822A900DEE2A900DF02A900E402A90058
:1083F000E422A900E202A900DE02A900D602A90037
:10840000D622A900D642A900D662A900D682A90028
:10841000D6A2A900D6C2A900D6E2A900D202A9001C
:10842000D222A900D242A900D262A900D282A90018
:10843000D2A2A900D2C2A900D2E2A900D1A2A90069
:10844000CDA2A900E842A900E862A900E442A9007F
:10845000E462A900DE22A800DEC2A800E4C2A800EF
:10846000E4E2A800E502A800E522A800DE22A800B8
:10847000D302A800D322A800D342A800D362A80048
:10848000D382A800D3A2A800D3C2A800D3E2A80038
:108490000080FA00000006000C22EF000E22EF0020
:1084A0000EE2A9000EC2A9008520A9008D20A80017
:1084B0000DE2A80070002000A01088008540A900EF
:1084C0008D40A80081E0A900C0048000F1002F00C9
:1084D000008060000155200000804000C00488003A
:1084E0000FE2A8000F42A80000000600809FBE0017
:1084F0008520A9000000EB0012C2BF00C1FA2100D4
:10850000804878001000200070FD88004F00BE00F9
:1085100000400600AE1FE200090032008D20A900D5
:108520008000EB0071FD8800C2FA210092407800C3
:1085300001487800100020008D20A80000000600EF
:108540000000EB00000006008540A900809FBE00EF
:10855000821F7800AA1FE20015003200A61FE20069
:1085600016003200A81FE2001400320031FD800026
:10857000420020000F22AF00FEFF370040FD8000C8
:108580000000E000070032000000E900A8BFB700CB
:108590003140780010E2B7000201E900F5FF3A002F
:1085A00002003700A63FEF000100370031FD8800D0
:1085B0004F0178004F00BE00004006000000200080
:1085C00050FD88004F0178004F00BE0000400600BB
:1085D000AA1FE200FEFF3A008D40A9008100E900D9
:1085E00041FD8800B04078008110880030FD88008F
:1085F0001100200051FD88008D40A80000000600F9
:1086000050FD8000000006000400FA00004F7800D2
:10861000114798000040EB00204798002E40900042
:108620000004E0002B003A0010C0B300204798007F
:1086300067010700804078002E40900001406000F4
:10864000204798001E407800A5020700804078006F
:108650002E40900001406000204798001E4090008E
:108660009F020700804078002E409000014060008B
:10867000204798007A010700804078002E40900043
:1086800001406000204798001E40E8009402070067
:10869000804078002E409000014060002047980004
:1086A0006300470010020700804078002E409000D1
:1086B0000140600020479800CC0107006E020700CF
:1086C0002E4090000004E00002003A001001070074
:1086D000D2FF37003E4090000000FB000080FA000F
:1086E000000006000800FA00004F7800110798000B
:1086F00042479800534798000040EB0060479800BD
:108700000040EB00704798006E4090000004E000CD
:108710003E003A0010C0B300604798002C010700EB
:10872000804078006E4090000140600060479800F3
:108730001E4078006A020700804078006E4090007A
:1087400001406000604798004E40900064020700BE
:10875000804078006E4090000140600060479800C3
:108760003F010700804078006E40900001406000AB
:10877000604798001E40E8005902070080407800DA
:108780006E40900001406000604798000040EB00A0
:1087900070479800FE4090005E40900080CF5000EF
:1087A00014003D007E4090008000FB005E40900081
:1087B0000000FB000000E900808F500005003A0037
:1087C0008A010700EE40900000C0600060479800FA
:1087D0000400370046010700EE40900000C0600032
:1087E000604798007E4090000040E8007047980085
:1087F000E8FF3700200207006E4090000004E00010
:1088000002003A00C2000700BFFF37006E40900030
:108810000000FB000080FA00000006000400FA00DF
:10882000004F780011479800224798000040EB0065
:10883000304798003E4090000004E00023003A00DA
:1088400010C0B30030479800E10007008040780076
:108850003E40900001406000304798001E40780084
:108860001F020700804078003E40900001406000F9
:10887000304798001E4090001902070080407800A1
:108880003E40900001406000304798002E4090002C
:1088900013020700804078003E40900001406000D5
:1088A00030479800F4010700804078003E40900077
:1088B00001406000304798003E4090000004E00016
:1088C00002003A0092000700DAFF37003E409000B5
:1088D0000000FB000080FA00000006000A00FA0019
:1088E000004F7800110798004247980053479800BE
:1088F0000040EB00604798000000EB004007980044
:108900006E4090000004E0002F003A0010C0B30059
:1089100060479800AE000700804078006E409000ED
:1089200001406000604798001E407800EC0107009D
:10893000804078006E4090000140600060479800E1
:108940004E409000E6010700804078006E409000A5
:1089500001406000604798000000EB00400798006D
:108960005E4090008000FB004E009000810F5000A0
:108970000D003D009E0090004E00900000804000E1
:1089800010407800D6010700804078006E409000CB
:1089900001406000604798004E0090000000E80031
:1089A00040079800EEFF3700B301070080407800D1
:1089B0006E40900001406000604798006E4090005B
:1089C0000004E000CEFF32006E4090000000FB008B
:1089D0000080FA00000006000000FA002F000700E7
:1089E0000080FA00000006000000FA006C0007009A
:1089F0000080FA00000006000000FA006E00070088
:108A00000080FA00000006000000FA0000000000EC
:108A100006C2BF000080FB00610060000000E000B3
:108A2000FBFF3A0006C2BF000080FB004200DE00F0
:108A30000080FB00610060000000E000F4FF3A00ED
:108A400006C2BF000080FB004300DE000080FB0088
:108A5000610060000000E000EDFF3A0006C2BF00C8
:108A60000080FB004400DE000080FB00610060002D
:108A70000000E000E6FF3A0009C2BF000080FB00F2
:108A80004600DE000080FB00610060000000E000A6
:108A9000DFFF3A000080FA00000006000400FA0040
:108AA000600920002010880007E2A90007E2A80062
:108AB00085C0A90085A0A900B109200091407800D7
:108AC00080CFB30000C060005040B3009BE0B7000F
:108AD0008DA0A9000071220001002000008FBE00BF
:108AE0001E00BE00E00F5000E08F5800050032006D
:108AF0000080EB008080EB001E0F40005E97480076
:108B0000F7FF3700100020000080FA000000060088
:108B10000400FA006000B800008FBE0007E2A90060
:108B200085C0A90085A0A9008DA0A9000071220020
:108B300001002000008FBE001E00BE00E00F5000AC
:108B4000E08F5800050032000080EB008080EB00D1
:108B50001E0F40005E974800F7FF3700CFFF070069
:108B60000F0007000071220001002000008FBE00EE
:108B70001E00BE00E00F5000E08F580005003200DC
:108B80000080EB008080EB001E0F40005E974800E5
:108B9000F7FF3700100020000080FA0000000600F8
:108BA0000000FA0085C0A9008DC0A80010002000B8
:108BB0000080FA00000006000000FA0085C0A9004D
:108BC0008DC0A900100020000080FA0000000600FF
:108BD0000600FA0010C0B30066FFB70008C2BF006D
:108BE0000080FB004400DE000080FB0061006000AC
:108BF0000000E000150032000602A800007122000B
:108C000001002000008FBE001E00BE00E00F5000DB
:108C1000E08F58000A003200665FE20003003A006D
:108C200010002000200798000A0037000080EB00A9
:108C30008080EB001E0F40005E974800F2FF370077
:108C40008000EB0021079800020037000000EB00D5
:108C5000200798002E0090000080FA000000060017
:108C60000600FA0060C0B30066FFB70008C2BF008C
:108C70000080FB004300DE000080FB00610060001C
:108C80000000E000150032000622A800007122005A
:108C900001002000008FBE001E00BE00E00F50004B
:108CA000E08F58000A003200665FE20003003A00DD
:108CB00010002000200798000A0037000080EB0019
:108CC0008080EB001E0F40005E974800F2FF3700E7
:108CD0008000EB0021079800020037000000EB0045
:108CE000200798002E0090000080FA000000060087
:108CF0000600FA0030C0B30066FFB70006C2BF002E
:108D00000080FB00610060000000E0001C003A00F1
:108D100006C2BF000080FB004200DE000080FB00B6
:108D2000610060000000E00015003A0006C2BF00CC
:108D30000080FB004300DE000080FB00610060005B
:108D40000000E0000E003A0006C2BF000080FB00F9
:108D50004400DE000080FB00610060000000E000D5
:108D600007003A0006C2BF000080FB000000D100EF
:108D70000080FB00610060000000E00003003200A2
:108D80000000EB00200798001500370006A2A9009C
:108D90000682A8000071220001002000008FBE00A2
:108DA0001E00BE00E00F5000E08F58000A003200A5
:108DB000665FE20003003A001100200021079800DE
:108DC000070037000080EB008080EB001E0F4000A2
:108DD0005E974800F2FF37008000EB002107980003
:108DE0002E0090000080FA00000006000600FA0045
:108DF00030C0B30066FFB70006C2BF000080FB00B2
:108E0000610060000000E0001C003A0006C2BF00E4
:108E10000080FB004200DE000080FB00610060007B
:108E20000000E00015003A0006C2BF000080FB0011
:108E30004300DE000080FB00610060000000E000F5
:108E40000E003A0006C2BF000080FB004400DE00B6
:108E50000080FB00610060000000E00007003A00B5
:108E600006C2BF000080FB000000D1000080FB00B4
:108E7000610060000000E000030032000000EB0031
:108E8000200798001500370006A2A8000682A80057
:108E90000071220001002000008FBE001E00BE00F5
:108EA000E00F5000E08F58000A003200665FE200D9
:108EB00003003A0011002000210798000700370046
:108EC0000080EB008080EB001E0F40005E974800A2
:108ED000F2FF37008000EB00210798002E00900081
:108EE0000080FA00000006000C00FA00000F780075
:108EF000007122000100200010079800210798004F
:108F00000040EB006047980040C0B30066FFB70028
:108F1000007122000100200010079800210798002E
:108F20001E009000AE009000E00F5000E08F58004F
:108F30002B00320006C2BF000080FB006100600011
:108F40000000E0001F003A0006C2BF000080FB00E6
:108F50004200DE000080FB00610060000000E000D5
:108F600018003A0006C2BF000080FB004300DE008C
:108F70000080FB00610060000000E00011003A008A
:108F800006C2BF000080FB004400DE000080FB0042
:108F9000610060000000E0000A003A0009C2BF0062
:108FA0000080FB004600DE000080FB0061006000E6
:108FB0000000E00003003A0010C0B30060479800D2
:108FC000070037001E009000AE00900061005000C6
:108FD000E08058001007980021079800D0FF370064
:108FE0006E4090000004E00003003A000000EB0037
:108FF000400798001D0037000662A800006A28009C
:109000001100200010079800210798001E00900012
:10901000AE009000E00F5000E08F580011003200C9
:10902000665FE20008003A009E0078005107980051
:1090300000C2BF00DE0090008048780010002000D1
:1090400040079800090037001E009000AE00900015
:1090500061005000E0805800100798002107980038
:10906000EAFF37008000EB00410798004E009000B7
:109070000080FA00000006000600FA0050C0B300AD
:1090800066FFB7000642A800007122000100200020
:10909000008FBE001E00BE00E00F5000E08F5800A1
:1090A0000A003200665FE20003003A001000200070
:1090B00020079800070037000080EB008080EB005D
:1090C0001E0F40005E974800F2FF37008000EB0063
:1090D000210798002E0090000080FA000000060092
:1090E0000800FA00004F780020C0B30066FFB70008
:1090F0001E40780002E2B70000712200010020004B
:1091000010079800210798001E009000AE00900004
:10911000E00F5000E08F58000C003200665FE20064
:1091200003003A00100020003007980009003700C3
:109130001E009000AE00900061005000E0805800DA
:109140001007980021079800EFFF37000000EB00A0
:10915000300798003E0090000080FA0000000600F2
:10916000801F78000000FA0085C0A9000040EB00D5
:1091700066FFB7000080FA004F007800004006004C
:109180002200FA00000F78001107980022079800CB
:109190003307980044079800550798006607980021
:1091A000200D20001E0F40001E00900067004000B0
:1091B000100798005E0090000000E00003003200FD
:1091C0004E0090000000E00003003A008080EB00B9
:1091D000610F9800FF0037002E0090009E004000B5
:1091E00020352000808F5000030036000080EB0007
:1091F000600F9800F70037009E0090003E0090003E
:1092000080804000701E2000808F500003003600D8
:109210008080EB00610F9800EE0037002E00900078
:109220004E019000110009000280D8008000FD006E
:109230000000E000030032000080EB00600F9800A7
:10924000E40037003E0090005E019000110009002C
:109250000280D8008000FD000000E0000300320022
:109260008080EB00610F9800DA0037005E0090000C
:10927000630060000000E0002E003A004E00900005
:10928000630060000000E0000E003A0030032000A0
:10929000500F98005E0090004200DE00300F9800F2
:1092A0004E0090004200DE00400F98001E0090002B
:1092B00064005000100798001E007800640F5000F2
:1092C000460037004E009000610060000000E000A2
:1092D0000D003A0010012000500F98005E00900031
:1092E0000000D100300F98004E0090000000D10027
:1092F000400F98001E0090000080E90010079800C1
:109300001E8FE9003500370040042000500F980000
:10931000DE009000310F98004E009000400F980042
:109320001E0090000000E900100798001E0FE900E1
:109330002A0037005E009000610060000000E0003D
:109340001C003A004E009000610060000000E00048
:109350000D003A0010012000500F98005E009000B0
:109360000000D100300F98004E0090000000D100A6
:10937000400F98001E0090000080E9001007980040
:109380001E8FE9001500370040042000500F9800A0
:10939000DE009000310F98004E009000400F9800C2
:1093A0001E0090000000E900100798001E0FE90061
:1093B0000A00370040042000500F9800CE009000B3
:1093C000410F98005E009000300F98001E00900042
:1093D0000000E900100798001E0FE9004E089000F9
:1093E0000000E900000F98003E0890000000E9002E
:1093F000700798002E0090004E01900011000900A7
:109400000280D800100F98003E0090005E0190008E
:10941000110009000280D800200F98006E00900013
:10942000F10007000000E000030032008080EB0044
:10943000610F9800670037005E0890000D0107007B
:109440000000E000030032000080EB00600F980095
:10945000600037006E0090000000E0001B003A0042
:10946000DE089000710F980030032000FE08900085
:10947000808F50001200320030032000FE08900060
:10948000808F500004003C007E089000F10F5000D7
:10949000080032002700370040042000FE0890003A
:1094A000808F500023003A000003200006010700CF
:1094B0002000370000022000030107001D003700D4
:1094C0000000EB00000107001A0037005E08900062
:1094D00000179800300320008E109000808F5000FD
:1094E00012003200300320008E109000808F500058
:1094F00004003C000E109000F10F500008003200F4
:109500000C003700400420008E109000808F500027
:1095100008003A0000042000EB00070005003700B7
:1095200000032000E80007000200370000022000CE
:10953000E5000700313520001E0078000501070016
:109540000000E000030032000080EB00600F980094
:1095500020003700811E20001E009000250107001A
:109560000000E000030032008080EB00610F9800F3
:10957000180037001E01E800711E20001E00900038
:10958000430107000000E000030032000080EB0010
:10959000600F98000F0037006E0090001000070069
:1095A000000178007E0290008E0990009E089000D5
:1095B0002E0890009A0407000000E000030032002B
:1095C0008080EB00610F9800020037000000EB0084
:1095D000600F98006E0890000080FA0000000600FE
:1095E0000600FA00000F78001E007800200798009F
:1095F0002E009000E10F50000E0032002E0090006F
:10960000E10F500004003C002E0090000000E0003C
:10961000050032000D0037002E009000E20F5000D0
:1096200007003200090037001000200010079800E2
:1096300008003700200020001007980005003700C0
:1096400020002000100798000200370010002000C2
:10965000100798001E0090000080FA00000006002D
:109660000200FA0046FB0700DBFC0700D1A2A900BC
:1096700040062000000F78001E00E00003003200CA
:10968000000000001E0FE900FBFF3700D1A2A80078
:1096900040062000000F78001E00E00003003200AA
:1096A000000000001E0FE900FBFF370081E0A90069
:1096B000F1048000F0002F000080600001662000AF
:1096C00001004000F00488000080FA00000006005D
:1096D00000A0FE0086A0A9001421EF0000000000F9
:1096E00011E18000C2C2210013002000321CE10001
:1096F00005003200080035000000000000000000F6
:1097000000000000F9FF3700A01680004800DE00CE
:1097100080587800F5FF370011E18800283CEC0004
:1097200040E180002A1CE30003003A001000200002
:1097300020E188001FE1A9000080FE000040060033
:109740000200FA00A8FC07000000EB00000F780000
:10975000700D20009E0F10000A003E0071D72100FE
:109760001E80400062D721009E0041001041780019
:1097700091407800C0CDB30028FC07001E8FE800A0
:10978000F3FF37009CFC07000080FA000000060091
:109790000200FA00881F780093FC07000000EB002D
:1097A000000F7800700D20009E0F10000A003E0090
:1097B00070D721001E04400061D721001E804000A8
:1097C00090407800C0CDB3008FFB0700004C7800BC
:1097D0001E8FE800F3FF370087FC07004F04780076
:1097E0000080FA00000006000600FA00000F780072
:1097F0001E007800200798002E009000E10F500016
:109800000E0032002E009000E10F500004003C00DA
:109810002E0090000000E000050032000D0037002F
:109820002E009000E20F50000700320009003700C0
:10983000C0C0B300B9FDB7000900370080C0B30055
:10984000B9FDB7000600370020C0B300B9FDB7006E
:10985000030037000080EB0010079800020037007B
:109860000000EB00100798001E0090000080FA0036
:10987000000006000400FA00000F780040042000F9
:109880009E0F100006003200100120009E0F1000F5
:1098900003003200300320009E0F100005003A0044
:1098A0001E407800A9FDB7000000EB0010079800EB
:1098B000020037000080EB00100798001E009000A7
:1098C0000080FA00000006000400FA00000F780093
:1098D0001E00E00015003200000220009E0F100064
:1098E00012003200000320009E0F10000F00320013
:1098F000000420009E0F10000C0032000005200024
:109900009E0F100009003200000620009E0F10007C
:1099100006003200000620009E0F100003003200F7
:10992000000120009E0F100005003A001E40780044
:10993000A3FDB7000000EB001007980002003700FD
:109940000080EB00100798001E0090000080FA00D5
:10995000000006000A00FA00000F780011079800C6
:109960001E0090009E0F1000030039000080EB00E5
:10997000400798001C0037009E00900030382000FF
:10998000808F5000030036000080EB0040079800F5
:10999000150037001E0FE9001E4078005047980060
:1099A0001E0078004800DE00404798002E409000DE
:1099B000704798001E0090004800DE006047980045
:1099C0004E4090007FFDB7005E40900081FDB700E3
:1099D0006E40900087FDB7007E40900089FDB70083
:1099E0000000EB00400798004E0090000080FA0055
:1099F000000006000A00FA00000F78001107980026
:109A00001E0090009E0F1000030039000080EB0044
:109A1000400798001B0037009E009000301F200078
:109A2000808F5000030036000080EB004007980054
:109A3000140037001E407800504798001E00780040
:109A40004800DE00404798002E4090007047980084
:109A50001E0090004800DE00604798004E409000D5
:109A600083FDB7005E40900085FDB7006E4090001A
:109A70008BFDB7007E4090008DFDB7000000EB002D
:109A8000400798004E0090000080FA000000060099
:109A90000E00FA00000F78001107980022079800C6
:109AA0001E0090009E0F1000030039000080EB00A4
:109AB000600798002B0037009E009000301F2000A8
:109AC000808F5000030036000080EB006007980094
:109AD00024003700AE00900030382000808F500006
:109AE000030036000080EB00600798001D0037007F
:109AF0001E407800704798001E0078004800DE0085
:109B0000604798002E409000104F98001E00900073
:109B10004800DE00004F98004E409000204F980013
:109B20002E0090004800DE00304F98006E409000FC
:109B300007FEB7007E40900009FEB7000E48900077
:109B40000BFEB7001E4890000DFEB7003E48900087
:109B50000FFEB7002E48900011FEB7000000EB008A
:109B6000600798006E0090000080FA000000060078
:109B70000600FA00004F7800114798000000EB0043
:109B8000100798009E009000700D2000808F5000FC
:109B900012003E001E00900061D72100010040002D
:109BA000104078009E4F500008003A001E009000C0
:109BB00071D72100010040009E40900001487800CC
:109BC0000000EB0020079800060037001E00900000
:109BD0000080E80010079800EAFF37008080EB0063
:109BE000210798002E0090000080FA000000060077
:109BF0000800FA00004F7800110798000000EB0001
:109C000020079800AE009000700D2000808F50005B
:109C100012003E002E00900061D72100010040009C
:109C2000104078009E4F500008003A001E0090003F
:109C3000AE00900072D72100828040001148780069
:109C40000000EB0030079800060037002E0090005F
:109C50000080E80020079800EAFF37008080EB00D2
:109C6000310798003E0090000080FA0000000600D6
:109C70000200FA00004F7800114798001E40900043
:109C80008FFDB7001E40780091FDB7000080FA00FC
:109C9000000006000800FA00004F78001147980005
:109CA000224798003347980044479800F0C4B30017
:109CB0009E4F1000030036000080EB003007980034
:109CC0000C0037001E40780093FDB7001E40900046
:109CD00095FDB7002E40900097FDB7004E409000D4
:109CE00099FDB7003E4090009BFDB7000000EB00DF
:109CF000300798003E0090000080FA000000060047
:109D00000400FA00008FBE001E00BE004A09DD00FC
:109D10004600DE0000007100C608DE009FFDB700AF
:109D20001E00BE004209DD004E00DE000000710092
:109D3000CE08DE009DFDB7000040EB00A1FDB7009E
:109D40000080FA00000006000600FA00000F78000C
:109D5000110798001E00E000060032001E0090006F
:109D60000000E00003003200A0CCB30040479800A0
:109D70000D0037001E00E00003003200A0C4B30055
:109D800040479800080037001E0090000000E000E7
:109D900003003200A0C8B30040479800020037001B
:109DA000A0C0B300404798004E409000A5FDB7000A
:109DB0000080FA00000006000200FA00004F780060
:109DC0001E407800ABFDB7000080FA0000000600DE
:109DD0000200FA00000F78001E00E00005003200CB
:109DE000BBDDBF0001C8B30001407000BBFDB70080
:109DF00003003700BBDDBF000074A100BBFDB7004E
:109E00000080FA00000006000400FA00004F78000D
:109E100011479800224798001E407800BFFDB70008
:109E20001E409000C1FDB7002E409000C3FDB7005A
:109E30000080FA00000006000200FA00004F7800DF
:109E4000114798009E4078007FC060000045B00038
:109E5000C5FDB7001E409000C7FDB7000080FA00A6
:109E6000000006000600FA00000F78002147980065
:109E70002E4090000000FB0063006000C500DD0084
:109E800000C8B30000C040004DFEB7000000EB006A
:109E9000200798002E009000E10F50000B003E00BC
:109EA0002E0090000000D00092DC210082004000D3
:109EB0002E0090001E004000904878002E00900078
:109EC0000000E80020079800F2FF37000080FA0049
:109ED000000006000000FA00C3FA0700D2E42100E7
:109EE00012417800C1E4210091407800C0CDB30058
:109EF0004AFA0700C0FA0700E1DD2100914078002E
:109F0000C8DDBF00020007000080FA000000060064
:109F10000600FA00004F7800114798000000EB009F
:109F200020079800B0FA07000000EB001007980027
:109F30009E009000700D2000808F50001D003E009C
:109F40001E00900061D72100010040001040780001
:109F50009E4F5000130039001E00900062D7210070
:109F6000820040001E409000914F10000D003E0006
:109F70001E00900072D72100820040001E00900059
:109F800062D7210002004000114178009040780023
:109F9000C0CDB30021FA07002E0090000000E800B9
:109FA000200798001E0090000080E800100798002D
:109FB000DFFF370090FA07002E0090000080FA00C3
:109FC000000006000400FA00000F78000000EB001B
:109FD000100798001E009000E10F50000B003E009B
:109FE0001E0090000000D00012DE21008200400020
:109FF0001E0090001E004000904878001E00900057
:10A000000000E80010079800F2FF37000080FA0017
:10A01000000006000200FA00004F78001147980087
:10A020001E407800F3FDB7001E409000F5FDB7001C
:10A030000080FA00000006000200FA00004F7800DD
:10A04000114798001E407800F7FDB7001E409000B1
:10A05000F9FDB7000080FA00000006000200FA00D7
:10A06000004F7800114798001E407800FBFDB700B4
:10A070001E409000FDFDB7000080FA0000000600C1
:10A080000200FA00004F78001E80FB004400DD0053
:10A090006F40400013FEB7000080FA000000060089
:10A0A0000200FA00004F7800114798001E80FB0064
:10A0B000C400DD001E4090006F40600000C0400002
:10A0C00015FEB7000080FA00000006000200FA004A
:10A0D000004F7800114798001E4090000080FB0060
:10A0E000C400DD001E4178006F40610000C04000E8
:10A0F00017FEB7000080FA00000006000400FA0016
:10A10000008FBE001E00BE004088DE00CF80DE0053
:10A1100019FEB7001E00BE004809DD004800DE0041
:10A1200000007100C888DE001BFEB7001E407800EA
:10A130001DFEB7000080FA00000006000200FA00D1
:10A14000004F78001E4078001FFEB7000080FA0024
:10A15000000006000400FA00000F780011079800C4
:10A160001E0078004800DE0025FEB7001E40780083
:10A1700027FEB7001E0090004800DE0029FEB70051
:10A180002E4090002BFEB7000080FA000000060071
:10A190000600FA00004F7800114798002247980007
:10A1A0003347980044479800554798002E40900048
:10A1B0002DFEB7003E4090002FFEB7001E407800F5
:10A1C00031FEB7001E40900033FEB7004E409000B5
:10A1D00035FEB7005E40900037FEB7000080FA0001
:10A1E000000006000A00FA00000F7800110798002E
:10A1F0002207980033079800200D20001E0F400012
:10A200001E009000200DB000100798002E00900056
:10A2100067004000200798003E0090006700400063
:10A22000300798009E00900020352000808F50005D
:10A23000030036000080EB0040079800390037002B
:10A24000BE009000701E2000808F5000030036007A
:10A250000080EB0040079800320037001E0090009D
:10A260009E0F100004003100AE0090003E009000F0
:10A27000808F5000030039000080EB0040079800F9
:10A2800028003700501A20009E0F10000C003600E6
:10A290009E00900090272000808F500008003E0014
:10A2A000AE009000700A2000808F5000040036003D
:10A2B000BE00900060142000808F50000300360024
:10A2C0000080EB0040079800160037001E00780061
:10A2D0004800DE0039FEB7001E4078003BFEB700A4
:10A2E0001E0090004800DE003DFEB7002E409000AA
:10A2F0003FFEB7002E0090004800DE0041FEB70090
:10A300004E40900043FEB7003E0090004800DE0043
:10A3100045FEB7006E40900047FEB7000000EB001E
:10A32000400798004E0090000080FA0000000600F0
:10A330000600FA00000F7800110798001E00E000E8
:10A34000060032001E0090000000E0000300320012
:10A35000C0C3B300404798000D0037001E00E00066
:10A3600003003200C0C2B300404798000800370025
:10A370001E0090000000E00003003200C0C1B300E6
:10A380004047980002003700C0C0B3004047980023
:10A390004E40900049FEB7000080FA000000060021
:10A3A0000200FA00000F78001E00E00006003200F4
:10A3B000F0C7B300D1DA21009140780000C06000FE
:10A3C000ADFDB70004003700ADDDBF0001C8B3002C
:10A3D00001407000ADFDB7000080FA0000000600EB
:10A3E0000400FA00000F7800110798001E00E0003A
:10A3F00005003200ADDDBF00F1CBB30001406000CD
:10A40000ADFDB70004003700ADDDBF0001C4B300EF
:10A4100001407000ADFDB7001E0090000000E0009C
:10A4200005003200ADDDBF00F1CDB300014060009A
:10A43000ADFDB70004003700ADDDBF0001C2B300C1
:10A4400001407000ADFDB7000080FA00000006007A
:10A450000A00FA00A3DDBF000080FB00400798005F
:10A4600000032000CE009000808F500035003200A5
:10A4700000032000CE009000808F50000F003C00B1
:10A480004E009000F00F500026003200CE009000E9
:10A49000F08F500004003C004E0090000000E000EF
:10A4A0001C0032003B00370000022000CE0090006C
:10A4B000808F50001F00320036003700000520005A
:10A4C000CE009000808F5000260032000005200052
:10A4D000CE009000808F500005003C00000420005A
:10A4E000CE009000808F50001A0032002900370003
:10A4F00000062000CE009000808F50001D0032002A
:10A5000000072000CE009000808F50001D00320018
:10A51000200037000000280001072000008FBE0047
:10A52000200037000000200061092000008FBE00DD
:10A530001C0037000000240081032000008FBE00B3
:10A540001800370000002200C1012000008FBE006B
:10A550001400370000002100E1002000008FBE0041
:10A56000100037000080200071002000008FBE0026
:10A570000C0037000040280031002000008FBE0092
:10A580000800370000202C0011002000008FBE00C2
:10A59000040037006000B8002007980031079800D9
:10A5A0001300370090DB2100C1C0B30090CF100032
:10A5B0000C003A001E01BE00200020000012B8006E
:10A5C0000000EB000093B900850078008680400011
:10A5D000030078000000D0008080400081027800F5
:10A5E000048FBE001E00BE002007980031079800AF
:10A5F0002E009000BE0090000080FA0000000600CF
:10A600001000FA00000F7800110798002207980048
:10A6100033079800440798003E0090000000E000D7
:10A62000030035003E009000E30F500003003400AB
:10A630000080EB00700798004B0037004E00900040
:10A640000000E000030035004E009000E30F5000D2
:10A65000030034000080EB007007980042003700D0
:10A660007BFF0700626A20000203B8000001EB00D4
:10A670000282B9000701780004014100636A2000EA
:10A680000388B90000014100820378001E007800B1
:10A690006101B9000600BE00BEE107005007980046
:10A6A0006BFF0700626A20000203B8000001EB00A4
:10A6B0000282B9000701780004014100636A2000AA
:10A6C0000388B90000014100820378001E00900059
:10A6D0006101B9000600BE00AEE107006007980006
:10A6E0005E0090004800DE00B1FDB7002E489000EB
:10A6F000B3FDB7006E0090004800DE00B5FDB70066
:10A700004E489000B7FDB7002E0090000000E0001A
:10A7100004003200ADDDBF000044A000ADFDB70075
:10A7200004003700ADDDBF00F1CEB3000140600092
:10A73000ADFDB7000E489000E34060003E00900081
:10A74000630060004200DD0000C1400001CFB300A3
:10A75000ADDDBF0000C0600000404100ADFDB700AE
:10A760000000EB00700798007E0090000080FA0067
:10A77000000006000000FA0086C0A9001FE1A80042
:10A7800021E1A9000080FA00004006000000FA0064
:10A7900020002000000988000000EB00C0088800AD
:10A7A00010002000E008880086C0A9008EC0A80024
:10A7B00021E1A8000080FA00000006000000FA0075
:10A7C00020002000F008880030E18000A008880008
:10A7D00030E180000000E800D008880086A0A900D1
:10A7E0001FE1A9008EA0A8000080FA00000006006A
:10A7F0000200FA00000F78000000EB0040E1880042
:10A800001E00780010E188000000EB0020E18800C5
:10A81000EAFF0700DDFF07000080FA0000000600E5
:10A820001200FA00000F7800110798002207980024
:10A8300033079800440798000000EB006007980079
:10A840009E0090002E0090000089B9003E0090000C
:10A850000000E8000280B9008000E800A014200099
:10A86000808F5000030036000080EB00000F98003E
:10A870003D0037000000EB0050079800DE0090001C
:10A880001E009000808F50002C003D000000EB0067
:10A8900070079800FE0090002E009000808F5000FE
:10A8A0000D003D00EC0147009300780001007800A6
:10A8B000C4C221000401400010C0B3000049780068
:10A8C0008100E800810978007E0090000000E80027
:10A8D00070079800EFFF37000000EB00700798004A
:10A8E000BE0090002E0090000088B9007E0190000C
:10A8F000800F51000D003D00EC01470093007800EF
:10A9000001007800C4C22100040140000040EB00B7
:10A91000004978008100E800810978007E009000FD
:10A920000000E80070079800EDFF37005E0090001F
:10A930000000E80050079800D0FF37006E0090003C
:10A94000C2C221008200400020C0B30080487800CD
:10A950004E02900034E188001E00780050E188002B
:10A960000001EB00020F98000E0890000080FA0032
:10A97000000006000000FA0020E180000080FA00DC
:10A98000000006000C070000574500004C43000083
:10A990004F4D000045200000746F0000207400003F
:10A9A000686500002053000065720000436F0000DE
:10A9B0006D200000707200006F7400006F63000073
:10A9C0006F6C0000206F00006E200000652D0000FD
:10A9D00050750000636B00000D0A000074680000F1
:10A9E0006520000045500000464C00002065000036
:10A9F0006475000063610000746900006F6E000000
:10AA0000207200006F6200006F740000207400006C
:10AA1000797000006520000022480000222000001C
:10AA2000666F000072200000686500006C70000016
:10AA30000D0A0000006100002C250000642C0000BD
:10AA4000256400002C250000640D00000A000000B1
:10AA5000422C0000256400000D000000620D000083
:10AA60000A000000632C0000256400000D0A0000AD
:10AA7000004400002C250000642C00002564000028
:10AA80000D000000640D00000A000000652C0000AD
:10AA9000256400002C250000640D00000A00000061
:10AAA000462C0000256400000D000000660D00002B
:10AAB0000A000000672000004952000020630000E7
:10AAC00068650000636B0000203A00002030000041
:10AAD00078250000782C00002061000064640000EC
:10AAE0007265000073730000203A000020300000FF
:10AAF00078250000782C00002064000061740000BC
:10AB0000612000003A200000307800002578000025
:10AB10000D0A0000000A000000220000412200008F
:10AB20002020000020200000202000002020000025
:10AB30002041000063630000656C00006572000046
:10AB40006F6D000065740000657200000D0A000062
:10AB500000220000422C00002322000020200000E0
:10AB60002020000020200000204200006F64000030
:10AB7000792000006C65000064200000303D00007A
:10AB80006F66000066200000313D00006F6E00001F
:10AB9000203200003D6900006E7600006572000002
:10ABA000736500000D0A000000220000432200002F
:10ABB0002020000020200000202000002020000095
:10ABC00020530000656C000065630000746F000096
:10ABD00072200000706F000073690000746900004B
:10ABE0006F6E00000D0A000000220000442C0000DF
:10ABF000232C000023220000202000002020000041
:10AC00002053000065740000206D00006F74000088
:10AC10006F72000020730000706500006564000022
:10AC2000206C000065660000742C00007269000052
:10AC300067680000740D00000A0000002245000053
:10AC40002220000020200000202000002020000002
:10AC50002020000047650000742000006D6F000098
:10AC6000746F0000722000007370000065650000C2
:10AC7000642000006C650000667400002C72000007
:10AC800069670000687400000D0A000000220000DF
:10AC9000462C00002322000020200000202000007D
:10ACA0002020000020460000726F00006E7400003B
:10ACB000206C000065640000203000003D6F000043
:10ACC00066660000203100003D6F00006E2000002D
:10ACD000323D0000696E000076650000727300006E
:10ACE000650D00000A00000022470000222000003D
:10ACF0002020000020200000202000002020000054
:10AD00004952000020720000656300006569000080
:10AD100076650000720D00000A0000002248000065
:10AD20002209000020200000202000002048000010
:10AD3000656C0000700D00000A0000002249000050
:10AD40002220000020200000202000002020000001
:10AD500020200000476500007420000063610000AF
:10AD60006D650000726100002070000061720000DB
:10AD7000616D000065740000657200000D0A00003E
:10AD8000002200004A2C0000232C0000232C00008D
:10AD9000232C0000232200002053000065740000D3
:10ADA00020630000616D00006572000061200000FA
:10ADB00070610000726100006D6500007465000044
:10ADC000722000006D6F0000646500002C770000A9
:10ADD00069640000746800002C6800006569000068
:10ADE00067740000682C00007A6F00006F6D00002F
:10ADF000283100002C340000206F00007220000079
:10AE0000382900000D0A0000002200004B2200003B
:10AE10002020000020200000202000002020000032
:10AE200020430000616C0000696200007261000054
:10AE30007465000020700000726F000078690000E7
:10AE40006D6900007479000020730000656E0000D9
:10AE5000736F0000727300000D0A000000220000F2
:10AE60004C2C0000232C0000232200002020000096
:10AE700020200000204C000065640000206E0000CF
:10AE8000756D000062650000722C0000303D00000E
:10AE90006F66000066200000313D00006F6E00000C
:10AEA000203200003D6900006E76000065720000EF
:10AEB000736500000D0A0000002200004E22000011
:10AEC0002020000020200000202000002020000082
:10AED00020500000726F0000786900006D6900006A
:10AEE000747900000D0A0000002200004F220000CB
:10AEF0002020000020200000202000002020000052
:10AF0000204C000069670000687400002073000096
:10AF1000656E0000736F0000727300000D0A000080
:10AF200000220000502C0000232C000023220000EF
:10AF30002020000020200000205300006574000045
:10AF4000206D00006F7400006F7200002070000020
:10AF50006F73000069740000696F00006E200000CC
:10AF60006C650000667400002C72000069670000C8
:10AF7000687400000D0A0000002200005122000049
:10AF800020200000202000002020000020200000C1
:10AF90002047000065740000206D00006F74000001
:10AFA0006F720000207000006F7300006974000071
:10AFB000696F00006E2000006C6500006674000080
:10AFC0002C72000069670000687400000D0A000020
:10AFD000002200005222000020200000202000005B
:10AFE0002020000020200000205200006573000097
:10AFF00065740000206500002D700000756300007E
:10B000006B0D00000A000000225300002220000007
:10B010002020000020200000202000002020000030
:10B02000537400006F700000206500002D70000058
:10B03000756300006B200000616E0000642000005A
:10B0400074750000726E0000206F000066660000DC
:10B05000206C000065640000730D00000A00000011
:10B06000225400002C230000222000002020000099
:10B070002020000020200000506C000061790000BA
:10B08000207300006F7500006E6400002031000026
:10B090002D350000206500006C7300006520000065
:10B0A000737400006F700000207300006F75000063
:10B0B0006E6400000D0A000000220000552200000E
:10B0C0002020000020200000202000002020000080
:10B0D0002047000065740000206D000069630000D7
:10B0E000726F0000706800006F6E00006520000045
:10B0F000616D0000706C00006974000075640000F0
:10B10000650D00000A000000225600002220000009
:10B11000202000002020000020200000202000002F
:10B120005665000072730000696F00006E20000019
:10B130006F6600002053000065720000436F00003E
:10B140006D0D00000A000000692C0000256400005D
:10B150002C250000642C0000256400002C25000034
:10B16000642C0000256400000D0A0000004A000065
:10B170002C250000642C0000256400002C25000014
:10B18000642C0000256400000D0000006A0D000022
:10B190000A0000006B2C00002053000074610000C6
:10B1A00072740000696E0000672000006361000097
:10B1B0006C6900006272000061740000696F000039
:10B1C0006E2000002D200000526500006D6F000011
:10B1D00076650000206100006E790000206F00009D
:10B1E000626A00006563000074200000696E000060
:10B1F00020730000656E0000736F00007273000022
:10B2000020720000616E0000676500000D0A0000FA
:10B21000006B00002C200000436100006C690000FE
:10B220006272000061740000696F00006E2000000F
:10B23000666900006E6900007368000065640000C4
:10B240000D0A0000004C00002C250000642C0000BA
:10B25000256400000D0000006C0D00000A000000D5
:10B260006D2C0000302C0000302C0000300D000050
:10B270000A0000006E2C0000256400002C25000050
:10B28000642C0000256400002C250000642C0000C4
:10B29000256400002C250000642C000025640000BB
:10B2A0002C250000640D00000A0000006F2C000037
:10B2B000256400002C250000642C0000256400009B
:10B2C0002C250000642C0000256400002C250000C3
:10B2D000642C0000256400002C250000640D000093
:10B2E0000A000000502C0000256400002C250000FE
:10B2F000640D0000007000000D0A000000710000E5
:10B300002C250000642C0000256400000D0A0000BC
:10B31000007200000D0A0000007300000D0A00001A
:10B32000005400002C25000064000000740D000093
:10B330000A000000752C0000256400002C25000088
:10B34000642C0000256400000D0A00000076000057
:10B350002C56000065720000736900006F6E0000DB
:10B36000203100002E3100002E3300002053000059
:10B3700065700000746500006D6200006572000079
:10B380002032000030300000360D00000A000000BE
:10B390007A2C0000436F00006D6D0000616E0000AC
:10B3A000642000006E6F000074200000666F0000D3
:10B3B000756E0000640D00000A0000000600000029
:10B3C000260000001F0000001200000027000000FF
:10B3D000180000001C0000002D00000041000000CB
:10B3E000FD000000E5000000320100008B020000BB
:10B3F0001E0200004400000024FF0000B8FE000010
:10B40000BDFE00003DFF000027FF00003DFE0000E4
:10B4100026FE00009EFC0000DCF900003BFE000060
:10B42000C908000044100000D60E0000940500007A
:10B4300033FB00005FF600008FF700008AFA00007F
:10B440008AFB0000A3FA0000A1FB0000210100001C
:10B45000E7080000A60D00001A0C0000BB03000066
:10B4600046FB0000A9F80000D3F9000037FD0000FA
:10B470004AFF00005AFE0000C3FD0000D6FF000096
:10B48000F90300002C060000D8010000D0F80000ED
:10B4900029F80000CF030000FF0F00007F1100001B
:10B4A000D406000014F9000088F20000DDF5000069
:10B4B00006FD00007A0000009FFD000059FA000020
:10B4C00033FD000016060000D30D0000B20D000091
:10B4D000EC04000025F9000007F500009BF80000CF
:10B4E00020FF00001503000000010000ADFD00007A
:10B4F000E6FD0000A7020000270700008703000008
:10B5000013F7000027F100003DFD0000BD10000012
:10B51000B41900009E100000F7FD0000C3F0000009
:10B52000D8F000003FF900003BFF0000B2FC000033
:10B5300016F7000030F80000C6010000A20D000060
:10B54000211300003A0D0000A5010000ACF8000036
:10B5500082F5000006F9000051FD000048FD0000E2
:10B5600002FB0000F7FA0000C9FF0000D706000048
:10B570002E0700001AFD00004BF600002DFF000012
:10B58000980F0000D21600009B0D0000A4FB0000E5
:10B5900013EF0000A5EF00005FF8000010FF0000AF
:10B5A0009EFD000076F900007DFA000021010000F8
:10B5B000390B0000B112000050100000100600000E
:10B5C00049FA0000BBF20000EDF3000083F900002F
:10B5D00095FC000066FC0000C6FB000015FF0000A3
:10B5E0003005000078040000BEFC000022FB0000D3
:10B5F0003006000051130000BE130000BF0500001C
:10B60000A0F40000BEEC0000CBF000003BF900000D
:10B6100017FD00004FFA000009F900007CFC000053
:10B620008E030000790D0000DB120000470E0000C1
:10B63000C7010000C8F40000B1EF0000E5F300000E
:10B640002CFA000026FC00001DFB0000D7FA0000C9
:10B650005E00000017060000D401000011FA00008F
:10B66000F6FC0000120C00003617000095110000D7
:10B6700010FF000067EE0000E5EA00005EF2000047
:10B680002AFB000032FC0000ABF8000087F9000044
:10B690007BFE000027080000981300000016000041
:10B6A000000D0000C8FD00004CF0000057ED000048
:10B6B000C0F30000E1F90000CFFB000077FA0000C2
:10B6C00065FC00001D04000098060000EA00000070
:10B6D00094FD000044070000B41400008D14000025
:10B6E0003204000080F0000075E8000049EE000020
:10B6F0001DF90000DEFD00009AFA0000F2F90000DA
:10B7000009FE0000EC0400007A0F00007C15000028
:10B710000D1200004C050000EBF40000D3EB00001C
:10B720000FEF000015F70000E4FB0000D8FB00005D
:10B73000D8FA00008D0100005C07000079050000C8
:10B74000EF010000450600006B110000D11300005E
:10B75000D40600006DF3000041E9000040ED000058
:10B760005DF8000088FF000070FD00004BFC000049
:10B770005EFF0000FE020000F1090000DC11000085
:10B78000FA1500000A0F0000D5FD000021EE0000B0
:10B790002AEB0000E7F2000006FB0000A4FD000019
:10B7A000DFFA000071FE000098050000CC080000E0
:10B7B0008A0A0000B80B0000F50E0000D40D00004E
:10B7C000020300002AF400008CEC00009FEF000050
:10B7D00020F8000077FF0000FEFF0000500100008D
:10B7E000CA030000EE01000010020000E70900009B
:10B7F000AB160000BD180000FF080000DAF20000E0
:10B80000B5E7000046ED00000DF90000A0FF0000C4
:10B810002CFC000085FA0000860100006008000092
:10B82000780F0000D9120000E8100000AE0A0000F6
:10B83000BFFE0000DAF2000031EE000047F2000027
:10B8400040F8000091FD0000F3FE0000C802000077
:10B85000890800009405000028000000BF010000D6
:10B860003A0F0000181A0000DB1100000CFB00006A
:10B870008EE800002AE800005FF40000DEFF000010
:10B880009BFF0000BCFA000037FE0000FE03000032
:10B89000EB0A0000D31000003C130000EA10000087
:10B8A0000C05000059F5000042EC00000FEF00000D
:10B8B00001F60000C1FB000026FC0000D9FD0000DD
:10B8C00011060000B908000011080000340700004C
:10B8D000850A000086100000630C0000C9FC00000F
:10B8E0000AED0000CEE90000BEF10000FDFC000002
:10B8F000530100005CFF000001020000AF020000E5
:10B9000067020000190700002D0F0000E31500007A
:10B910001C0F000057FC0000ECEB0000C0E9000029
:10B9200065F2000030FB00001DFD000016FA00006B
:10B93000C4FF00004F07000038090000070B00009B
:10B94000A90B0000E90D0000950B000065FF000049
:10B95000EBF00000FFEA000058EF0000C1F7000024
:10B9600087FE0000B8FE00005D020000B706000080
:10B970000A040000F702000059060000CA0F000088
:10B98000251400003C0800002FF4000050E80000DF
:10B99000D7EB0000A7F60000A7FE000024FD000082
:10B9A00006FC0000230300002306000043070000FC
:10B9B0009D090000110E0000B61100004C090000A6
:10B9C00040F800004DEB000001EB0000C6F2000063
:10B9D00032FB000078FD000085FD0000D40400006B
:10B9E000FF07000041070000CF0800000E0B000019
:10B9F000F60E00007A0A0000B5FB0000D3ED00004F
:10BA0000E9EA0000FFF1000027FB00000100000050
:10BA1000B6FE00002D0300000807000058030000D8
:10BA2000DC020000870700005F1100001014000016
:10BA300081060000F5F20000ADE80000EEEC000029
:10BA40008BF70000F8FE000096FD0000F4FD0000FA
:10BA5000C7050000D1070000E2070000460900000A
:10BA6000900C000027100000C108000011F9000030
:10BA70009EEC0000D1EB0000C4F3000047FD000085
:10BA8000D1000000D4FF00003005000018070000BE
:10BA900097040000A605000089080000AB0E000016
:10BAA000810E00005902000019F3000026EC00008E
:10BAB0008FF00000F5F9000082000000FEFE00009B
:10BAC000DEFF00003C0500001A0400002C0300000B
:10BAD000BF060000330E000089130000FB0B0000BE
:10BAE000CFFA0000E0EC000072EB0000C3F30000AE
:10BAF00016FD00008DFF00005FFD0000AF0200009A
:10BB0000D60700002F060000E605000039080000F7
:10BB1000E00C0000640D0000DA030000DAF500001C
:10BB2000DFED0000B3F0000038F900001D00000058
:10BB3000FFFE00002AFD0000410200009D030000FE
:10BB40000A030000EB060000B70B00001F0F000007
:10BB5000FB0B000066FF0000BAF2000083EF00005C
:10BB60006CF40000C2FA0000A5FC00007BF90000A4
:10BB70003BFC00008A05000096060000C40300009C
:10BB800037060000310C00006D100000C00A0000F4
:10BB9000B8FB000080EF000016EE0000E0F40000AB
:10BBA00092FB00004CFC0000F1F80000B2FD000028
:10BBB000C50700004C0700000A03000077040000DE
:10BBC000540B00007D100000CC090000CBFA0000EF
:10BBD000F9EF000099EF00001DF6000040FB0000A7
:10BBE00068FA00005AF700008AFD00002E080000E5
:10BBF0005808000017040000B1040000440A0000C7
:10BC0000750E0000220900002DFC000072F10000FA
:10BC1000E1EF00005BF50000CCFA0000A4FB00009F
:10BC20007DF90000E6FE0000D9070000E5060000EF
:10BC30005602000080030000C9090000F30D000057
:10BC4000DC09000001FF000081F500000DF200009A
:10BC500028F40000A3F80000CCFA0000B5F90000B9
:10BC6000AEFD000075060000E6060000650100005C
:10BC7000C50100003D0A00003D110000BD0E00009E
:10BC8000E901000093F4000077EF000062F2000089
:10BC90005EF8000069FA0000F9F80000CCFB000033
:10BCA0002D070000240D0000880600001B01000085
:10BCB000A7030000BA0800001D0C00006507000083
:10BCC0009BFB00005EF20000DEF0000054F7000075
:10BCD00074FE000031FF000046FB00006AFE000019
:10BCE000C0040000EC02000087FF00008204000096
:10BCF000090E0000AA120000530E0000A50000006B
:10BD0000E8F3000011EF0000E6F10000A7F70000E3
:10BD100032FA000003FA0000A0FE0000450A00000D
:10BD2000F90C0000DE02000024FD000040040000C9
:10BD3000490E0000DA1000006E080000F7F900005C
:10BD4000D3F00000A0F00000F5F60000DAFC0000DF
:10BD500072FD0000C0FB000054010000C50A000095
:10BD6000180800004AFE000030FD00002607000011
:10BD7000DE1000009D11000029070000A1F800005E
:10BD80007BF0000003F20000D2F80000C1FB0000CD
:10BD9000FAF90000F6F900007F040000CB0E000065
:10BDA000F6080000B9FD000063FE0000EC0800008A
:10BDB000F40E0000510C000074020000CEF70000E9
:10BDC000D6F200000BF5000088FA0000C6FB000068
:10BDD000BBF9000037FA0000290500001A0E000028
:10BDE00084050000F1F9000087FD0000C30C00008D
:10BDF0001E150000580F00000D000000D0F20000DA
:10BE000083EF000057F40000C2FA000009FB0000B5
:10BE100091F80000E6FA0000E50700003711000085
:10BE2000E205000067F60000EEF80000740B000069
:10BE30009A170000B6110000ECFF000001F10000AD
:10BE4000D2EE00004AF500006EFB0000FFF9000092
:10BE500037F6000076F900006C0800004514000079
:10BE6000EB08000002F50000AAF300000207000042
:10BE7000D91600003A130000F8010000BAF20000E1
:10BE8000DCF00000C8F70000EDFC0000F1F9000054
:10BE9000E2F3000013F5000052030000E11200007D
:10BEA000550C00006AF700001FF2000018050000A2
:10BEB0005819000054180000B004000047F00000BA
:10BEC00036EB0000F0F30000BDFD00003BFE00007B
:10BED0006FF600008BF300005AFE000017120000FE
:10BEE0006D140000B0FD000037EC000004F7000006
:10BEF00036110000AC1B00007D0F000005FA0000A9
:10BF0000DCED0000A2F200000AFD0000B3FF00001B
:10BF100072F600000DEE0000FCF300002F09000097
:10BF2000601A0000750D0000E5F10000C6EB00008E
:10BF3000D1030000491C0000BA19000034030000BE
:10BF400013EF00003FEE000020FB00002D03000077
:10BF500042FC000031EE00006EEC00006CFD0000C1
:10BF600099160000E01A00009CFE000031E5000078
:10BF700013EE0000BD100000E22400009B1600003C
:10BF8000D5F9000006EA000096F100002901000042
:10BF90005E030000DBF4000075E70000B6EE000071
:10BFA000BE070000881E0000CE16000016F3000039
:10BFB0004DDF000070F40000E01A000031260000A0
:10BFC000B50D000023F00000D2EA0000CFFC000015
:10BFD000ED0A0000AC0100009CEA000069E00000EE
:10BFE000DCF10000BF0F0000692000002F100000EE
:10BFF000AFEA0000CFDC0000FDF9000019230000CB
:10C00000402B00007D0C0000AFEA0000F3E80000C8
:10C01000210200002011000091000000BAE200009F
:10C02000EDD9000022F4000040180000382500007F
:10C03000220E0000E2E5000034D900003BF90000C8
:10C040000A2500008C2D00008A0D00008AEB0000FC
:10C0500082EB0000DA050000F8120000E7FE0000A5
:10C0600075DF00004FD800008CF400007D18000040
:10C07000AE220000420D00004CE9000097DB0000FA
:10C080001FF7000094200000F22C00003112000085
:10C0900044F0000072EB00003A0300005B13000064
:10C0A000E902000015E30000C8D80000B9F1000063
:10C0B00099150000611F0000E00A000086EF0000F3
:10C0C0008CE2000050EE00007F0A00009320000088
:10C0D000261F00008D0C000032FE000097000000BB
:10C0E000BC070000AFFF0000F0E800001CDA000011
:10C0F000B2E5000039030000E61700001A14000042
:10C10000F803000004F5000015EF000087F90000B7
:10C11000760D00008B1800004D110000BC010000DE
:10C120006DFC0000110600004C0C0000ACFF00008C
:10C1300061E900000FE000008CED00004505000003
:10C14000C71100005B0C000090FF000042F30000EC
:10C150005CEF000073FC0000A9100000F91900005A
:10C16000C01300008C080000D6040000F405000095
:10C170001B00000070F000003DE2000057E40000EA
:10C1800095F60000260A00002D1000005509000059
:10C190000501000046F80000ACF2000099F900002B
:10C1A0007B0B000051190000101600003008000041
:10C1B00031000000B702000009030000CBF70000C7
:10C1C00005E90000E9E4000043F10000510400002B
:10C1D000D60D0000FD090000B3FD000030F10000A5
:10C1E000D0F200002106000096180000D7170000CA
:10C1F000C8070000B6FB0000CC000000DE0B00000A
:10C2000089080000DEF4000081E40000A5E90000D8
:10C2100032FD0000140A0000F60500002EFB0000AD
:10C2200080F80000B7FA00008AFA0000F8FC00006D
:10C2300077080000D2130000DD110000D9060000CD
:10C24000750100002F070000070B00004B010000E4
:10C250004AF0000098E800007CF10000E2FE0000D7
:10C2600049020000CAFC000017FB00007B0100002F
:10C270000E03000058F800009CF10000C50000000B
:10C28000ED170000E31A0000240A00005CFB000028
:10C29000C3FC000052080000440B0000D8FD000061
:10C2A000D5EC000022EA000063F700001906000048
:10C2B000F50600008BFC000048F50000FEF50000CC
:10C2C000FAF900007AFF000075090000DE12000094
:10C2D0008211000097060000F3FF000041020000F9
:10C2E000D902000036FB000055F20000C9F2000040
:10C2F0000AFE0000ED080000D6070000DBFD00008C
:10C3000056F3000057F0000071FA0000C409000065
:10C310004F0E00000E0600007AFF00009A03000096
:10C32000970B0000D609000011FB0000E8EC0000AC
:10C330000BEE0000F4FB00002D090000C80B00000C
:10C34000FA0500006AFF000026F8000065F2000010
:10C35000DCF70000B906000046120000F9110000E9
:10C360005D090000B9030000DE020000BEFE00000F
:10C3700081F30000C2E70000A7E7000080F600009C
:10C3800001090000F60F0000230A0000A1010000CF
:10C3900075F80000E9F20000EDF90000C60B00009E
:10C3A0006A190000E4150000F70700002B000000E8
:10C3B000C6020000F20200008FF70000D8E800007B
:10C3C000FDE400008EF1000091040000DE0D00008D
:10C3D000DA09000078FD000012F1000000F300000F
:10C3E00080060000BE180000AB17000082070000A6
:10C3F000A2FB0000FF000000F40B00005808000042
:10C4000086F400005FE40000E7E900007DFD000025
:10C41000250A0000D10500000CFB000089F800008F
:10C42000BAFA000085FA000017FD0000B00800000D
:10C43000E8130000B8110000AE0600007A01000009
:10C440004E070000000B0000080100000CF0000087
:10C45000A2E80000ADF100002DFF0000EA0200009C
:10C46000EAFC0000DCF90000B9FF00004F02000008
:10C470007DF90000D8F300002D020000F016000046
:10C4800018180000A50800005DFD00004B0000002A
:10C49000730900003E09000069FC000083EF000002
:10C4A00051EF00002EF90000BF0000000CFE00005C
:10C4B0001EF70000DFF700008AFE000023FF0000E7
:10C4C000CFF900009BFD00007E0C000085140000E9
:10C4D0008E0B000051FF0000A1FE0000650500006A
:10C4E0002B0900005C05000036FD00001DF900006E
:10C4F00022FB000029FC0000D2F70000B1F100008F
:10C50000CAF1000066FB0000DD040000C800000066
:10C51000DDF60000B8FC0000AF0E00000A140000B9
:10C520007805000041F3000054F40000320A0000D6
:10C53000A6190000E310000047FD00005FF60000B0
:10C54000BFFF0000880600001FFB0000A3E70000FB
:10C5500009E300008CF50000980B00006C0D000052
:10C560000BFE000086F2000024F8000052090000D3
:10C570006D100000CE00000089F2000028FA0000D3
:10C58000010E00004419000089100000660100003F
:10C5900079FE00004D0500008D0500000EF9000039
:10C5A000A9E9000072E60000C6F300007103000074
:10C5B00056070000B000000032F9000095FA0000B4
:10C5C00090010000130800008C05000090FA0000A4
:10C5D00029F7000027000000680F00004C1500003C
:10C5E000100E00004E04000094000000E104000062
:10C5F000F0070000670000000AF10000C7E8000033
:10C6000091EF0000D1FC0000F0020000A5FE000048
:10C6100037F900004BFA000055FF0000FE01000052
:10C620005C03000061020000CCFF00000900000074
:10C630005C0300000D08000086090000E00800000F
:10C64000BB0500006A02000007040000DE060000CF
:10C65000740400005AFE0000BCF9000025F8000038
:10C660008AF70000DBF5000059F400001CFA000016
:10C67000420500001E06000005F9000044F000001D
:10C6800025FD0000E30C00005A0A0000C7F8000076
:10C69000D5F4000070080000911100003806000079
:10C6A000F6FC0000D9000000570800000C0A00004A
:10C6B000C90500002103000003040000410200003E
:10C6C00030FD000041F90000D2F5000028F4000020
:10C6D00095F8000073FB000087FA000019FA0000CB
:10C6E0003FFB00000FFF00005F030000D0060000CA
:10C6F00036020000C1F700004DFA00007F0800007C
:10C700000F0C0000AB020000EE000000510A000018
:10C71000C90D0000B3080000C1010000EEFE0000DA
:10C720004E00000054FF0000FCFB000055FC000020
:10C730005F0000004AFF000035FA0000F7F6000035
:10C74000F8F7000060FC0000E5FC0000C9FD0000F7
:10C750003400000038F9000030F70000CA00000083
:10C7600098030000EA050000B509000091000000F0
:10C770005DFB00004E060000CD0D00004E060000DF
:10C78000F7FA000082F900007B0200007209000045
:10C7900004040000B7FC0000F4FF0000790500006D
:10C7A0002D010000E4F8000004F900000FFF000074
:10C7B00067FF000097FA00009DF9000021FC0000CF
:10C7C000AEFD0000A9FF0000C801000041FF00000D
:10C7D000FAFB000000FD0000F8FF0000F403000079
:10C7E0007B040000C3FF0000130200002A080000C1
:10C7F0000F0800003E0700008001000077FB0000EA
:10C8000057000000F00400005BFD00000CF8000081
:10C81000AAFE00000D02000031FE0000DBF900005E
:10C82000D0F90000C0FD0000B9FE0000BCFE000011
:10C8300084FE000005F900004BFA0000AC02000085
:10C84000D2020000700400004D080000ED0000005E
:10C85000B9FC000075050000AC0B0000F6040000F8
:10C86000E0F9000004F80000F001000036090000C3
:10C87000F5010000E1F9000093FF00007D070000D2
:10C88000F50100003BF800002AFC00009D050000B7
:10C89000E00100004FF9000078F90000FAFD000007
:10C8A00029FF00000100000095FF0000EAF70000EA
:10C8B000B5F80000930300003E03000094FD000063
:10C8C00039FD0000DBFD000020030000950300009F
:10C8D0002F0100001007000093000000DAF50000AF
:10C8E000B2020000FD0E000020FD000022EF00005B
:10C8F00023FD0000EE090000AB0700004900000026
:10C9000026FD0000600000005E03000031FF000013
:10C91000DEFB000065000000FF0000005BFE000081
:10C9200097FE00001BFF00000A0100004700000006
:10C930006CFB0000C0FB0000D9000000EB01000010
:10C94000CFFE0000D2FD0000E102000093030000D2
:10C95000AFFD00006CFA000050FF000083060000ED
:10C9600074020000EEFD0000CCFF00008E0000000D
:10C970004101000033FF0000C8FB00006901000016
:10C98000AB0600009EFE00003DFC000048060000D3
:10C99000190A000026FE00004AF40000E1FD000034
:10C9A000230B0000A6030000B0F500001FFD0000EF
:10C9B000100700006E03000058FF000020FF000079
:10C9C00017FE0000170000002C05000035040000D1
:10C9D00088FF000016FD000063FE0000AC010000AF
:10C9E0003C0000001EFE00005DFF00006D00000026
:10C9F000C10100001B010000AC0000006D0200003E
:10CA00002601000089FE0000FDFE000019FF000065
:10CA1000BCFF0000FC0200002600000088FC0000B3
:10CA200048010000AE04000067000000FAFD0000AD
:10CA3000D30000009801000017000000FCFB00007C
:10CA4000A0FE0000BE0700004103000077F70000D1
:10CA500041FB000063070000FF04000002FC00002F
:10CA600067FF00002B03000050000000FAFD0000EB
:10CA70000AFE000073010000F700000016FE00002F
:10CA8000AEFE00005FFD0000F2FC00005503000058
:10CA90000005000085FE00004AFD0000B70100000F
:10CAA0000802000067FF00003C0000005700000083
:10CAB00046FD000090FD000053010000B40200009C
:10CAC00037FE0000DFFC0000A00100004E02000065
:10CAD0008AFE00007FFD00001C02000090030000A1
:10CAE000D5FC00003EFB0000CE0100005005000018
:10CAF00097000000E6FA00003EFD0000270100005C
:10CB0000610300009203000073FF000026FB000099
:10CB100065FD0000DD0300007F0400002DFE000025
:10CB200010FC000009000000BDFF000088FF0000AD
:10CB30009FFF0000F6FF0000190100000200000046
:10CB4000A9FD00002CFE00002A0200009A0100004E
:10CB50006EFE00002BFE000052FF0000ABFF000045
:10CB60007FFF000082FF0000440000004101000040
:10CB700002010000A6FC000094FD0000E303000099
:10CB80000902000091FB0000FEF9000045FD0000D5
:10CB9000FD010000DB0200000900000058FF00005A
:10CBA00036000000A40100005F010000D8FF000073
:10CBB000BFFC00002DFC00004CFD000069FD0000E2
:10CBC00015020000AB000000D9FC00007701000056
:10CBD000C304000054020000A8FE00004CFC00004A
:10CBE000E2FC00009D0000001A00000053FE00005F
:10CBF000AA000000F300000095010000AE01000053
:10CC00004BFC00004BFC000000030000AE010000E4
:10CC1000E5FE0000E5FE000030FC0000E9FE00003B
:10CC2000C50300003B010000DBFB000098FC000096
:10CC30005202000042040000A9FF0000C7FD0000EE
:10CC40001C0200001402000075FD000024FF00001B
:10CC500069030000D700000075FC000057FD0000CC
:10CC600078FF0000EA00000034020000DC00000051
:10CC7000020000004E000000D1000000360100005C
:10CC8000C4FE000062FD000024FE0000BE000000A3
:10CC900017030000380200001D0000001DFD000009
:10CCA000B3FE0000520200007701000081FE000088
:10CCB000B3FE000054020000B90200004BFF000068
:10CCC000C8FD00004D0100006E0300002DFF0000B4
:10CCD0007FFC0000F5FE000064010000730000000E
:10CCE00066FF0000A30100007D02000006FF0000B7
:10CCF0003BFD000048020000B8030000C7FD000033
:10CD00000CFC00006FFE0000AEFE00001AFE0000EA
:10CD100005FF00003B000000430200003D0300004F
:10CD2000520200005E020000D70100001F00000058
:10CD300092FE0000A8FE000064FE00002AFD000034
:10CD4000F9FE0000EF00000078FF0000FBFE00008D
:10CD500048010000F3010000540000009C000000A6
:10CD600072000000BAFD000099FF00009F02000061
:10CD7000B3000000FCFD000058FF00006601000049
:10CD800097FE000011FD0000DDFF000053020000CF
:10CD900036000000FCFC0000450000009A04000082
:10CDA0006F020000ECFD000030FD00007901000082
:10CDB0008A02000041FD000071FD0000B402000085
:10CDC000110200002DFE000073FE0000F9010000BA
:10CDD0006C0200001AFF0000E7FF00001C020000C8
:10CDE00054FF000099FD0000380100005C020000C3
:10CDF00009FE0000CCFC000073010000C403000029
:10CE00009EFF00006DFD0000E7010000DD03000053
:10CE1000DCFC00009CF90000D30000005C04000072
:10CE20002FFF0000B1FD000034030000D204000019
:10CE3000A1FF000095FC0000EDFF00000A020000C9
:10CE400033FE000000FC00003C000000A5020000D2
:10CE5000E7FF0000BEFE000039FF00003AFF0000BF
:10CE600000010000890100005BFF00001AFF0000C4
:10CE700072000000E5000000C8FF000086FE000010
:10CE800023FF00005D000000F6FF0000A0FE000090
:10CE9000C9FF0000F50000000E010000ED000000D9
:10CEA00012FF0000E5FE00004F00000041000000FE
:10CEB0007E0000007500000033FE000091FE0000BF
:10CEC0005D0000004CFF0000ABFE000066000000AB
:10CED000210100007CFF000054000000040200005B
:10CEE000B200000097FE00000CFE0000CCFF000026
:10CEF00097FF000026FE000045FF0000BA0000007A
:10CF000076FF0000EFFD0000F8010000770400004C
:10CF1000F4FF0000DDFD0000B80000004B0200003F
:10CF200098FF0000D9FC000093FE000054000000B0
:10CF30009DFF00001BFE00001AFF00006C020000B5
:10CF40006D0200002B00000051FF00008200000075
:10CF5000A600000010FE000034FE00008C0000005F
:10CF600042FF0000E1FD0000FAFF00007D0100002B
:10CF700083000000A8FE000005FF0000340100004F
:10CF80001A0100007AFF000037FF00007500000062
:10CF9000F200000004FF0000B7FD00006EFF00007B
:10CFA0009F00000040000000C4FF0000E5FE0000FC
:10CFB00047000000280200000A000000ECFD00000D
:10CFC000A6FF0000890100006100000037FF00009B
:10CFD00096FF00002D00000043000000DAFF000073
:10CFE0000E000000FBFF00007CFF00002800000096
:10CFF00033010000F4000000A8FF00003FFF000024
:10D000005F0000008700000080FF00007AFF000042
:10D01000DE0000001901000091FF0000DEFE0000AC
:10D02000A4FF0000840000001F00000017FF0000A4
:10D03000D7FF0000F4010000B301000054FF00001E
:10D040001D000000670200006F0100004FFF00009C
:10D05000FAFE000018010000320200008DFF0000FF
:10D060000CFE0000AF000000EA0100006DFF0000B0
:10D0700021FE000078000000570200007A00000046
:10D08000A3FE0000720000009C0200000B010000E3
:10D090001DFF00009B000000470200008900000007
:10D0A000C4FE000059000000B9010000AC000000FF
:10D0B00004FF000001000000350200000B01000029
:10D0C000E5FE000054000000B20100002200000054
:10D0D000F5FE000098FF0000160100000F000000A0
:10D0E0007CFE000065000000EB0100000F00000066
:10D0F000C9FE0000640000000102000003010000FE
:10D1000097FE000046FF00009D010000D2000000D5
:10D11000F5FE000052FF00000E0100005601000065
:10D12000F2FE00004AFE0000E300000008010000DB
:10D130008CFE000087FE00004E0000007B00000017
:10D140003CFF0000DAFE00007E000000320100001B
:10D1500052FF000006FF0000C7000000F9000000B9
:10D16000A5FF00001EFF00000F000000B00000003F
:10D17000120000002DFF0000CEFF0000060100009D
:10D180007D00000069FF0000F0FF0000B300000018
:10D19000490000005FFF000021FF00005500000073
:10D1A0006200000035FF0000CAFF0000ED00000033
:10D1B0004800000075FF0000150000001501000088
:10D1C000CE00000043FF000075FF0000FE000000DD
:10D1D0009200000079FF0000ACFF0000AF000000EB
:10D1E000E800000058FF0000CCFE0000990000009D
:10D1F000B6000000D0FE0000ECFE00003000000091
:10D20000F6FF000019FF000019FF00005F0000009A
:10D210009E000000E7FE000026FF0000C6000000A0
:10D220005D00000052FF000058FF0000E3FF000017
:10D230001B000000BBFF00004BFF0000A5FF00002B
:10D24000340000001B000000CEFF000096FF00002D
:10D25000E2FF000078000000BCFF0000A5FE000017
:10D2600092FF0000CB000000FDFF0000FEFE00006A
:10D27000B6FF0000A80000005D00000090FF000065
:10D28000A1FF00009600000079000000C1FF00002F
:10D29000D8FF00003F000000AC0000005400000078
:10D2A000BAFF000022000000CB0000000F000000C9
:10D2B0007EFF00006100000082000000FBFF000014
:10D2C000D5FF0000EAFF00003B000000F3FF000074
:10D2D00081FF00003C000000AF0000002B000000B8
:10D2E0000C000000530000007D000000180000004A
:10D2F000B7FF00001500000054000000D0FF000040
:10D30000A0FF0000440000007500000016000000AF
:10D31000DBFF00003D000000BE0000005D000000DB
:10D32000CEFF0000CEFF00005A0000009100000078
:10D33000F0FF000075FF0000DFFF00005B00000051
:10D34000070000009BFF0000DAFF00005A00000009
:10D3500037000000D3FF0000F3FF00001D000000B5
:10D360002C0000000C000000D9FF000005000000A8
:10D370004500000051000000030000001000000004
:10D380006A000000610000001F000000DEFF0000D6
:10D390001B00000051000000EFFF0000D1FF000063
:10D3A0003E0000005C000000FDFF0000D5FF000013
:10D3B000380000006D00000020000000DBFF0000CE
:10D3C0000900000007000000CFFF0000E9FF000097
:10D3D000FEFF000012000000FFFF0000DEFF000063
:10D3E000080000001A000000ECFF0000FBFF000036
:10D3F0005400000047000000E6FF0000E1FF0000CD
:10D400004A00000059000000E6FF0000CAFF0000CB
:10D410004E00000080000000F9FF0000E1FF000066
:10D42000430000005600000002000000BFFF0000A3
:10D430000F0000003E000000F9FF0000CAFF0000DE
:10D44000F3FF00002C00000004000000D5FF0000E6
:10D45000E8FF00001500000020000000E5FF0000CC
:10D46000D2FF00000500000011000000DFFF0000F7
:10D47000C7FF0000EFFF00000C000000E1FF00000C
:10D48000C3FF0000EEFF000004000000D8FF000012
:10D49000C9FF0000E5FF0000FEFF0000E5FF0000FF
:10D4A000C5FF0000DCFF0000EEFF0000DEFF000013
:10D4B000D0FF0000D8FF0000E8FF000002000000DD
:10D4C000EDFF0000DAFF0000D8FF0000A4FF00001D
:10D4D00095FF0000B4FF0000B3FF0000C1FF000093
:10D4E00093FF0000CFFF000063FF000065FF000016
:10D4F00032000000B50100005E01000034FC0000B5
:10D5000051FB000024040000E302000002F90000C7
:10D5100019030000D0F6000010FA0000831200008A
:10D52000E9FB0000B8FA00006D05000000F50000FE
:10D53000D201000046170000470A000008DD000085
:10D54000D4F50000151F000086EF000092F80000DF
:10D55000B00D00002CF60000F90300007804000074
:10D5600040090000B1F80000B3E900009414000085
:10D57000C207000081EB0000690100006613000093
:10D58000A8FC0000E8F700004B07000016F40000BC
:10D590000DFA0000C30C00002AFA0000FDFD000097
:10D5A0005C0200004D0300005A01000059F9000020
:10D5B000CA000000C4FF00002A000000990100001A
:10D5C0007E050000E6FE00001F160000DA0A0000DB
:10D5D000FED10000E80900006D1800006FE10000B6
:10D5E0009FFE0000990E0000FAFD00008905000072
:10D5F0008DF3000038EF0000111E000099080000B4
:10D600009DF40000860C0000240A0000170D0000A5
:10D6100064FA00003DEE000012F200003603000044
:10D62000600B00002BF60000D7030000B90A0000D1
:10D630000F010000CFFE000051FC0000BCFE000006
:10D640000BFA0000F5010000A0070000C4F3000081
:10D65000990500005A0C0000CDF70000811200006F
:10D66000800000000AE00000DE0000004909000020
:10D6700054F90000C3FF00004CFF0000690A0000DD
:10D68000A20C00002DF2000089FB0000600A0000DF
:10D69000420100006EFB000072020000BA20000090
:10D6A0001E1B0000C2CC0000C5E2000023200000C9
:10D6B000A4EF0000BBF40000BA0D0000A6010000BA
:10D6C000BBF9000057F4000063070000AF0E000034
:10D6D000E70700007CFB0000FD050000C21300000E
:10D6E00027090000D3FE00003EEB000036F00000EA
:10D6F000B80400000500000044FA00002101000009
:10D700007F010000A4FC000005F20000840100007D
:10D71000671D000074020000C8F10000BF01000096
:10D72000AAFD0000C7FB00000A0100002706000058
:10D73000B10A0000F4F7000076F200004BFF000091
:10D7400028F90000DFFA000019FD0000FBFE0000D0
:10D75000CA04000024FA00007004000089060000DA
:10D76000F201000008110000E0F50000B5FF000024
:10D770000E1B0000F0FC000023F90000CDF70000B4
:10D780006DEC00008DFC000050030000DBF9000090
:10D79000E5FD0000FA04000036F9000080010000F9
:10D7A000850A0000FDFC0000FB0800000A070000DD
:10D7B00066F5000061FF0000B10100006EFB000093
:10D7C0005D0A000033020000D8F200008E00000065
:10D7D000F0F8000083F40000DD040000CC0000003D
:10D7E000A2F700006004000054040000F2F70000FB
:10D7F000B6030000B60900009FFD0000F1FD000027
:10D80000B70D00004C0E0000B40C00004EF40000F8
:10D810001ADF00009AFC0000E7FD000031F800006C
:10D82000F20A00009B02000038EB0000A900000093
:10D830008B0F0000C4FD0000310E0000CD1D000064
:10D84000E0FE0000AF0300006A0D000079E5000073
:10D85000E9EE00005104000040F3000052F900001E
:10D860007309000047FC00002CF9000035F80000A7
:10D87000110D00003113000022FD000024080000FB
:10D88000C3FB000056FA0000540500007A010000B6
:10D89000120000006FFB0000D2FC00005DF70000EA
:10D8A000CDF800002CFF0000F5FE00008BFB00000F
:10D8B00042FC0000C9FB00007F0B00009E1200002C
:10D8C00031FA00006DFF0000DF0A0000AD0000002B
:10D8D000470400008E0F0000BFF2000024EF00009C
:10D8E0004EFD000057ED00006804000084070000B2
:10D8F000A8FA00009E1000005F05000031F2000051
:10D90000AE0300002E050000B0FB0000A6FD0000E5
:10D91000A7010000820D0000120B000018F70000A4
:10D92000D6F9000027FD0000D7F7000075F90000C8
:10D930003502000074FE000075F40000BD0D00000B
:10D940006F01000010FC0000F90B00009C030000B8
:10D9500088170000EDFC00004E110000D604000006
:10D960003ED300000206000091EC0000FBF5000031
:10D970007B0C0000E1F60000F503000058F1000008
:10D980002E0C0000A327000005FC0000C5F10000DC
:10D99000BA1600003107000086F40000610B000099
:10D9A00084DF0000FFEC00009B0C00000AFC00007C
:10D9B0003C040000D9020000A8FF00008CF5000024
:10D9C000ED100000E20C0000BDEE000017F40000B6
:10D9D0008AFE000069060000DA0900004408000021
:10D9E000180A00002FF5000001E10000D906000030
:10D9F000B8FE0000CDF60000E9FE0000FDF90000D1
:10DA000071090000F8F30000FD140000991B0000EC
:10DA10005EEE0000080C0000930800000FF6000006
:10DA2000C70100008BF9000020F7000022FD000074
:10DA30006BFB000057F6000003060000540D0000C9
:10DA4000B6FA0000A8F80000BFFE000078FD000054
:10DA500084080000F102000013F900009909000099
:10DA6000C70800007CFD0000DBFE000065FB000035
:10DA700035F000004BFC000035080000BCF500004C
:10DA800012F900007203000004FA00007D13000088
:10DA9000C80700008F070000431900005FF700006F
:10DAA0009D06000034EF00007AF00000880B0000B3
:10DAB00039E4000043F90000AF10000067F70000F0
:10DAC00025F300000E0800008D1D0000FE0600007A
:10DAD000AFF90000F00B0000A0FB000047030000BE
:10DAE0008401000033EA000001FC000018FD000082
:10DAF00045FD00009A0C0000C9FF0000C0FD0000B9
:10DB000058F900006FFD0000EC0E0000120000004C
:10DB100099FE00002FFB0000A0FF00006411000030
:10DB200028FD00003CF60000BCFD00003FF80000AE
:10DB30005FFB000046040000E1FB0000B4F90000B8
:10DB4000FC0100003EF60000900E0000DC17000013
:10DB500074FE0000D1060000830B000056F80000A0
:10DB600094F8000006FD0000CAFB000077FF0000EB
:10DB7000EBEF0000A7FF0000520800005DFE000070
:10DB80006D07000061FD0000FBFF00006105000063
:10DB900006FD0000C0050000E70900001F000000AE
:10DBA00011FB00001EFF0000F202000040FB00001D
:10DBB0003AF300001EFD0000B3040000BEF90000AF
:10DBC0001306000047010000EAEF00005B110000AF
:10DBD000C8090000A8FA0000B91300006B0E00008D
:10DBE000B6F1000080F20000B903000062F6000008
:10DBF0001DF60000BB020000BFFD000002FF000098
:10DC000088F900005DF30000CA1B00004D180000F9
:10DC10006FFD0000D70300009F000000FF00000020
:10DC200092ED0000CD070000FBFE0000CBDD000000
:10DC3000B1120000C00B00007EF50000880A000051
:10DC400087F300001101000047100000FDF70000FD
:10DC50008A09000035FE000083F70000CC0B0000AD
:10DC6000B0FF000029000000F7FF000071F1000084
:10DC7000C8F40000C6080000FDFF00002CFA0000F8
:10DC80004B070000AAF20000250C0000221B000038
:10DC90003CF900007FFE0000E0F4000020000000DE
:10DCA00008140000BBFE0000BCF70000D4EF000029
:10DCB00074F80000B00500003903000040060000C1
:10DCC0004F0100003AFD000024FD000037FE000077
:10DCD0005EFF000046020000A90100009E01000056
:10DCE0008F0C000044FD000023F5000044030000F9
:10DCF00014F70000F5F500004E0500004801000093
:10DD0000E2F90000F6060000F1FD00000BF900004A
:10DD10005B14000053FC000031FF000011160000EE
:10DD2000D3010000EF01000070EE000089F5000053
:10DD3000BFFF00005BF600009B0500005B000000D9
:10DD400000FC0000CB000000BCEF000099FD0000CB
:10DD50001E1B0000810700005D0E00005B04000038
:10DD60006CF500003CFA000010F50000DA09000034
:10DD7000A6F6000098EE00005A0800005F040000BC
:10DD8000160200005E010000F0F000002102000019
:10DD9000100F000050FF0000B2FE000054F9000018
:10DDA000DEFB0000BA060000560800009CF90000E7
:10DDB000BDFC0000BD020000C7F10000ACFE000089
:10DDC000270200004DF8000023FD0000E0010000E4
:10DDD000CE000000BBFF00007A1000009707000093
:10DDE00096FB000074030000D4FC00004D05000009
:10DDF00022FF00008DF40000990200006DF9000080
:10DE0000F0F70000F0FF000085FF000090FF000029
:10DE10006402000019FC000033F800000B11000040
:10DE20003C0800009BF80000C40F0000A4040000A0
:10DE300047F5000014FE00005BFA000088FF0000B8
:10DE4000CFFD000050F80000B2FB0000EA01000026
:10DE500049010000FDFE000082FC0000D1F000003E
:10DE6000920B00005A110000E1FB0000A508000021
:10DE700093070000B4F9000071FD000077FE000078
:10DE800061FB00000CFF00007FFB00001DFA00009A
:10DE90000FFF0000370200007AFF00009FFE000025
:10DEA000B80100005EFD000045050000A308000069
:10DEB0000DF9000080FF0000EC0600009300000058
:10DEC0006C0400007DFB0000D9F70000F3FF0000A8
:10DED00090F80000E40000005F040000BC020000B5
:10DEE000AE060000B6FC000086FD0000BDF8000094
:10DEF00020020000740B0000C3F700000E020000B7
:10DF0000AD0E00006BFE000098FD0000EDFA000071
:10DF100081F60000EF0400005F02000016FC000024
:10DF20008301000082FD0000B1FD000084070000B5
:10DF3000A3FA000023F80000EA0E000084FE0000AF
:10DF4000F1FA0000020A000011FB0000ADF9000028
:10DF500088FE0000A7FF0000A6FD0000730300007C
:10DF60003B0B000022FF0000D5000000A5000000D0
:10DF700051FE00007E050000A3F600001AFE00001E
:10DF8000D10500007DF6000031FC0000E8FF000034
:10DF90001DFF000020010000B401000064F8000033
:10DFA000A40000005711000064FD000051000000B3
:10DFB000A50F0000BCFA000054F900006EFD00003F
:10DFC00017FB0000F500000071FA000026F90000C0
:10DFD00008FE0000310300000AFF000012000000EC
:10DFE000EDF5000060F70000541500006806000021
:10DFF0003CFE0000670C0000AD0000009DF9000031
:10E0000069FF000063FC0000CEFC000092FE0000EF
:10E01000AFF90000B3FB00003D0100001401000057
:10E02000CCFD00000A01000036FE0000C3FD000028
:10E030008D0A00008D0400002FF900000C0600007E
:10E040006F0600006F0100000A030000F8F50000F1
:10E0500023FB00004D0000007BFA00002CFE0000B6
:10E06000FAFE00008F03000068000000A2FE00001E
:10E0700085FD000088FB00005D0B0000D407000058
:10E08000F0FC00002A0F00002E0A0000FDF700003F
:10E0900062FB0000C9F900003BFB000089FF0000A3
:10E0A000EBFA0000DEFD000076070000C6FC000071
:10E0B000E3FF00000D01000059EB00000B0D000014
:10E0C000C91700009BFB000023100000520800004D
:10E0D0005FF5000073FD00006DFB0000C0FA00005A
:10E0E00065FD0000B0FE000071FD0000A101000010
:10E0F00058030000DCFC0000D60100006AFB0000B1
:10E100001AF90000C714000039090000A8F6000041
:10E11000C5FF0000E3FC0000D5010000D1030000B2
:10E120006BFF00005900000003FA0000E8FE000049
:10E1300081000000EEF6000044FF00001E03000016
:10E14000C60000001AFE00007CFF00005D01000018
:10E15000F9FA00007B0A0000D307000032FC00003F
:10E160002D020000FF010000C5070000CAFC0000EE
:10E17000CEFC000081FD000050F50000B00300005F
:10E18000D5FC0000CDF80000D5040000800200009E
:10E19000FAFB0000B50000007CFE00007BF00000F0
:10E1A000F1080000301000006E020000760C000044
:10E1B0006F00000014FB0000F3FB0000E2FA000017
:10E1C00008FC00001FFD0000B9030000E1FD000095
:10E1D00087FC0000DDFF000002FF0000ACFB000038
:10E1E00058FF00006C04000083FA00003D040000AA
:10E1F000E70B000065F600004BFE00007002000017
:10E20000C5F80000DC030000B60000006E0100004D
:10E21000290300007CFA0000BAFA000056FD000055
:10E22000CFFF0000FEFC000081FF00004E01000057
:10E2300001000000DC000000B8FE000014FB00003C
:10E24000BCFF00006E080000B4030000F6040000EC
:10E2500002FF000023FA0000ED010000D4000000DE
:10E26000E5000000780000005C030000CCFF000027
:10E270009BFB000069FD000031FA000093FC0000E8
:10E280009DFF0000440300004AFE0000FD00000066
:10E29000B2FB0000DAF80000DA0D00008006000092
:10E2A00055010000A60600007C0300005BFE000094
:10E2B000B40300001B0200007FF300000100000017
:10E2C00034FF0000C7F800000302000096FC0000C5
:10E2D000F1010000ED030000CDFA00003002000063
:10E2E000A9FF000047F90000860400003F06000077
:10E2F000A5FD00001A080000110600002BF900001F
:10E30000BDFF000003FD000087FE00006C0300005D
:10E31000B8FC0000D4000000310000004DFC0000FB
:10E3200030000000BDFF000063FE0000E5FF0000BC
:10E3300093030000A3FC00002FFC0000CE050000AA
:10E34000380000004905000007070000B500000084
:10E35000740200002E000000B600000075FB0000F3
:10E36000BAFF00005B050000E003000060FE000053
:10E37000EEFB0000C00000003AFA00004FFE000073
:10E38000A101000066FF00001D0400000AFF00005C
:10E39000FA0000004B000000E6F700000004000057
:10E3A0005D090000E9FC000089000000F40700009E
:10E3B00062000000C3030000E40400007EF60000D9
:10E3C00042F80000B30100000CFE0000FCFD00005C
:10E3D000E9010000A9FD0000D00300009402000044
:10E3E000E9F8000021FE000095FE000030FE00006C
:10E3F00069FE00008A01000043090000BC02000021
:10E400006C0000004806000061000000FAFD0000FA
:10E41000F6FF0000C9FB0000E8FA0000E800000079
:10E42000FE00000009FD0000CCFF0000EF0000002E
:10E4300057FF000086000000CDFE0000B0FC000089
:10E440008DFF0000D0FA0000F8FE0000AE0A0000C8
:10E45000600300007FFF000040020000DFFD0000BD
:10E460007CFD00002C0000006BFC0000BCFE0000E6
:10E4700066030000940000009BFE00006DFE00009B
:10E480002CFF000080FE0000EFFE0000CFFF000028
:10E49000FFFF000085FF0000E5020000B6FF00005E
:10E4A000FEFA0000B500000029FA000074FF000029
:10E4B000830B0000BBFE0000430000004E0500007F
:10E4C000B5FB0000EEFF0000A1FF000084FC00008F
:10E4D0000D010000C0FE000021FE0000BD01000093
:10E4E0008802000002FF00009AFE000054000000B5
:10E4F0006AFD000024FF000087010000B800000052
:10E500003A010000C5FD000001FF000029FC0000E9
:10E51000F4F90000130C00008E0A00004BFB000011
:10E52000B501000036FD000010F90000B3FF000047
:10E530000BFC0000C2FF0000B60500002601000031
:10E54000A2FF000024030000F4FF000076FF00009B
:10E55000E7020000E2FD0000AEFB000078000000D2
:10E5600075020000140000002EFE00009CFE00005A
:10E57000DE00000095FF000007FD000080FF0000A6
:10E5800025020000D20300000D010000F0FF000092
:10E59000F0FF0000C1FF00007500000099FE0000C0
:10E5A00072010000C401000094000000ED000000B2
:10E5B0006AFF0000C60000006C0100008AFE000037
:10E5C0006FFD000095FF00007000000068FF000074
:10E5D000DA000000D701000032FF00008DFF0000CC
:10E5E00001000000D8FE000020FF000090FD0000A8
:10E5F0003EFF00008302000014020000F9FF00004B
:10E60000C1FE00008B010000A5000000BFFF00005C
:10E61000E201000001020000500400009E00000022
:10E6200060FB000043FD00000DFF000022FE000023
:10E6300072FE0000080100002D0000009BFF00009A
:10E6400026000000FAFD0000CFFE00006700000079
:10E650008CFE000079FE0000E2FF00004101000096
:10E66000DD0300002F0100007401000073050000AD
:10E67000D5FD0000A1FF000013020000F9FA000020
:10E680008D0000001CFF000023FC0000760000004D
:10E6900071FF000050FF0000E9FF000037FF00009D
:10E6A0002CFF000049000000C5FE00006EFE0000C7
:10E6B00043000000D7FF0000B1FF00002F01000061
:10E6C0005F00000048FF0000B2FF0000B2FF000042
:10E6D000B0000000A7FF0000720100001A02000055
:10E6E000F5FE00007B0100003000000085FD000009
:10E6F0004E0100001C000000DFFE0000D3FF000000
:10E70000F4FF000086020000D7FE0000CEFD0000EE
:10E71000080200006800000092FF00006BFF00008C
:10E72000A1000000370100006AFE0000BD000000EB
:10E730004300000056FE0000F90100007C000000CC
:10E74000FEFE0000B6000000D1000000F0FF000057
:10E750003BFE0000F4FD0000C2FF00004E0200007E
:10E760004C02000027010000CF0000004301000020
:10E77000C3FF0000AAFE0000C6FE00002FFF00003D
:10E78000520100009200000070FF000050FF0000E6
:10E7900073FF00000EFF0000F2FE00008C0100007D
:10E7A000A200000050FF00003602000070000000D0
:10E7B000F1FD000057FF00000D000000990000006F
:10E7C000FCFF0000BDFF0000A7000000EBFF000001
:10E7D000F6FE00007FFF0000A1FF000003FF000025
:10E7E000FBFF0000280000002EFF0000F3000000E7
:10E7F000CB00000039000000F20100009F00000083
:10E800007BFF000020010000C9010000ACFF0000F8
:10E8100096FF0000E00000001D000000F0FF000077
:10E82000030100002101000093FF000093FF00009E
:10E83000C8000000ED000000D0FF000066FF0000EF
:10E84000FCFF00000A010000CE01000059FF00009B
:10E850004AFF0000620100003C0000004700000089
:10E86000BAFF0000D8FE0000C600000097000000BC
:10E87000ADFE000050FF0000B7FF0000AAFF00003F
:10E880000D01000082FF0000670000006702000029
:10E8900019FF000069FF0000EC0000008BFF000082
:10E8A00097FF00002600000097000000ACFF00006A
:10E8B0005BFF000038000000C0FE0000BEFF00004B
:10E8C0002B0100008FFF000085FF000063000000A7
:10E8D000B6000000DEFF0000C0FE0000CEFE00001B
:10E8E000430100009401000010000000B900000086
:10E8F000C2000000430000009EFF0000E8FE000090
:10E9000090FE0000BD000000F800000099FF00002C
:10E9100097FF000030FF00001F0000004DFF0000C7
:10E920005FFF00001B010000BBFF0000390000007A
:10E9300076010000D7FE000055FE0000BAFF00007F
:10E940002000000045000000AEFF00001C00000099
:10E950009200000087FF00000DFF00009EFF0000F6
:10E960006BFF00004EFF00005500000096FF000006
:10E97000AFFF0000480100002D000000F100000082
:10E98000C4010000CCFF0000F1FF0000C70100003F
:10E99000100100002CFF000049000000BA00000038
:10E9A000D6FF00004E000000520100008B00000066
:10E9B00044FF000014000000080100008F00000068
:10E9C00072FF00009DFF00004C000000A20100004B
:10E9D0001B010000A2FE00006E0000002B010000E1
:10E9E000FFFF000059000000BDFE000082FF000094
:10E9F0003901000083FF0000D4FE000095FF0000F5
:10EA00003AFF0000A4000000F500000009FF00002C
:10EA1000A4010000BE010000DCFE000010000000A8
:10EA20004600000045FF0000F9FF000076000000EE
:10EA3000E8FF00007CFF0000C3FF000029FF00008A
:10EA4000EAFE0000590000004400000087FF0000BB
:10EA50007FFF00006E000000BC00000016000000F8
:10EA600010FF0000FBFF0000E701000022FF000094
:10EA7000F6FE00000A010000C7FF0000C9FF000009
:10EA80004800000035FE0000B7FF0000D201000082
:10EA90002AFF0000BAFF00005AFF0000B5FF000087
:10EAA000B801000033FF00007DFE0000FBFF000006
:10EAB000200000007AFF000015FF000065FE000046
:10EAC000D1FE0000D0FF00004BFF000072FF0000ED
:10EAD000E6FF00001A0000009C000000E6FF0000B6
:10EAE000B6FE000068FF0000530000001B0000009D
:10EAF000B5FF0000CAFF0000E0FF00002B0000008F
:10EB00004B00000092FF000036FF0000A4FF000051
:10EB100099000000F1FF00005EFF00007800000097
:10EB20007B000000C4FE00009DFF0000AC00000060
:10EB3000DDFF000098FF000093FF0000FF000000D1
:10EB4000F3FF000045FF0000BA0000005AFF00007C
:10EB500050FF0000C9000000E6FF0000A2FF000017
:10EB6000AE0000004C0000009DFF000045000000CA
:10EB7000F2FF00002200000039000000C9FF000081
:10EB8000BE000000FEFF0000FFFF0000910000003B
:10EB90006BFF0000E4FF00002501000092FF000071
:10EBA000ABFE0000070100003900000014FF000068
:10EBB000FE000000F3FF0000E9FE000090010000ED
:10EBC000A00000006AFE0000810000008201000039
:10EBD0002500000021FF0000A20000009A000000B4
:10EBE000250000009B000000D1FF0000DE000000B7
:10EBF0006200000041000000A800000051FF00007A
:10EC00008F000000B9000000120000008800000022
:10EC10005F0000008F00000050FF00004E00000069
:10EC20006B0000009DFE00006B000000170100005B
:10EC30003B0000001A0000007D0000000200000000
:10EC400038FF00003100000068000000D8FF00001D
:10EC500065000000BA0000002E000000B8FF0000B0
:10EC6000E9FF000011000000DDFF00007800000057
:10EC7000530000004A000000650000009DFF0000F6
:10EC800068000000520000007CFF00002A00000025
:10EC9000760000007DFF000071FF0000C100000051
:10ECA0009F000000A4FF0000D6FF0000ABFF0000A3
:10ECB0007DFF00004A000000060000005BFF00002E
:10ECC0001800000056000000EBFF00001B000000D1
:10ECD000EBFF00002EFF0000A7FF00005C0000001B
:10ECE000E5FF00002600000099FF000077FF00000C
:10ECF000520000002200000066FF000005FF000037
:10ED0000F8FF0000570000001E000000780000001F
:10ED100091FF00001CFF0000A80000006800000038
:10ED200008FF0000BFFF00001E00000042FF0000BF
:10ED300020000000BCFF0000C0FE0000C7FF000074
:10ED400025000000CFFF000090FF0000BAFF000088
:10ED5000B6FF0000BFFF0000C1FF000087FF0000FA
:10ED6000B1FF000050FF0000B4FF000048000000A9
:10ED70005AFF00008DFF0000FFFF0000D6FF0000DB
:10ED800080FF0000CFFF0000B9FF000037FF000048
:10ED90003F0000002300000065FF0000ADFF000001
:10EDA000A4FF00009CFF0000AFFF0000B2FF0000C6
:10EDB000DDFF000013FF0000EEFF00006000000018
:10EDC000D9FE0000B3FF0000F5FF00003BFF00008C
:10EDD000DFFF0000F6FF0000C1FF0000C4FF0000DD
:10EDE000CBFF00004A000000F7FF000034FF0000E6
:10EDF0000500000039000000D2FF00000D000000F7
:10EE00003B0000001E000000FCFF00004900000065
:10EE100030000000F7FF0000430000005E0000002B
:10EE20006B000000610000002C0000005B0000008F
:10EE30004100000023000000790000005F00000096
:10EE4000F3FF0000600000007A0000000A000000EC
:10EE50003C00000050000000620000005D00000067
:10EE6000430000008E00000023000000F7FF0000B8
:10EE7000960000002E000000EEFF0000630000007E
:10EE80006D0000005C000000510000006300000005
:10EE9000530000007300000050000000FFFF00005E
:10EEA0004E0000004E0000001F0000006300000044
:10EEB000600000004900000043000000470000001F
:10EEC0003E00000012000000280000003A00000090
:10EED00052000000600000005E00000043000000DF
:10EEE0001B00000020000000470000001700000089
:10EEF000020000002A000000200000003100000095
:10EF0000FEFF00001200000017000000D6FF000006
:10EF10001E00000022000000E0FF00001A000000B8
:10EF200024000000090000000D00000006000000A1
:10EF30001B000000D8FF0000E4FF000037000000C5
:10EF4000EDFF0000F3FF000017000000E9FF0000E4
:10EF5000F3FF00000A000000D5FF0000CDFF000015
:10EF60000C000000ECFF0000D2FF0000E8FF0000F2
:10EF7000DAFF0000F5FF000001000000BFFF000005
:10EF8000CDFF0000E5FF0000CCFF0000F7FF000010
:10EF9000EEFF00009FFF0000D5FF0000F7FF00001C
:10EFA000AFFF0000BAFF0000FAFF0000CEFF000034
:10EFB000CFFF000007000000CAFF0000C2FF0000F2
:10EFC000F5FF0000DBFF0000C0FF0000E8FF0000CD
:10EFD000D2FF0000C2FF0000F6FF0000B6FF0000F5
:10EFE000ACFF0000E5FF0000A9FF0000C7FF000024
:10EFF000F0FF0000AEFF0000B1FF0000D7FF0000EF
:10F00000BBFF0000B2FF0000C9FF0000BFFF00000F
:10F01000C4FF0000D7FF0000BFFF0000C5FF0000D5
:10F02000D7FF0000CCFF0000D6FF0000C9FF0000A2
:10F03000C4FF0000DEFF0000E2FF0000D0FF000080
:10F04000DEFF0000DBFF0000E9FF0000050000001C
:10F05000FDFF000000000000F6FF0000F0FF0000D0
:10F06000DEFF0000F2FF0000FDFF0000E1FF0000F6
:10F07000D8FF0000FFFF0000E7FF0000F1FF0000E5
:10F0800005000000FFFF000025000000D6FF000083
:10F090003E000000A0FF000075FE000015FF00000C
:10F0A000F00400003000000060F900003E0700009E
:10F0B000F502000044F600004902000011070000BC
:10F0C00099FB000051FC00005505000087FE000080
:10F0D00033FE00005300000018FE00004102000053
:10F0E0004EFE00000BFD00007FFF00002402000028
:10F0F000ED0000000E1600001BF70000DDE0000030
:10F1000030220000FA0200004FDF00001F0600005E
:10F1100099100000FB040000B0E9000028F2000094
:10F12000B4320000DEF400004AD20000882500005E
:10F130004A0A000095E80000BC000000F30300004C
:10F140000E0B0000F90D00003CDB00006701000021
:10F15000B21E00003FE90000A4EF00004C130000C5
:10F16000250E00001AE80000590200007A0B00008A
:10F170000FF6000018FC0000E90100005700000035
:10F18000ABFF00009E150000BAE8000067EF00002A
:10F19000EA26000026F20000C0EB00002A0C000066
:10F1A0008502000051FD0000F0FC000013FE00008D
:10F1B000230800009405000026F60000F4FF00007C
:10F1C00025070000CFF80000DDFF00006802000006
:10F1D000A2120000E902000011DE0000E7140000A6
:10F1E0005F0E000018DF0000F9000000A10E000013
:10F1F000E6FD000071F800005DF900002308000042
:10F2000014130000B3FC0000EEF4000061080000DD
:10F210003A060000F0F7000059FA00006C0D0000FB
:10F22000B50700009BFB00002EEE0000620C000002
:10F2300064060000EBDD0000DB100000BA080000EF
:10F240006EF900000AFF000058FF00004C0B0000A0
:10F250008EF200009A030000AF01000039FA0000AE
:10F260008506000086000000760600003BF30000E3
:10F27000E3FF0000160B000020F00000B8FC0000C7
:10F2800074040000DBFB000004FE000078010000B5
:10F29000BAFE00002F01000052000000B6FB000083
:10F2A0004CFC00003EFE00008E09000060000000E3
:10F2B0001C04000018050000E7F000001603000021
:10F2C000350100000BF1000032FC00007507000062
:10F2D000D7FB000014F40000AD0C0000EDF90000B5
:10F2E000C8060000FD0A000023F50000720B0000B4
:10F2F0001F000000A0020000E5060000CDFA00009B
:10F3000035F80000B60B000001F70000F7E9000037
:10F31000E60A0000040300009DF500002CFF000039
:10F3200093060000E7FE00008F00000073FE00005F
:10F33000FF0900001C070000A0FC00007D02000087
:10F34000E600000082FD000075FF000092FF000053
:10F3500059F40000170200002B0300008CFB000092
:10F3600095FC0000920800003AFF00000CFE00002F
:10F370002CFF0000E7FA00003C0C0000E6F400005F
:10F38000EA030000120B00008CEF0000C10D00002A
:10F390007101000048F10000670B000085FA0000D1
:10F3A000C5FB0000BA0300003E0200008700000019
:10F3B00002FD0000CAFF0000DC0100004700000061
:10F3C0000DFA000012050000A3080000D508000097
:10F3D000D40200005DF80000E1FD0000D70A000043
:10F3E000E8F700006DEF0000C70C0000F604000015
:10F3F000FBF4000005FC00000C0D0000CCFA00003E
:10F40000AE0500007913000072F5000084050000CD
:10F41000F90B00002800000081FB0000C5FF000080
:10F42000070A0000FBF7000021EF00009009000030
:10F430008B020000BBF10000E80100003B0500006A
:10F44000C8FF00009E09000097020000EAFC0000CF
:10F45000DC0A0000EAFE0000CBF400009F0500007B
:10F46000330600004AF7000010FE000034000000E0
:10F47000550800003CF400002BF400005710000079
:10F4800080F40000F5FE0000BC060000D6F9000084
:10F490000C0200005D03000038F6000016040000B6
:10F4A00010060000AFF2000027050000B6040000BF
:10F4B000D2F90000D1FB0000450300002701000045
:10F4C000FBFC0000CE010000D4FA0000FE010000A9
:10F4D00050FF000010FC00000405000009FF0000C0
:10F4E000DE07000089030000CCF700001CF80000D4
:10F4F000090F000081FA000058EF000034090000F5
:10F50000EB030000FDFB000075F400005C09000047
:10F5100045FF0000330200006F090000C10A00002F
:10F52000400D0000EAE900005C0300001813000031
:10F53000D9F10000E5ED000078040000041300009C
:10F54000B1F5000031E5000064110000EC16000088
:10F55000EBED0000DCF20000AF14000079070000C2
:10F5600095EE00001F050000DF0B000003FA00000D
:10F57000ACFE000010FE000052F40000C2060000C5
:10F58000E80300005DF40000760200005807000068
:10F59000510200002BFB000008000000DC09000005
:10F5A0006E0100003EFA0000F4FE0000F8010000C9
:10F5B000030200007DFB000025FC00005E0300004C
:10F5C00018020000DFFA0000FFFA00005E030000EE
:10F5D0002200000059010000F9FD00002F0C00007E
:10F5E0009BF800003EF700004111000072F6000099
:10F5F00008FC000049040000050200001DFE000098
:10F6000018F90000760600002E010000F4F6000054
:10F610001702000008030000B0FD00007BFB0000A3
:10F620001B030000FD0B0000BD0200000BEE0000FC
:10F63000E6FB0000E31B0000A5F30000E5E5000089
:10F640006515000037080000C2EF0000D9F4000083
:10F65000010E0000CD06000097F400001A0B000018
:10F6600022070000AE050000F0F8000021FD0000B8
:10F67000D20A000076FC0000F9F6000093F50000C5
:10F68000030A000016060000CAED00009EFD0000FF
:10F690005B0D00007B0B0000F3FA000071F7000027
:10F6A000DF1000008F030000E1F2000059010000AC
:10F6B0003D0600002D000000F5F7000011F80000E5
:10F6C000610B0000F5030000F7F00000DA03000012
:10F6D00072080000D2F9000099F70000151100002F
:10F6E000450C00003CE9000041FF000071100000E3
:10F6F000A6F80000A6EF0000B606000020080000F3
:10F70000A6FD000070F40000FA020000F31D0000E6
:10F710009AE30000BEF50000822000006DEF0000BB
:10F7200047F2000030090000730500005307000095
:10F7300048F1000050FE0000960F0000C7F40000E2
:10F740004FF10000B00700002B10000090ED00000A
:10F750009A0200003610000043F4000062FC000032
:10F7600084FF00009D0E000046090000CEE400006A
:10F770006B0400007D1C00002FEB000077F0000000
:10F78000571200002F030000E7F200006EF900009E
:10F79000CB0C000099020000E4F3000052020000CC
:10F7A000DE09000001FE00008EF800001F160000B8
:10F7B000BF02000058E1000064120000DF120000E8
:10F7C0002AD800009B000000941E000057F00000A3
:10F7D000F4F70000F20200004C100000AD01000040
:10F7E0009AFE0000B910000092F00000CB04000067
:10F7F0006C0F00003FE5000022040000B517000078
:10F80000A8E60000E80300006F0E00005FF70000AC
:10F810006AF3000025010000360C000025FC000002
:10F820002C13000097EC00006FFC00005320000038
:10F83000EEDE0000E1F40000CC1500006DFC0000DD
:10F840008DF60000250200009DFF00000A13000055
:10F85000AB0100000EDE0000091E0000740D000068
:10F8600071D7000042060000F51D0000C5F400003D
:10F870000DE3000008130000EA0A0000A0E7000002
:10F8800077F500009511000054090000DCE200004B
:10F89000CF05000011100000FAFA00005BFE000026
:10F8A000A4000000950C000025F80000A7FB000054
:10F8B0002E080000BFFC00001BFF0000EEFF000050
:10F8C00052FC0000ACFA0000B5000000F5FF00009B
:10F8D00072FB00003D040000D5FB00005FFE00004D
:10F8E0003204000068F700005D130000F8F9000022
:10F8F000BDE80000D11900004E000000BAE8000089
:10F90000100600006B0C00003FF7000090F40000B0
:10F91000FE08000066070000C2F3000060FE000061
:10F92000BE060000D4000000BAF800009B040000EE
:10F9300063100000CAE8000026FA0000D21A000096
:10F94000A3EF0000B8E60000BE1A000007040000A4
:10F950007AE7000038090000F9080000F9FB000010
:10F960006F050000561800008EEF00005DF00000EB
:10F970001E1F0000A4F9000042E4000083100000F4
:10F98000B4090000A1ED000040FE0000FC0E0000E4
:10F990002B02000022ED0000390900008A0500005A
:10F9A000DCF60000B4FC0000DF070000761C00005D
:10F9B000B8E30000C2EC0000022B000033F30000AB
:10F9C0009FD80000FF1D00000510000041E200006C
:10F9D000C005000025070000280A0000B80A000042
:10F9E000AEF30000D0FF0000DC100000C3F90000FF
:10F9F00011EC0000670F0000B209000029F20000BE
:10FA0000B1F800006A06000051FC0000E7F70000B2
:10FA1000EAFF000013030000A806000055FA0000EA
:10FA200084FE000038100000BA070000D3ED00008B
:10FA3000C9010000661300002AF100004BF4000029
:10FA4000F8100000680100001DF200001D01000018
:10FA5000FD060000D6FD00003DF900004201000057
:10FA6000B803000086FE0000AEFB00001006000098
:10FA7000260700008DF5000062FC00004E08000023
:10FA8000A1FC000010F60000010500007604000053
:10FA90007CFA000062FF00003903000073000000E0
:10FAA000B4020000E2010000A2FE00006C0A0000A7
:10FAB0007EFF000089F00000070400009A0A0000A1
:10FAC000C0F70000F3F20000EB090000E0060000C0
:10FAD00081EE0000F9FF0000610B000068F60000F5
:10FAE000B5F900005115000078080000C1E90000D8
:10FAF00004000000CF11000076FB0000A0EE000023
:10FB0000B8030000B00F000032F500007CF30000E5
:10FB1000D40C00006E05000052F20000D501000078
:10FB2000050D00009C0300009600000013F7000084
:10FB300085FC0000AE070000F5FF0000D3F00000D8
:10FB4000AEFA00007A1800002FF5000036EB000036
:10FB5000D51400001F02000052E40000CC15000084
:10FB60008D2E0000A6D8000010E90000942C0000A3
:10FB7000B802000095DC000070F70000701E000065
:10FB8000D5FC00003DDF00000F0A0000FC1D000056
:10FB9000E3F2000015EE0000041800004C00000025
:10FBA000AAEF0000B30D000004070000A9F2000056
:10FBB000E6FF0000C705000062ED0000DEFE000069
:10FBC000760C000041F60000B0F80000E6080000E6
:10FBD000B90E000086FC000044FC0000590800003B
:10FBE0007F0100006AF8000086FD0000D5030000D8
:10FBF000A3FF00007AFE00008DF80000EC01000079
:10FC0000A906000038F4000077F900005C0B000042
:10FC1000A5010000DCFA0000F8000000FDFC000077
:10FC200048060000AA01000003F200000F050000D2
:10FC30004E0B0000B9F50000FEF800003F08000080
:10FC40002E01000059F90000E8FC00006C030000E0
:10FC5000E302000079F80000DAFE0000300900003D
:10FC600015040000EFFD00002EFA0000CDFF00009B
:10FC7000C6030000D5FF000074F800003E0000003D
:10FC8000FB0A000056F80000D7F700000907000043
:10FC90001F02000049F800005A0000002411000073
:10FCA0001606000021F6000039FE00004A07000099
:10FCB000B9FC0000E6FA0000BCFD000042FF0000B5
:10FCC0001F0800000CF800002CF80000A50A000036
:10FCD0004BFF0000AEEC0000C20D0000B127000099
:10FCE000DBED0000F4E50000AB130000500E000057
:10FCF00090ED000044F00000540D0000D709000012
:10FD0000EEEF000013F40000871800008A060000E0
:10FD1000BEEB000073030000400B00006DFA000012
:10FD2000B6FC0000730F000095FF0000B7F0000064
:10FD30001B050000E204000054ED0000F6FA00008C
:10FD4000C40F0000BDF90000E5F300007E090000CB
:10FD5000EA0A00001C080000B70800002AFD0000A5
:10FD6000CAF60000EEFF0000320300005BFC00005A
:10FD70002AF80000C4FF0000E70B000061FC00004F
:10FD800098EC000023000000490C00004BFB000031
:10FD9000FEFA00002E0D0000D2030000CFF5000097
:10FDA00021FF00009B060000ADFF000062F800008C
:10FDB0008D00000039090000F9010000F9F8000089
:10FDC00071FC0000B3050000FD000000FCF700001E
:10FDD000E9FF0000BA0D000038060000A5EF0000A2
:10FDE00084F900006D0E000097010000DFF20000B2
:10FDF000E4FB00007C0C0000B60500004FF300009F
:10FE000040FC0000040900005900000032FB000023
:10FE100087030000CB0C00003D0600002DF600001B
:10FE200002FC0000BC0500009D010000BBFA0000C0
:10FE30000FF60000190400001D0B000055F700002C
:10FE400088F50000900B00003E0900003CFA00001D
:10FE5000AE010000F60D0000150700004EF3000093
:10FE60004AFA0000BC0A0000B2010000E9F10000FB
:10FE700022F60000C10A00000B06000018F2000084
:10FE800053F90000DA0E0000A908000000FC000091
:10FE9000030200002F06000059010000A6F8000030
:10FEA0006EFC0000A5050000F7FE0000E6EF000074
:10FEB00040FB00007E0C000096FE00002BF50000C9
:10FEC000320200009A0C0000480600000EFC000000
:10FED000DDFC0000AF04000019010000F0F7000095
:10FEE00087FC0000AC0400003FFD0000CDF20000E4
:10FEF000DF000000360A00007FFA0000AFF50000C6
:10FF0000C4070000770D0000E4F90000C9F5000007
:10FF1000BD060000060C0000CAFC0000B2F40000A0
:10FF2000DB010000B7090000E2FC000063F0000004
:10FF300002FE0000AD0B00004EFF0000D2F40000F6
:10FF400081010000E90E00003F0500002EF70000CF
:10FF50000FFD000082070000150300002CF90000CF
:10FF6000ECF90000980400002505000056F8000098
:10FF7000F8F80000CC070000C50500003EFB0000BB
:10FF8000480100003D0900004CFF000066F500003C
:10FF900064040000BB0E0000FAFC000052ED0000FB
:10FFA00012FB0000D80E0000E404000015F0000071
:10FFB000C3F70000A90E0000D4080000A1F900005A
:10FFC000EAFE000047070000150200009BF8000051
:10FFD00018FD0000690500008EFE00000BF5000012
:10FFE0008B010000560800008BF90000B4F70000F8
:10FFF000AE040000AC09000046020000E3FB000074
:020000040001F9
:10000000FFFFFF00FFFFFF00FFFFFF00A3F800005E
:100010004E0000008306000039FB0000C8F200001B
:100020001A030000610800005EF80000E4F7000019
:10003000F40A0000E20A000088F60000EAF8000076
:10004000DB090000270A0000DBF9000038F6000099
:10005000B1040000F8070000CCF800005DF00000DB
:10006000730100000A0C000021FC000031F30000C5
:10007000F8030000940F0000ED02000041F70000BB
:10008000B9FE0000100900000902000072F800002B
:10009000D6FC0000EA030000E80100006CF9000053
:1000A00063FA00004A050000240400007AFB000007
:1000B0008F00000034040000A5F900009EFA000043
:1000C000B80D0000851000001FF60000A3EA000034
:1000D000B301000066120000020400004AEC0000B8
:1000E000CEF30000CA0F0000640A0000F7F200001F
:1000F00085FA0000060B00005E04000063F80000B3
:10010000E9FB0000270500004A040000F704000096
:100110008D06000092FA000017F40000F2FE0000C5
:100120004303000070FC0000F1F900008B000000A8
:10013000DA07000087FF000040F8000056020000C8
:10014000E812000001150000E8FC0000AAE9000028
:1001500079F30000420500007C0800009E000000CA
:100160007EF7000092F900009603000036090000B7
:100170004604000046F80000E7F40000A9FB000078
:1001800058030000FB0600009F0C0000CE0A000090
:10019000D6F9000005EE0000DCF5000002060000C4
:1001A000FE07000012FC00009FF900000805000097
:1001B00010070000DEFD0000FDFE0000080B00003F
:1001C0002D0B000090FB000031F2000054FC0000F9
:1001D000F10900004406000094FB0000FFFA000053
:1001E00079000000CAFD0000E5F6000053FB0000A6
:1001F0001105000060060000DAFE00006AFA000047
:10020000EA0200003D110000081300005501000043
:1002100097EE0000E3EF000022000000010A00005A
:10022000510400006DF900002EF90000B402000036
:100230002E05000054FF000016FD0000C3FE000064
:100240007EFB0000CFF80000B40800005317000048
:10025000980800007CEF000003EB0000C7FC0000E2
:10026000C8090000650300009FF9000008FC0000B9
:10027000E00300000F020000AAFE00005707000084
:100280005D0C000083020000D5F4000044F2000081
:100290009CFE0000CD0A0000D109000089FE00008C
:1002A000B2F6000054FA0000DAFE00003CFD000047
:1002B0005AFC000010000000DA04000014020000E4
:1002C00013FB0000960000002C0F000094110000AA
:1002D000A601000066EF000061EE0000D6FD000000
:1002E000300A0000F908000099FE00007FF50000C8
:1002F0009CF7000034000000EE040000C401000080
:100300001BFC0000E5F80000DA0000002C130000E0
:10031000C713000058FE00001AEC0000ACED00000E
:1003200040FF0000560A0000C3030000A7F90000C8
:100330006BF900009401000053050000B2020000B8
:10034000DE020000F0040000070400005DFD000074
:10035000F7F4000029F7000037040000A20C0000A9
:100360005B080000BFFD0000A7F600009CF4000041
:1003700040F6000015FD00006C0600005A0A00005F
:1003800092030000BBF900000AFD00006C0C0000A5
:10039000E313000086090000FAF5000093EA00006C
:1003A00092F0000011010000920C00000209000010
:1003B000B6FD0000B4F7000018FA0000AD00000020
:1003C0007E0300009100000017FC000066FC0000A6
:1003D0006D070000DA110000DB0D0000AEFD00002B
:1003E000F7EC00000EEA0000E7F60000C10500008F
:1003F000490B0000A70700006401000066FC000034
:1004000007F9000075FC000046070000E70E000039
:10041000500C0000630200004BF8000093F3000052
:100420001EF5000092FB00006C0400002308000091
:10043000690300009AFC0000FDF90000E3FB0000E6
:1004400059FE0000B70000003E050000760A0000DB
:100450009A0C000042090000B9000000E3F500001A
:10046000A4EE00007EF20000D5FF0000800900002D
:10047000250900009A030000AFFD0000F0F800001D
:10048000FBF700007CFE0000CC070000D00B000052
:100490005D0800006501000014FD000097FB0000EE
:1004A0000FFB000049FC000040FF00007700000047
:1004B000DDFD00006EFB0000CAFC0000FEFF000036
:1004C000C2010000B60100008302000061060000C6
:1004D000330B0000CB0C0000DE06000035FA0000F4
:1004E00019EF00002AED0000AEF500004802000000
:1004F000380A0000C00A0000050500003DFC0000AD
:1005000089F60000CCF80000F4000000F5070000B8
:10051000A90900006C060000A3010000F1FD000025
:1005200000FC0000B0FB0000D1FB00002DFB000030
:1005300030FA000093FB0000CEFF00002D04000005
:10054000CE0500001D0300009EFE00009FFD000080
:10055000C1020000900A0000A60E0000EB09000096
:10056000BDFC0000CBEE000048E9000050EF0000A9
:100570005BFC000044090000670F0000570C0000FE
:10058000C903000033FB000021F700000EF9000052
:10059000D3FE00008E04000034070000CE060000E9
:1005A0008B0400006401000064FD0000ACF8000052
:1005B000C7F4000042F400008FF80000470000007C
:1005C000D3070000940B00009B08000066010000A8
:1005D00079FE0000B0010000D5060000BC08000054
:1005E0008F0300001FFA0000F4F1000033EF000059
:1005F000BFF3000075FD00009B070000AD0C00007C
:10060000740A00001704000036FD000086F900009F
:100610007AFA00007FFD00009900000098030000B6
:100620003B060000F606000074040000A3FF000073
:1006300053FA00004FF500006BF20000BCF400001C
:10064000B9FC000063060000E20B0000420A000053
:10065000DB050000BA040000B9050000EB0500004E
:10066000E40300003CFE000045F600005DF00000E1
:1006700060F0000083F60000DAFF00005B08000075
:10068000C80C0000F00B000035060000A3FD0000C0
:1006900046F70000E1F600000EFB00008F000000AE
:1006A0007C05000088080000A20800000506000084
:1006B0008401000005FC000057F6000012F2000063
:1006C0003BF20000FBF70000DA000000DB0800004E
:1006D0009A0B0000F6090000B80800002C08000082
:1006E000720700003B0500001AFF0000B2F6000090
:1006F0005AF00000CDEE000062F2000034FA000073
:1007000040040000CF0C0000A00F00004A0C0000C5
:10071000F9040000BAFB0000EFF40000F7F300005A
:10072000E8F800006B01000025090000D20C000071
:10073000050C000066070000EDFF0000B5F70000A3
:1007400050F100005CEF0000FFF20000B0FA000082
:10075000C6030000370A0000270B00000E0A000045
:10076000240A0000F90900005E0800005904000096
:10077000C7FD0000EEF5000028EF000017ED0000B7
:100780001CF10000CBF9000030040000AE0C0000AA
:10079000F0100000760F000081070000ABFC0000A5
:1007A0008AF5000081F4000072F8000014000000D7
:1007B0002A080000CE0C0000290C00003B060000B7
:1007C000BCFD00000EF6000023F1000099F00000CF
:1007D000FAF40000E0FC0000E60400004609000016
:1007E000A20900001409000049090000A509000041
:1007F00030090000EE05000056FF00000AF7000077
:1008000073EF0000D1EB000017EE000025F60000AA
:10081000BC0100002C0C00006F110000B61000009D
:10082000470A00008E000000BDF80000C9F5000076
:1008300077F80000A7FF0000E20600005F0A000052
:10084000F00800003F030000ADFB0000CFF4000003
:100850003DF10000E0F20000E4F80000720000004A
:100860002106000073080000C10800005D080000B8
:10087000E4070000A7070000BA060000E603000036
:10088000CCFE000011F80000E4F10000DAEE0000F8
:1008900043F0000005F60000E8FE0000C907000074
:1008A0002A0D0000040E0000650A0000B1040000DB
:1008B0009D0000004EFF0000A5000000DC020000CB
:1008C000FD020000E1FF0000A0FA000075F5000045
:1008D00090F20000AAF30000EDF80000860000008E
:1008E0005D070000D80A0000630A0000DF06000070
:1008F00039020000CEFE00001FFE0000E4FF0000F1
:10090000570200007F0300004902000003FF0000BF
:10091000B4FA0000CFF600001BF5000091F60000CD
:10092000E0FA000073000000540500001008000009
:1009300010080000B0060000530600002F0700005A
:1009400095070000FE050000A701000026FB00003F
:10095000ECF30000C1EE000071EE000074F3000043
:100960007DFC0000500600007F0D000021100000FB
:100970000F0D00002B050000C9FC000037F8000037
:100980006CF800007CFC0000A0020000A40700003E
:10099000EF080000F1050000A0FF0000CAF8000009
:1009A000F2F3000072F2000006F50000FFFA00000A
:1009B000270200008D07000049090000B008000070
:1009C0005C080000B1080000F5080000D307000033
:1009D000790300003FFC000014F40000B1ED0000BA
:1009E0001BEC000084F0000028FA0000E105000084
:1009F000C10E0000DB110000030F0000E60600003E
:100A000048FD00000FF7000016F60000B7FA0000DE
:100A100085020000AB0800006C0A00004C070000D3
:100A20009600000000F9000000F3000037F100001C
:100A3000ACF400009DFB0000DB0200004F0700004B
:100A4000B2080000A90800002C080000CB07000035
:100A500078070000FE0500005302000074FC00004F
:100A6000A4F5000058F00000D1EE0000E0F1000015
:100A7000FCF80000540200003B0A0000010E0000D8
:100A80002E0D00005B080000EC020000CFFF00000C
:100A90006BFF00005A010000210300004302000028
:100AA0007DFE00002DF900008AF40000A5F2000090
:100AB000CFF40000B6FA00000C020000F2070000BC
:100AC0009E0A0000D0090000CC0600005703000079
:100AD00011010000BB000000670100008D01000053
:100AE00030000000FCFC0000DFF800004EF50000C4
:100AF00003F4000070F600002EFC0000F802000075
:100B00001C080000CD090000FD07000017050000CB
:100B10009D0300000304000066050000E4050000DA
:100B2000E00300003FFF0000D7F800008FF2000054
:100B30000CEF0000E9EF0000A1F50000B2FE00009C
:100B4000970700006D0D0000830E00001B0B0000D6
:100B5000A3050000A500000001FE000050FE0000FB
:100B60005A000000EB0100001E010000B9FD00006A
:100B700015F90000F0F4000037F3000070F50000F4
:100B80007EFB00002103000000090000B50A000000
:100B9000E20800006D060000E60400003E040000CC
:100BA00046040000170400005702000030FE000059
:100BB0002FF800003FF2000009EF00004EF00000A7
:100BC0001CF60000DCFE000094070000C70D0000CA
:100BD000530F00001A0C000017070000A1020000CC
:100BE000DEFF000015FF00001AFF0000DDFE000020
:100BF0008CFD00009EFA0000DEF6000014F40000F8
:100C000020F4000009F800009CFE000052050000DE
:100C1000FE090000620B0000F10900001E07000041
:100C20006F040000DE02000051020000A801000075
:100C3000DDFF00009AFC00006FF8000077F4000070
:100C40002DF2000025F30000D3F70000EDFE0000B8
:100C5000FB050000010B0000A30C00004D0B000081
:100C6000BD0800001C06000033040000DB02000089
:100C70005E0100001DFF000083FB000023F7000061
:100C800038F300001EF1000093F20000E6F70000C8
:100C9000CBFF00009F070000B80C0000C50D00004E
:100CA0007A0B0000F2070000A2040000900200008E
:100CB000BC010000FB00000060FF000059FC0000C8
:100CC00058F8000056F40000C5F1000047F200009B
:100CD00061F6000081FD00007B0500008C0B000028
:100CE000C40D0000580C00003B090000090600007C
:100CF000C3030000540200004A0100008AFF000004
:100D000020FC000099F70000FDF2000034F0000024
:100D1000EFF0000067F50000D2FC00003005000095
:100D2000FD0B0000F00E0000A40D0000150A0000ED
:100D3000390600003D0300006701000025000000A7
:100D4000E2FE0000D4FC000081F900006EF5000016
:100D5000E8F100003BF1000063F40000A0FA00009D
:100D60007B0200007E090000760D00005E0D000091
:100D7000A40A00007B0700009F0400009C02000002
:100D800079010000620000003FFE0000BFFA000091
:100D900085F6000063F200005CF00000F0F1000056
:100DA00030F700001FFF00001B070000B90C000017
:100DB000A70E0000240D0000130A0000E306000047
:100DC000630400008E020000D4000000AEFE0000AC
:100DD00049FB00000FF70000E9F2000020F00000DE
:100DE000B6F00000FCF4000032FC000082040000B9
:100DF0003F0B0000A00E0000220E0000560B00006A
:100E00002108000090050000E303000077020000C5
:100E10009C00000072FD000008F9000055F400007D
:100E20006CF0000039EF0000B3F1000083F7000020
:100E300095FF000095070000310D0000D70E00005F
:100E40003E0D00004A0A000031070000FA040000CD
:100E50006B030000DD010000CAFF000035FC00004C
:100E60006CF70000C5F200009AEF00006FEF000081
:100E7000D3F2000061F9000085010000F6080000CF
:100E8000A20D00007C0E0000990C0000AB090000D0
:100E9000D5060000E90400008A0300000B020000F0
:100EA000D8FF000013FC00003BF7000063F20000D5
:100EB00017EF00001FEF00009CF2000026F9000071
:100EC0004D010000C8080000A90D0000CE0E000072
:100ED0002D0D0000820A0000BE0700009E050000E4
:100EE000EE030000F401000047FF00005FFB00007C
:100EF000ADF6000060F2000086EF0000A4EF0000F5
:100F00003CF3000091F900004D0100008C08000046
:100F1000320D00003D0E0000BE0C0000490A00002A
:100F2000FD0700002F060000B704000015030000B5
:100F30006B0000002CFC0000F5F6000044F20000FD
:100F400047EF0000F8EE000012F2000046F8000043
:100F500036000000E5070000560D0000FB0E000003
:100F60005A0D0000B60A0000370800005A060000BB
:100F700023050000B703000072010000B7FD000068
:100F800090F8000056F300007EEF000044EE0000F1
:100F9000B0F0000062F6000042FE000065060000AE
:100FA000510C0000D70E0000C10D00000C0B00001A
:100FB00094080000AE0600008305000086040000CF
:100FC000DC020000AAFF0000C7FA000015F50000CF
:100FD00050F0000012EE000042EF0000E5F30000C8
:100FE00026FB000060030000370A0000EC0D000043
:100FF000C60D00006C0B0000410900008D070000C9
:10100000A106000034060000FA04000033020000CC
:1010100056FD00004AF700009FF10000F4ED0000CB
:10102000AEED0000EBF000001BF700001EFF00001B
:101030009A060000D40B0000090E00000C0D000001
:10104000B00A0000DE080000810700004C06000026
:101050004205000069030000D5FF0000D0FA00003F
:1010600050F50000AAF0000052EE00000CEF000066
:10107000D3F2000020F90000730000001707000001
:10108000BD0B0000320D0000370C0000A40A000068
:10109000F8080000940700008B06000036050000E9
:1010A000F1020000E4FE000084F9000010F40000EA
:1010B000A3EF0000BDED00001FEF000075F300007E
:1010C00045FA0000A301000008080000300C0000F1
:1010D000F30C0000C40B00000A0A00006C080000BA
:1010E0005C070000780600005105000018030000AE
:1010F00015FF0000AFF900001AF40000A1EF000096
:101100008BED0000F5EE000074F3000038FA0000EB
:10111000A6010000F8070000240C0000E50C000008
:10112000E20B0000710A0000DA080000FC07000072
:10113000FE060000A80500005C0300001BFF000085
:10114000B5F9000007F4000094EF0000D6ED0000B0
:1011500059EF0000C6F300001EFA0000160100005F
:101160002D070000410B0000620C0000570B00002F
:10117000F3090000C708000013080000780700000A
:101180006A0600004B0400005E0000001BFB00002C
:1011900060F5000078F0000007EE0000E0EE0000CF
:1011A00066F20000F2F70000ACFE0000050500004A
:1011B000DD090000D50B0000270B0000E709000047
:1011C000D8080000A6070000D80600003D06000071
:1011D000F90400006A02000023FE0000B7F80000D6
:1011E00052F300007BEF00004AEE00001AF000000E
:1011F00060F400005BFA00003D010000F906000009
:10120000CE0A0000ED0B0000710A00001609000074
:1012100000080000EE060000A806000033060000EB
:10122000B4040000810100007DFC0000CFF6000046
:10123000A6F10000A8EE0000D6EE0000B9F1000013
:10124000AAF60000FFFC0000500300001B0800008D
:10125000EB0A0000B80A000014090000640800004E
:10126000B00700003E0700005B070000B206000068
:10127000A2040000CB0000007EFB000000F600008E
:10128000A6F100007DEF0000F6EF0000C8F20000BC
:101290006BF7000004FD0000960200007B070000D1
:1012A0005E0A0000B40A0000E60900000909000017
:1012B00054080000D707000079070000AD060000C1
:1012C000C20400003701000054FC0000F7F60000E3
:1012D00064F20000AAEF0000A0EF000051F200004D
:1012E00005F7000024FD00004D0300007608000013
:1012F000420B0000450B0000520A000034090000B8
:101300002C08000079070000E0060000E505000059
:101310008103000077FF000043FA0000CAF40000D8
:10132000B3F0000033EF0000B5F00000ACF40000B3
:1013300068FA0000AD00000022060000D609000097
:10134000030B0000620A00002709000042080000A9
:10135000C40700001D07000029060000FF0300006D
:101360002E00000033FB0000C9F5000067F100000B
:1013700077EF000071F00000E8F3000064F900006E
:10138000B9FF00008105000089090000C10A0000C2
:10139000330A0000650900005608000043070000FA
:1013A000A0060000D20500001F040000C6000000D7
:1013B000CEFB000035F6000050F1000097EE000073
:1013C000BBEE0000C6F10000DEF6000072FD00007A
:1013D0000C040000F1080000B80B00006D0B0000C9
:1013E000B7090000A608000072070000B906000057
:1013F0008E060000AE050000820300006DFF0000B5
:10140000F3F9000059F40000F0EF00005AEE00007C
:10141000D9EF0000B9F3000063F90000F4FF000009
:10142000AC050000AD090000360B0000F00900001B
:10143000AD080000220800005F0700004907000017
:101440003A070000F80500001E03000076FE0000C9
:10145000C5F800008FF300001EF0000051EF0000FF
:1014600042F1000046F50000AEFA00005C0000000A
:101470008805000065090000900A0000DC090000F2
:10148000F808000058080000F2070000BD0700003F
:10149000660700002E0600005D030000FDFE000050
:1014A000C6F90000CAF4000049F100000DF0000088
:1014B00076F10000E2F40000C8F900006FFF0000C0
:1014C000CE040000F6080000900A00000E0A00009A
:1014D0003E09000077080000A20700004F07000047
:1014E000350700005C0600002804000065000000CD
:1014F0004EFB0000F8F50000E9F100001DF00000CF
:10150000DBF00000C2F300006AF80000DFFD00001D
:101510002E0300008E070000BA09000056090000E3
:101520003F080000CB0700006A0700004C070000DE
:101530008C0700002207000062050000F301000094
:1015400032FD0000F3F7000061F30000B3F000008B
:101550009DF00000F5F20000BDF600008CFB0000DD
:101560007A000000F90400003308000014090000AC
:101570005F0800004B070000F006000005070000B0
:10158000FA060000FC0600005E060000540400009D
:10159000D00000004DFC00008AF70000C1F30000FD
:1015A000F3F1000037F2000067F40000FBF70000E1
:1015B00056FC0000DF00000020050000C10700000D
:1015C0001B080000AF0700000207000080060000B3
:1015D0009E060000CE060000D6060000340600007D
:1015E00032040000E7000000B9FC00005BF80000D6
:1015F000D6F400000EF300003FF3000017F50000E2
:1016000014F80000F4FB0000E4FF00008903000070
:101610008E060000A4070000340700007D060000CD
:101620001B0600000C0600002706000062060000F2
:101630002A060000D90400004C020000BAFE000097
:1016400082FA0000A5F600002DF400006EF3000001
:1016500063F40000B2F600000EFA0000EFFD000097
:101660009F01000024050000160700007606000018
:10167000B30500009405000044050000A905000022
:1016800064060000990600002F0600006A040000AE
:101690003201000032FD0000F7F800008CF5000078
:1016A000EBF30000EBF3000063F5000038F80000F6
:1016B000C4FB000058FF0000900200000E0500006F
:1016C000C1050000F2040000A3040000250500008D
:1016D000910500005E060000400700003F07000083
:1016E0004B060000EF0300005A00000052FC00000F
:1016F0007EF80000B0F5000088F40000F6F4000069
:1017000097F6000033F900005AFC00006CFF00005F
:10171000170200002D040000230500001005000042
:101720001105000081050000FA0500008006000098
:10173000F1060000D5060000DD050000D50300001D
:10174000E400000069FD0000FDF900004AF7000018
:10175000C1F5000079F5000070F6000068F800009F
:1017600013FB000011FE0000FF000000D203000088
:10177000A7050000A70500001405000015050000DE
:10178000360500008905000046060000CA06000074
:101790008A06000045050000C602000046FF000062
:1017A0006DFB0000EFF700009BF50000DAF400008D
:1017B0007BF5000051F70000FEF9000003FD00007A
:1017C000F8FF0000AC0200009E04000012050000BB
:1017D000890400009C0400002B0500009F05000008
:1017E0007406000000070000CA060000B2050000F1
:1017F0004F030000F0FF000032FC0000BCF80000C6
:1018000038F6000032F5000089F5000001F700000D
:101810006AF9000051FC000034FF0000C70100001D
:10182000F9030000F8040000E6040000E7040000EB
:101830004D050000DC05000058060000C40600004D
:10184000B3060000AD0500009D030000A2000000EB
:1018500029FD0000D4F900003FF70000D7F5000093
:10186000BFF50000E0F60000F3F80000B2FB000056
:10187000A3FE000083010000340400008D05000079
:1018800042050000E40400000605000037050000E2
:10189000C205000088060000DE0600004B060000BE
:1018A00093040000B10100000AFE00004FFA00009E
:1018B00044F7000094F500005BF500006FF60000AF
:1018C00080F800001CFB0000D9FD00008000000033
:1018D000DB02000066040000AC04000054040000B9
:1018E000AE04000034050000B905000078060000D1
:1018F000B50600005D06000021050000D1020000D1
:10190000B3FF000055FC000044F90000F7F60000AA
:10191000F3F5000007F600002CF700002AF900009C
:10192000AEFB00004CFE0000DF0000007903000069
:10193000B00400009304000053040000BC04000045
:101940005E050000AA0500005F060000B706000063
:101950001F0600009A04000004020000DDFE0000E3
:101960009BFB0000B7F80000F1F600005EF60000F7
:10197000B4F60000E6F70000C6F9000008FC00001D
:1019800057FE0000D300000044030000C50400001F
:10199000EB0400008E040000CD0400003C050000B4
:1019A0009C050000110600003A060000C305000077
:1019B0004C040000F001000004FF0000E4FB000004
:1019C00028F900006CF70000C0F60000FCF60000EB
:1019D00019F80000DAF90000F4FB000049FE0000ED
:1019E000A300000027030000A30400009E040000E1
:1019F0005C04000049040000BD0400004005000034
:101A00009C050000F5050000AE0500007A0400000A
:101A10005402000082FF000084FC0000DCF900009A
:101A200015F8000062F7000081F7000045F800009B
:101A3000AAF9000099FB000096FD0000A1FF00003C
:101A4000C8010000B503000075040000ED030000AC
:101A5000F30300002B0400007B040000420500009B
:101A6000A5050000B80500003A050000BB03000012
:101A700062010000A6FE0000E3FB0000A6F90000E2
:101A80005BF80000F0F7000030F8000014F90000E7
:101A900085FA000052FC000021FE00001D0000003D
:101AA0006E020000D9030000E70300008D03000070
:101AB000B003000065040000E3040000830500009B
:101AC0002C060000100600005005000090030000E6
:101AD0000B01000058FE0000C2FB0000D8F9000016
:101AE000C8F8000072F80000B4F800006FF90000B8
:101AF0009DFA000015FC0000BEFD0000BEFF0000C6
:101B0000C701000048030000BA030000980300006A
:101B1000CE03000048040000D50400009C0500002E
:101B20004B06000071060000BE0500002504000001
:101B3000DA01000027FF000082FC00004BFA0000E1
:101B4000D0F800002DF8000036F80000D4F80000AE
:101B5000F8F900007DFB00004CFD000061FF000073
:101B6000A5010000830300001B040000C90300005E
:101B7000B8030000F9030000650400000B05000035
:101B8000CC05000043060000F2050000D30400006D
:101B9000D60200004A000000ADFD000053FB00002B
:101BA00098F900009FF8000088F8000019F900007B
:101BB00005FA000038FB0000B0FC000060FE0000E9
:101BC0004C0000003902000066030000850300009D
:101BD0001D0300000A03000057030000C4030000B7
:101BE0009F04000080050000D9050000A105000049
:101BF0009A040000AE02000044000000BAFD00009C
:101C000070FB0000C5F90000E1F80000D2F8000008
:101C100046F9000027FA00005EFB0000B8FC000057
:101C200057FE0000330000000D0200000E0300000C
:101C3000EA0200008B020000A5020000FF02000083
:101C4000A3030000A1040000A2050000510600004B
:101C5000340600002E0500004B030000E3000000E6
:101C60005AFE0000F9FB000027FA00000EF9000000
:101C7000C2F8000029F90000EDF90000EDFA0000BB
:101C80003AFC0000B5FD000074FF00006601000092
:101C9000CE0200003F030000D902000099020000BC
:101CA000AA020000DC020000B4030000BE04000031
:101CB0008C050000DA05000055050000FA0300005D
:101CC000E001000063FF0000F3FC0000EEFA0000FA
:101CD0009CF9000010F9000034F90000D0F9000070
:101CE000C0FA0000E3FB00003CFD0000D7FE00004E
:101CF000B00000004D020000E70200009B0200005F
:101D00005202000064020000990200005703000024
:101D1000750400007805000006060000BD050000FF
:101D200089040000840200001D000000A7FD0000DF
:101D30007BFB0000F4F900002BF900002AF90000F9
:101D4000AFF900007BFA000093FB0000EDFC0000FF
:101D500072FE00005400000003020000F0020000C8
:101D6000D90200006A02000065020000560200006D
:101D7000EA0200000904000003050000C705000096
:101D8000BE050000E10400003E030000F400000076
:101D900081FE00003EFC000093FA000097F900006D
:101DA0004EF90000ABF9000053FA000029FB0000D7
:101DB00039FC000072FD0000FBFE0000CE000000B8
:101DC0004A020000B30200002C020000BD01000026
:101DD000530100003A0100002202000053030000FA
:101DE0009304000095050000E4050000390500009B
:101DF000A00300008C01000038FF00000BFD000074
:101E00004AFB000038FA0000C2F90000D3F90000D4
:101E10005DFA000017FB0000FAFB000008FD00005F
:101E200062FE000015000000C50100005202000023
:101E300008020000CA0100006D010000300100002E
:101E40005F0100005F020000AE030000B704000065
:101E5000840500007C0500009B04000021030000B5
:101E60004E0100004CFF00005BFD0000C3FB0000C2
:101E70009FFA000018FA000000FA000068FA00005B
:101E80002AFB000029FC000065FD0000D7FE0000D1
:101E9000B3000000FE0100002A020000DD01000086
:101EA0003F010000A80000006B0000009B00000044
:101EB0005C010000A9020000050400000705000005
:101EC00064050000F7040000F20300006002000057
:101ED000880000009DFE0000DEFC00008FFB00007B
:101EE000B3FA00005FFA00007BFA000009FB000073
:101EF000D7FB0000DEFC00000DFE00007FFF0000AD
:101F0000D90000007601000061010000130100000B
:101F1000B60000003F000000240000007200000036
:101F20002E010000580200007A0300004C0400005B
:101F3000D3040000D90400002904000003030000BA
:101F400087010000CCFF000016FE000092FC00009C
:101F500054FB000093FA000066FA0000AAFA0000A1
:101F60006AFB00006DFC000086FD0000E0FE000042
:101F70003E000000320100006A0100002B01000059
:101F8000CB000000680000001D000000FFFF000003
:101F9000490000001F010000200200003203000081
:101FA00041040000F40400002B050000C1040000FF
:101FB000D30300005E020000A7000000F6FE000050
:101FC00061FD00001DFC000037FB0000DDFA000091
:101FD000F3FA00005FFB000039FC00004DFD00003B
:101FE00081FE0000ECFF0000E50000002B01000076
:101FF00021010000EA000000970000003E00000000
:1020000020000000260000004B000000E700000058
:10201000A10100004C020000070300008F03000034
:10202000E2030000D40300003D030000480200006A
:102030000A010000A2FF000038FE0000F3FC0000CF
:10204000F9FB000063FB00003DFB000072FB000099
:10205000EDFB0000C3FC0000D1FD000005FF000007
:102060002D000000BE000000DB000000D2000000D8
:10207000910000004700000006000000DAFF0000A9
:102080001D0000004D0000006D000000F000000089
:102090007D010000DF0100006E020000F10200007F
:1020A0002C0300004E030000F80200005202000062
:1020B0005A01000017000000DDFE0000B3FD000023
:1020C000BDFC00001DFC0000DAFB0000F3FB00007B
:1020D00071FC000034FD000043FE000083FF00009F
:1020E0007B000000F4000000FF000000F30000008F
:1020F000B000000041000000250000001A000000B0
:10210000100000003B000000610000007F000000A4
:10211000B5000000EE0000004C010000B40100001A
:102120001202000085020000DA020000CA0200006C
:1021300075020000E8010000FF000000F7FF00004A
:10214000EBFE0000F7FD000030FD0000B0FC0000D9
:1021500083FC0000A0FC000017FD0000D5FD00007E
:10216000CDFE0000C1FF00005D000000AA000000DD
:10217000A900000077000000510000001B000000D3
:10218000070000001F0000003B000000600000008E
:102190007A00000083000000A0000000BE000000E4
:1021A000ED0000003C010000950100000A02000063
:1021B0006F02000086020000720200002802000088
:1021C00076010000A4000000B6FF0000CBFE000076
:1021D000FFFD000069FD000016FD00000DFD000080
:1021E00053FD0000DEFD0000A9FE00007AFF0000A4
:1021F00007000000520000006200000039000000EB
:102200001900000001000000F7FF00001A000000A4
:102210004E0000007B0000009000000092000000D3
:1022200099000000A2000000A7000000CE000000FE
:102230001901000082010000ED01000028020000E9
:10224000610200006C0200000E0200007F0100002D
:10225000C5000000E9FF000019FF000062FE000059
:10226000D4FD000085FD00007AFD0000A6FD000001
:102270000BFE0000A5FE000046FF0000BFFF0000AF
:10228000F8FF0000150000000D000000F0FF000046
:10229000F7FF0000140000003C0000007A0000007E
:1022A000AA000000B5000000BD000000BD00000055
:1022B000A8000000A30000009C00000091000000A6
:1022C000A2000000CA000000F00000002F01000082
:1022D0005A0100004D0100003C010000EF00000029
:1022E000820000000A00000072FF0000F6FE0000FD
:1022F0008BFE000033FE0000FDFD0000FEFD00002F
:1023000037FE00008DFE0000E7FE000054FF0000D5
:10231000A7FF0000CCFF0000E2FF0000E1FF00008B
:10232000E2FF0000D7FF0000D6FF0000E0FF000042
:10233000F2FF0000180000002B0000002800000041
:10234000270000003A00000049000000490000009A
:102350004800000051000000540000004C00000044
:1023600050000000590000006900000080000000DB
:102370009A000000D1000000ED000000ED00000018
:10238000CC0000009D000000750000001800000057
:10239000D4FF0000A7FF00005FFF000046FF000021
:1023A00042FF000045FF00005EFF00007FFF0000CD
:1023B00096FF0000ACFF0000CDFF0000D6FF00003C
:1023C000D2FF0000EBFF00000B0000000D0000003A
:1023D000300000004C0000004300000060000000DE
:1023E000660000005F0000004400000036000000AE
:1023F000410000001C000000180000001A0000004E
:102400001600000027000000220000001500000058
:102410001300000021000000250000001E00000045
:102420002A00000012000000E9FF0000D9FF0000B0
:10243000C9FF0000C4FF0000C1FF0000B9FF000099
:10244000BDFF0000BFFF0000BCFF0000C3FF000095
:10245000C4FF0000C6FF0000C8FF0000C6FF000068
:10246000C5FF0000C3FF0000BAFF0000C8FF000066
:10247000E1FF0000E6FF0000EDFF0000FCFF0000B0
:10248000F8FF0000ECFF0000E3FF0000F4FF000095
:10249000F0FF0000EDFF000002000000030000005C
:1024A000FCFF0000F4FF0000F6FF0000F4FF000056
:1024B000FEFF0000100000001400000026000000D5
:1024C0003100000028000000260000002600000067
:1024D000220000001B00000012000000230000008A
:1024E000410000004F0000005A0000005E000000A4
:1024F0004F0000003B000000330000003A000000E5
:102500004800000041000000430000005D000000A2
:10251000660000007300000065000000700000000D
:102520008700000055000000730000004800000014
:10253000200000005D0000001F00000046000000B9
:1025400061000000300000005E0000004400000058
:1025500033000000300000000D00000030000000DB
:102560002600000026000000300000000C000000E3
:102570001C00000002000000F6FF00001500000033
:102580000F0000002A0000001B0000000D000000EA
:102590000C000000E0FF0000DAFF0000CFFF0000A9
:1025A000D6FF0000F4FF0000EFFF0000F7FF00007F
:1025B000F7FF0000D8FF0000E0FF0000DAFF000096
:1025C000DAFF0000E7FF0000E9FF0000F4FF000071
:1025D000F6FF0000F5FF0000F8FF0000010000001A
:1025E0000A0000000A0000000E00000008000000C1
:1025F0000A0000001300000010000000120000009C
:10260000140000001D0000001A0000001700000068
:10261000120000001C000000270000002400000041
:1026200034000000400000004200000050000000A4
:10263000480000004A0000005D0000005500000056
:102640005C000000550000005B0000005500000029
:102650004F000000570000003C0000003100000067
:10266000360000003F00000026000000520000007D
:102670005400000050000000E8FF000014000000BB
:1026800086000000F9FF0000240000001B0000008D
:1026900028000000FAFF0000D6FF00002000000024
:1026A0009DFF0000A3FF0000B2FF000085FF0000B7
:1026B00066FF000063FF00005FFF000051FF0000A5
:1026C00063FF00005CFF0000CDFF0000170000006A
:1026D00052000000FD000000C00000001B000000D0
:1026E000490000005800000014000000B9FF00007D
:1026F000A8FF00006FFF000081FF000065FF0000E1
:102700002CFF00005FFF000030FF000033FF0000DF
:1027100040FF000057FF00002EFF000048FF0000B0
:1027200037FF000042FF0000B9FF00001B0000005F
:1027300087000000D70000005E0100001E010000BD
:10274000510000006D000000AD0000003E000000E0
:10275000DAFF0000C7FF0000B2FF00009BFF00008F
:1027600075FF000064FF00005FFF000047FF0000EE
:102770004BFF00003DFF00002CFF00002CFF00007D
:1027800024FF000035FF000095FF0000040000005A
:1027900079000000E10000006C01000094010000DD
:1027A000E0000000A4000000BB0000008100000069
:1027B00020000000F7FF0000D3FF0000C3FF00006F
:1027C000A4FF00009DFF0000A2FF00007EFF0000AC
:1027D0008BFF00006CFF00005EFF000067FF000041
:1027E0006FFF000078FF0000D6FF00008B000000A4
:1027F0001E010000B4010000270200005902000081
:1028000097010000E100000037010000F600000021
:10281000580000001B0000000A000000F3FF000049
:10282000F4FF0000FAFF0000EEFF0000F6FF0000DA
:10283000CFFF000099FF000088FF000074FF000038
:1028400079FF000082FF0000EEFF0000930000000F
:102850001B010000F601000052020000D40100003C
:1028600092010000A50100004B0100009B00000048
:102870003900000001000000C7FF0000ADFF0000AC
:1028800093FF00008FFF000090FF00007EFF00001C
:102890007EFF000037FF000023FF00002FFF000035
:1028A0002AFF00007DFF0000ADFF000025000000B2
:1028B000B90000004D0100001102000019020000E3
:1028C0009C0100009A010000A801000027010000FF
:1028D000830000002C000000E6FF0000B2FF0000B3
:1028E00088FF00006FFF000093FF000030FF000032
:1028F00030FF0000FEFE0000B5FE000009FF0000F2
:10290000ECFE000010FF000082FF0000F7FF000057
:102910005C000000E1000000A001000009020000CE
:10292000D0010000CD01000088010000C9000000B6
:102930001B00000082FF00006DFF000012FF00007E
:102940009AFE0000D4FE0000AFFE000045FE00002D
:1029500092FE0000DFFE00005BFE00009EFE000015
:1029600069FF00003DFF000063FF00009DFF0000C5
:1029700002000000440000006E000000940000000F
:102980007100000052000000FEFE000067FE000023
:1029900050FE0000F2FD0000FAFE000068FF00009B
:1029A000B8FF00009C0000001C0000008400000034
:1029B000DB00000095FF0000A7FF000024FF0000DF
:1029C00001FF0000D2FE0000C4FE000040FF000036
:1029D00010FE000078FE000000FE0000E0FD000098
:1029E00086FE000066FE00004AFF000084FF000033
:1029F000B400000051010000A60100001202000016
:102A00009D0100002501000083000000C5FF0000BB
:102A1000F9FE0000B9FD000089FD0000D9FC0000AE
:102A2000E0FC00004CFD0000F4FD00004DFE000045
:102A300010FF0000E6FF00006C00000069010000CC
:102A4000D1000000C60000004F000000C8FF0000D9
:102A50006AFF0000D2FE0000D4FD000057FD000018
:102A60004AFD000008FD000079FD00006BFE00003B
:102A700075FF000036000000AA0200005B030000A2
:102A8000E40200003E0300008D01000096000000FB
:102A9000C8FE000075FD0000F6FB0000D7FA00003C
:102AA0005CFB000085FB0000AFFD000080FF000024
:102AB0002001000062030000A30200005005000096
:102AC000DB02000017020000D500000082FE0000BB
:102AD0007FFD000016FC000077FB000081FA00007B
:102AE00040FC000078FC000050000000C80200001C
:102AF000800500002D070000F40700001306000009
:102B00007D0400005301000013FD0000F0FB0000F5
:102B10002CF900006FF9000090F900000AFB00009A
:102B200012FD0000AFFF000062030000C0040000BF
:102B3000C209000003090000C60A000018080000CE
:102B40002404000076000000B4FA00008EF80000B3
:102B500084F40000AEF6000001F7000048FD00001C
:102B6000B7020000DD080000260E0000C40D0000C2
:102B7000E80D00006D040000EE010000F1F9000016
:102B8000CCF2000042F8000078F1000019FF0000CC
:102B90009DFD0000C00500008D0600008F070000AD
:102BA0002B080000D4030000A4060000A9FF0000C9
:102BB0009DFF000071060000E2FA00006C040000B6
:102BC000FAFD000016FD000077FF0000AEFA0000DD
:102BD000B000000001F90000460200002EFD0000D8
:102BE000110300004B0400004C0B0000C80700005C
:102BF000590A0000EB050000AFF900009D05000038
:102C00009CF20000D9FB000045FE000055F70000D3
:102C10003808000092F700002D06000058FF000061
:102C20001C05000036090000600500001D090000B9
:102C3000D90000002FFF00005F04000060F20000D8
:102C400036FF000070FA0000CFF800009308000083
:102C500087FD0000D107000031FC0000D0FF00001C
:102C6000BCF900006AF90000D5060000CE0D000096
:102C7000C90C00007315000079010000E1F70000A5
:102C800006020000B8E000001F0200001FF800006C
:102C9000F0FE00003512000072F60000A5100000E2
:102CA00060F80000CF030000FB0300004EFA0000B4
:102CB000A909000095F80000530800003D08000035
:102CC00012F20000880800001FF10000AEF50000BD
:102CD0000F080000BEF40000280900000EFD0000EF
:102CE00008FF000087FC000092FA0000D0120000EC
:102CF00073050000920F0000FD0700006CE9000062
:102D0000A2FA00003BFA00000EEE000014140000CE
:102D100059FD000037FC00002A06000013E6000001
:102D2000730A00002500000010070000A20C00003C
:102D300026F4000091000000B4EB0000E40B00005A
:102D400089020000B4F40000F41700008BDD0000DD
:102D5000470500002000000051EB000015150000A1
:102D6000D3F400003CFC000013020000D40C00006F
:102D70002E1400006E060000EDFE000090E1000041
:102D800018F00000B0130000C2F600004F19000058
:102D90005200000007D900002104000083F2000067
:102DA000F4120000381C00004A02000082F3000008
:102DB0002EE300009DF30000AD080000901B000012
:102DC000C30F00002BF4000058E70000FDEB0000EB
:102DD00049020000671B0000900A000034F0000068
:102DE0001EF1000043E90000C80300002923000091
:102DF000BF180000DE080000B2EF0000AADF0000EC
:102E000046FA00005E180000270900006302000077
:102E10005CF2000032E10000F4FD0000210C000033
:102E20000B1B0000F20F000034F1000097F30000CC
:102E300002F40000CFFF0000531000009B020000CE
:102E400010FC0000A9FC0000CEEE0000BB09000051
:102E5000870E0000B0F700003E04000074EE000092
:102E600094EE0000B30F0000F40900001803000006
:102E7000EA050000ABF60000E5FB0000FF250000BE
:102E800002080000C4E100001AFB0000F8EE000098
:102E9000DB0200009213000020F5000047F900005B
:102EA000100100005D0700008B04000040030000DB
:102EB000920100005E0B0000611200007AF5000034
:102EC000B4F20000E2FB0000B0FF0000CD0B0000F8
:102ED000160300000FF000003CFA00006809000033
:102EE00091000000E4050000FAF80000D4FE0000A4
:102EF000DB0D00006BF000000C020000B1080000C8
:102F00001FF80000960700003F03000063EC00007C
:102F1000DFF900007D150000940B000016FC000096
:102F2000B6FE0000E0F10000B9010000A20C0000B4
:102F300044FB00004B1A00006FE500000EE40000A7
:102F40000E25000011FF00004EF100002D0D0000C5
:102F5000D50D0000A0E4000072FD0000B4160000D2
:102F6000B5ED0000B8FD00007A1200002DF8000059
:102F70009BF600007806000088FF000078F900004A
:102F8000880200001204000044FA00005BFF000009
:102F9000D0030000C2FA000064FF00006EFA0000D7
:102FA000D3020000DB00000077120000780B000065
:102FB00045CB0000420300003A1F000030F800003B
:102FC0008EF6000065FE00001202000068F40000AA
:102FD0001D0E0000E310000022E8000040FF00008A
:102FE0008A15000066FE0000110100005DF200007D
:102FF0008DF10000E5080000E909000021FE000055
:103000006EF0000001050000D2090000AAF80000DF
:10301000D6FA0000F4FA0000D50000008504000094
:10302000F0110000B0F600006ADD0000880E00001C
:1030300007110000BDF90000FEF50000AFF9000027
:10304000F80000006F000000830D00007B05000009
:1030500009EB000057050000561000001D06000097
:103060004602000066DE000015F70000D6160000DC
:103070007709000038F20000D6ED0000560F00007E
:10308000D60A00009BF5000040F9000060FA00003D
:1030900059010000E3090000CD0200004CF60000D9
:1030A000FFF300005E060000340B000003FB00008D
:1030B00090F6000050FA000097040000D5030000CD
:1030C00065FC000059FF000098FC000083FF000031
:1030D000FC03000020110000E0FC0000F4DC000014
:1030E0006E060000EF1B00004201000051E80000E6
:1030F00074F20000F60C0000240500009F0500009B
:10310000050100007BFB00004F030000C31300001B
:10311000DE0B0000E7DC000084E90000231400005F
:103120003614000084F700004AF10000F1010000AD
:103130002C02000047060000A50700009DF70000D4
:10314000ADF000002E000000FA0E0000E7040000C1
:103150001CF40000E2F7000099070000F5070000EA
:103160001DFD0000C1F90000C3FC0000E4FF0000E9
:10317000F30100003C0300005AFF0000F2FB0000D6
:1031800070FF0000F90A00004404000035F0000060
:10319000A0FA00009A0D0000B00A0000B1F800008B
:1031A0002DED0000C0FE0000BF0A00006D0200000F
:1031B000AE01000066FE0000A41300002411000010
:1031C000E0EE0000A5EC0000D4F90000B81000000B
:1031D000B00700003CED0000CCF20000FE0A000049
:1031E000A9190000130700004BF2000041F800008D
:1031F00010010000720700007304000095F8000041
:10320000C5FA000013FF0000490400004907000050
:103210009FFD000031F90000C9FD00007A050000A3
:103220004C05000042FB000032FD0000A902000036
:1032300067FD000063FD000047020000BF050000BD
:1032400061010000E8F80000C6FB0000D0020000A9
:10325000BA020000C4FE00004DFC0000D2010000D4
:1032600030010000D8020000580C000076FA00007F
:1032700088EF0000E4FB0000F50C0000FC0F0000EC
:10328000EAF6000081EB000033FB0000D90F0000DC
:103290009E1000001EFD0000E0F70000F008000096
:1032A000BF0A000065F70000DDEC0000A1FB000094
:1032B000FC1000002A0800001AF3000033F8000098
:1032C000930D000022140000CFF700007EE4000000
:1032D0000AFE000076160000990F000030F2000090
:1032E0007FEB00008E040000361400000909000086
:1032F00064EF000007ED0000AD0400003013000093
:103300006B0800003EF6000097F700005404000030
:103310000405000064FC0000F0F900004B0100000F
:103320003A080000470300002AFA000001F80000F4
:1033300061FF0000780600009E02000000FE000011
:10334000A2FB0000C5080000300D00001CFA0000C0
:10335000F3EF000043F60000990900006E0F000033
:103360009E01000064F300003DF50000AD06000082
:103370005C0E00004A070000B1FA000071F6000080
:103380008C020000CA070000ACFE0000EFF600004F
:1033900021FA000071060000280700005AFB000017
:1033A00060F6000078FE00002F0B00007C0A000091
:1033B00042030000C6FD00004CFA000022FD0000A0
:1033C0004EFD000069FD000046020000720600008C
:1033D000440600009DFE000023F700002DF90000C8
:1033E00045000000A8040000AE0400000102000037
:1033F00008FE000023FB0000CCFC0000F0020000EF
:10340000210600009802000053FC0000DCFB0000D5
:10341000550000008E020000F601000055FE00007D
:10342000D4000000B10500000C0200005BFB0000AE
:10343000B8F70000BBFE0000DD0700006E060000CC
:10344000B1FD00005FF700008DFC0000CE0500001C
:10345000130A0000C6050000FAFC000075FB00001E
:10346000A9FF0000C60200001CFF00003FFA000098
:1034700013FC0000BB0200000C0600006902000003
:1034800075FE0000ECFD000029020000D8040000D9
:103490002C0300007A0200001E01000008FE00005C
:1034A0006AF80000CCF900002C050000D80A0000E2
:1034B000AB03000041F6000055F500006701000075
:1034C0000E0B0000C5070000CCFA000059F6000002
:1034D00044FE00008F060000B005000046FF00001B
:1034E0007FFD0000C4FF0000DBFF00000BFF0000B9
:1034F000250100007504000098030000BDFC0000D9
:10350000A4F80000A6FB0000B80300002D0700008F
:103510005601000029FC00005EFA0000CB04000008
:10352000F6080000F2FD000039F7000017FA00006D
:1035300066060000EA0900000E010000E6F7000040
:10354000C1F9000080050000ED080000ED02000058
:103550008DFA0000C1F900005D0400005C06000067
:10356000FEFC0000CBF600006FFB00002607000009
:10357000A406000065FB000024F7000079FF0000AE
:103580003B0B0000AD090000D602000049FD000021
:103590005EFA000065FD00002FFD0000B3FD000095
:1035A000B8020000A3060000E4050000C5FD00000D
:1035B000E9F60000B5F90000D4000000D2040000D4
:1035C00087040000AC010000B5FD000011FB000005
:1035D00038FD000071030000120600000C0200001C
:1035E000F2FB00002FFC0000A5000000A20200007A
:1035F000B601000029FE000066010000B8050000C9
:103600007D010000D0FA0000DBF70000B4FF0000ED
:1036100035080000DC050000DDFC000057F7000065
:1036200060FD00006F0600000E0A0000E1040000CB
:10363000BFFC00005DFC00001D000000A9010000AF
:103640003DFD000019FA0000D5FC00003B0200001F
:103650009D050000430400004F010000BDFD000077
:1036600037FF0000F90400007E070000520400004C
:1036700044FC00003CF7000037FA0000EA010000BB
:10368000FF06000069050000B5FE0000E7F8000035
:10369000BAF9000047FF00007A06000002080000A7
:1036A00007020000E3FA0000B1F8000035FE000058
:1036B0006E050000DA060000DC000000E5FA0000FC
:1036C00011FC0000D60200005A0800007B06000032
:1036D00062FD0000C3F50000E6F70000F300000003
:1036E000D0080000A707000063FF000070F9000089
:1036F000A0F70000B7FB0000DA030000C1080000DB
:103700005F060000F9FE000059FB00001DFE0000EE
:10371000DC030000CB060000710300009FFC0000EA
:1037200003F6000095F60000B7FE000072060000E8
:10373000840700003300000018F80000CDF70000F7
:103740002EFF0000BD06000052090000CF0400005B
:103750001BFE000036FC00000100000028050000F0
:10376000F7040000D6FE000007F70000C0F40000D8
:103770001CFB0000820400008808000043040000D5
:1037800036FC0000D7F9000084FD0000870200002D
:10379000C6040000DBFF0000B7FA0000E7F90000F4
:1037A000D2FD0000AD030000190500000D0300006C
:1037B00007FF000009FC000053FD00003501000078
:1037C000AA050000C6050000B8000000E5F90000E9
:1037D00062F60000DDF80000D2FE000018050000CF
:1037E00017050000430000008BFC00004EFA0000AB
:1037F00047FC00006C0100004A060000320900008E
:1038000031070000EC020000B2FE00008CFA00005C
:103810004BF80000A4F8000023FB0000D7FE0000D6
:10382000730300003C0600004204000046FF000055
:103830007DF90000ABF9000087FF00006B04000079
:103840003D0600004103000008FD000054F70000A1
:1038500071F600002FFC00004C0400009A090000E3
:10386000AF0900000104000037FD0000EDF8000082
:1038700091F900004AFF0000320400007F060000BA
:10388000F50300006FFC00005BF600003FF5000050
:10389000F1F90000C9000000EC0600003208000049
:1038A000A803000001000000B7FD000059FF000060
:1038B0006F040000340700005705000064FE00009C
:1038C0000EF70000F4F2000080F400001EFC00007F
:1038D0003E050000A70B00001A0C000006060000C1
:1038E0004DFC000053F500001EF6000087FC0000B0
:1038F000F8030000D40700008F05000058FF000007
:1039000034F9000062F6000037F8000012FE0000F3
:10391000DF060000840C0000DE0B000061060000E2
:1039200095FE0000E6F9000025F9000017FB0000F5
:103930008DFD000029FF000022FF00000BFE0000AB
:103940005AFE00001FFF0000A2000000D901000085
:103950009F0200007E0200005A0100005201000098
:10396000CC0000009EFF0000EDFD000000FC000008
:1039700043FB0000A0FC00007CFE00006100000092
:103980000A030000B1040000A7040000480300007F
:10399000F7010000AC0000002AFF00002EFE00002E
:1039A00099FD0000EDFD00008CFE0000EFFE000020
:1039B000CAFF00001A000000C5FF0000FAFE000068
:1039C00088FE000054FF000042010000FE030000DA
:1039D0007B050000BC040000B30100007DFD000079
:1039E00026FA000090F80000FAF9000031FE00000D
:1039F000BF0200009E050000CE0500008F030000FE
:103A0000F6FF00000CFD00008BFB000049FC0000ED
:103A1000F6FE0000740200006A0600001A090000A9
:103A20006109000081060000E40000000AFA0000BD
:103A300049F40000FAF10000E1F3000019FA000077
:103A400041030000760C0000D8110000A91000000E
:103A500076090000F5FE000078F5000005F0000092
:103A60004BF1000051F800004A010000100800006E
:103A7000A90A00006E080000E20100006DFC0000D1
:103A80003BF8000032F70000E0FB0000A603000056
:103A9000810C000049120000F4110000B30A00007C
:103AA00039FE00006FF100009CE8000018E70000FC
:103AB0008DED000083F9000067070000D8120000B8
:103AC0001A180000C1140000A80A0000CCFD000074
:103AD000C5F200004FED00008FEE0000A0F50000E1
:103AE00066FE00006E050000700800002F07000051
:103AF0003203000045FF00002FFD000035FC0000F0
:103B000020FE00001002000093060000F5090000EE
:103B1000930900005F060000970000005AF90000BA
:103B2000B6F2000091EE000087EF00006CF5000097
:103B30006EFE0000EC070000860E0000D6100000AC
:103B4000570E000059070000DAFD0000B9F500002B
:103B5000ADF20000B5F4000061F900007AFE00004B
:103B6000AB010000330200000F010000FCFF000069
:103B7000FBFF000046000000610200004606000056
:103B80007B090000F60A00002109000090040000F3
:103B90001BFE0000C7F60000C8F00000E7ED0000C3
:103BA0004DF00000E2F60000D3FF000047090000DE
:103BB000F60F000086120000CF0F00006C08000016
:103BC000F0FE0000D0F60000EEF200008DF30000E1
:103BD000A1F700003EFD0000DF010000FC03000033
:103BE000690300007901000057000000D9FF0000C0
:103BF000E5000000010400006E070000560A000006
:103C00009D0A000046070000300100001AFA00007B
:103C1000F8F30000EBEF000074EF0000F5F2000095
:103C20002CFA000077030000610B00000D1000006B
:103C3000871000000D0D000064060000BDFD0000AF
:103C4000D7F60000D5F30000A5F4000005F8000049
:103C500028FC0000A0FF0000150100006801000022
:103C60007C010000A901000032020000BF03000037
:103C7000A30600005A0900006B0A00008F0800002C
:103C8000EA03000058FD00006AF6000034F100006D
:103C9000FBEE000071F0000090F50000C7FD000091
:103CA000960600008A0D000068110000F810000060
:103CB000520C000087040000EFFB0000B6F5000086
:103CC0004DF3000096F400004BF80000CEFC00001D
:103CD0007B0000001E020000370200002A020000E4
:103CE0007C020000CD0200001C0400009A060000C7
:103CF000C50800007E090000E7070000F50300008A
:103D0000D9FD00003CF7000043F2000001F0000084
:103D10001BF100007AF50000CFFC00004105000017
:103D20009C0C000012110000FB100000E50C0000CC
:103D3000D7050000B0FD000037F70000F6F30000E3
:103D400036F400002CF7000080FB0000BAFE0000F3
:103D5000230000009B00000087010000C202000059
:103D60001303000076040000D00600001F090000C5
:103D7000390A00001F0800008F0300003AFD000010
:103D800061F600000AF100007CEE000090EF0000F8
:103D900011F40000CAFB0000B9040000E80B0000A9
:103DA0002910000071100000070D000082060000BD
:103DB0009CFE000034F80000AAF4000040F400006B
:103DC0001FF6000073F90000B7FC000097FE00002A
:103DD00096FF00005F000000E00100004C030000BF
:103DE00092040000CF060000B80800007A09000025
:103DF000110800002704000095FE000021F80000D3
:103E0000CEF2000004F0000027F0000035F30000BF
:103E100018F900001A0100007F080000990D000049
:103E2000860F0000ED0D0000870900001703000059
:103E300066FC000070F700005BF50000A1F50000D3
:103E4000A6F7000094FA0000CEFC00006AFE000015
:103E5000BAFF0000530100000703000083040000C4
:103E6000F30600009F0900002F0B0000860A0000E7
:103E70000A0700007E010000A9FA00001CF40000FF
:103E8000C5EF0000ACEE000024F10000A0F6000039
:103E900091FE0000D5060000020D00005110000048
:103EA000F60F0000450C0000D705000089FE000059
:103EB000C7F800008EF50000FAF4000074F6000068
:103EC00067F900003DFC000003FE00004BFF00000E
:103ED000AA0000008F0200002A040000E90500008B
:103EE0004A080000060A00002D0A0000D40700005E
:103EF0001E030000EBFC00005CF6000084F10000F3
:103F00007BEF00007EF0000061F4000009FB000080
:103F100029030000020A0000560E00005D0F000099
:103F2000170D000035080000A601000055FB000039
:103F300011F700008CF5000004F600000EF80000F8
:103F4000A5FA00009DFC00004CFE0000D2FF00001E
:103F5000A10100007C030000770500005808000064
:103F6000F30A0000CB0B0000140A0000C305000098
:103F700096FF00008BF8000070F2000015EF0000C3
:103F80002DEF0000BDF20000F7F80000FA0000007D
:103F900092080000DE0D000064100000770F0000A2
:103FA000900B000058050000AAFE00007BF90000FD
:103FB00066F6000077F500006DF60000E9F80000F5
:103FC00062FB000036FD000013FF00003C01000012
:103FD0008D030000BE0500001B080000B10A0000B0
:103FE0003E0C00006C0B0000DC070000E801000044
:103FF000B7FA0000FAF30000A7EF0000A5EE0000FA
:10400000D7F000000FF6000089FD000065050000F4
:104010007A0B0000F20E0000880F00003F0D000038
:1040200052080000DA01000013FC00000FF8000045
:10403000CCF500007AF50000BDF60000C2F80000E3
:10404000FBFA000077FD000046000000D6020000E9
:104050003D050000FA070000D80A0000D40C00005B
:10406000650C0000620900001904000045FD000015
:1040700083F600004BF1000029EF000043F0000040
:1040800031F400008CFA0000C50100006108000056
:104090003F0D00008C0F0000070F00009A0B00007E
:1040A000110600003900000040FB00007CF7000012
:1040B0006BF500005CF50000D5F60000EFF800009D
:1040C00087FB0000AAFE0000B20100009804000077
:1040D000960700008A0A0000010D0000820D000012
:1040E000410B000074060000EBFF000026F9000001
:1040F00057F30000C0EF000054EF0000D7F10000BC
:10410000E3F6000081FD000025040000C309000063
:104110007D0D0000030F0000E70D0000190A0000EC
:10412000EE0400008DFF0000AEFA0000E1F6000092
:10413000ACF4000085F40000F8F5000034F800004D
:1041400025FB00008CFE0000F10100006505000069
:10415000F8080000400C0000340E0000B30D000011
:10416000720A0000F404000005FE000020F70000C1
:10417000B8F10000E5EE000012EF00001DF20000B3
:104180009DF7000069FE0000070500002B0A0000F3
:10419000850D0000CD0E0000640D000091090000A7
:1041A0008E04000066FF0000BDFA000018F7000052
:1041B000FAF4000081F400003DF500000AF7000069
:1041C000D5F9000054FD00002B0100004705000058
:1041D000C5090000AB0D00006B0F0000630E00006E
:1041E000710A00006A04000077FD00008DF60000EF
:1041F00034F1000092EE0000DDEE0000FCF1000062
:1042000068F7000004FE00007F040000D1090000F0
:10421000AE0D0000420F0000C20D0000250A000094
:1042200087050000740000009CFB0000ACF7000054
:1042300034F5000053F400008CF40000EFF50000AA
:104240008AF8000015FC00004B000000A6040000E6
:10425000BE090000810E00009C1000009B0F0000B2
:10426000B60B00007C0500001BFE000015F70000E7
:1042700094F10000E5EE000041EF00001DF20000A7
:104280003AF700007BFD0000A8030000BE08000014
:10429000950C0000930E0000D70D00003B0B0000B2
:1042A000960700003F030000ADFE000048FA000042
:1042B000FCF600000CF5000038F40000D0F400001B
:1042C000D8F600000EFA00004DFE00001D030000AD
:1042D000E6080000710E00002A110000B410000072
:1042E000780D0000F0070000E7000000DFF9000093
:1042F000F6F3000037F0000060EF000008F1000066
:1043000013F50000AAFA0000B20000001B0600002E
:10431000910A0000D60D0000590E0000650C000047
:10432000350900002C050000C60000003CFC000020
:104330005AF80000A6F5000025F40000ECF3000098
:1043400039F50000D0F700008EFB000025000000CA
:10435000780500006A0B00005E0F00007810000076
:10436000F70E0000980A00006D04000062FD0000D6
:10437000BFF60000C2F1000075EF0000E0EF0000A2
:10438000ABF2000090F7000062FD00001103000096
:1043900007080000F40B0000F00D00004C0D0000B9
:1043A000140B0000D8070000B003000039FF000024
:1043B000D7FA000062F7000025F5000007F40000BE
:1043C00071F400005BF6000088F90000D0FD0000E9
:1043D000BD020000BE080000600E0000DE100000FC
:1043E000621000004C0D0000D5070000FD00000029
:1043F0000EFA00002BF4000081F00000ADEF000089
:1044000053F1000058F50000DEFA0000CC00000077
:10441000170600008C0A0000C20D0000150E0000F7
:10442000140C0000ED080000FB040000AC000000CC
:1044300034FC000066F80000B0F500000CF4000049
:10444000BAF300000BF50000AAF7000083FB0000A0
:1044500044000000160600005F0C0000C70F0000BB
:1044600056100000800E0000CE090000A8030000D6
:10447000CAFC000069F60000D8F10000E3EF00007C
:1044800066F0000025F30000E1F7000043FD0000A6
:1044900072020000490700003F0B0000310D0000D0
:1044A000B40C0000040B00004D0800006E04000076
:1044B0002D000000D0FB000017F8000055F50000AB
:1044C000A3F300009CF3000031F5000016F8000093
:1044D0005CFC00006E010000CE070000C40D00006F
:1044E000EE0F0000BA0F0000610D0000710800001F
:1044F0008002000009FC000051F6000098F2000064
:10450000F1F0000088F1000039F4000056F80000D6
:104510004EFD00003202000024070000670B00007F
:104520002C0D0000D70C0000140B00002A0800001E
:1045300054040000C1FF00002EFB000049F70000FA
:1045400075F40000FBF2000028F30000E0F4000026
:1045500021F80000ABFC00001102000096080000EA
:10456000820D0000080F0000910E0000A50B000056
:10457000D5060000480100004FFB00004DF600008A
:104580001CF30000B1F100004CF20000BAF400008E
:1045900086F8000018FD0000B3010000BF0600000F
:1045A000240B0000D40C0000CF0C0000A60B000070
:1045B000A008000069040000C1FF000003FB000028
:1045C000F8F600005CF4000014F3000076F300003D
:1045D00068F5000090F80000E8FC0000F901000018
:1045E00039080000220D0000B90E0000810E000005
:1045F000E00B0000700700004902000088FC00008A
:10460000A9F7000054F40000BBF20000FDF2000026
:10461000C9F4000001F800002BFC00006B00000052
:1046200071050000770A0000DC0C0000AA0D0000F4
:10463000DF0C0000BB09000098050000B00000007E
:10464000C9FB0000A6F70000CEF4000084F30000D0
:10465000C8F30000A3F500007AF800006BFC00002E
:10466000C50000005A060000E30B0000F90D000031
:10467000940E0000DC0C0000B808000036040000B6
:10468000D9FE0000D0F9000022F60000D7F30000A8
:1046900058F3000078F40000ECF6000068FA00001F
:1046A00038FE0000C502000048080000930C00001E
:1046B000DC0D0000620D0000520B00006B070000D3
:1046C000BF0200009CFD00000DF90000B7F50000DE
:1046D000D5F30000B1F30000DEF400003CF7000069
:1046E00092FA00006FFE0000FD020000C708000003
:1046F0009D0C0000B20D0000CD0D0000540B000019
:104700001D07000025020000B1FC0000F2F70000C8
:10471000B3F4000011F300004BF300000EF50000AD
:10472000DCF700008BFB00006EFF0000C9030000F7
:10473000EC080000A40C00009D0D0000200D0000FE
:10474000890A00003E0600009301000061FC0000A1
:10475000DAF70000E6F400006CF300009CF30000C0
:1047600044F5000014F800005FFB000009FF0000A2
:104770005C030000500800007E0C0000FA0D0000F1
:10478000B50D00005F0B0000F0060000EB0100001B
:104790007CFC0000BEF7000073F40000F1F20000A2
:1047A00064F3000064F5000088F8000010FC0000CD
:1047B000B9FF0000CC030000F2070000880B0000E6
:1047C0008D0D0000650D0000510B0000AA070000D0
:1047D000DC02000099FD0000D2F800003DF5000069
:1047E00063F300007CF3000014F50000B6F700004E
:1047F00020FB0000A3FE000059020000A3060000F9
:10480000DC0A00008B0D0000FC0D0000860C00008F
:10481000180900005C040000DAFE000076F90000D0
:1048200069F50000F5F200008DF2000028F40000A8
:10483000EFF6000093FA00005EFE000007020000A1
:10484000F7050000C5090000940C0000770D00007A
:104850005C0C00008E0900005705000041000000BC
:1048600011FB0000C8F60000F1F30000FDF20000AB
:10487000F0F300002BF600005FF9000006FD0000D9
:104880008C0000004904000071080000190C0000B1
:10489000E80D0000830D00001C0B00001007000055
:1048A000DD01000024FC000035F70000C8F3000023
:1048B0002BF20000D7F2000032F500008EF8000065
:1048C00092FC00004E000000E9030000AD0700006C
:1048D000030B0000EA0C0000E40C0000180B0000C1
:1048E000A707000016030000DEFD0000F9F8000035
:1048F00041F500001FF3000003F300009DF40000E9
:104900006BF7000005FB0000B3FE0000150200007D
:10491000B1050000BF090000E30C0000FA0D000023
:10492000C70C0000B10900002B05000090FF00003B
:1049300005FA000075F500008BF20000C6F10000DA
:1049400024F3000013F60000ECF9000003FE000061
:1049500099010000F1040000590800000F0B00004D
:10496000740C0000320C0000150A0000A6060000BE
:104970003702000037FD00009DF8000010F5000030
:1049800026F3000011F30000BEF40000B2F70000AF
:104990004EFB00000DFF00007B020000040600003B
:1049A000EF090000EC0C0000A70D0000620C0000F5
:1049B0006909000002050000ACFF00002AFA0000AF
:1049C000B7F50000F2F2000032F2000080F30000C0
:1049D0006CF6000040FA000049FE0000C001000033
:1049E000E404000006080000BE0A0000560C0000A7
:1049F000F30B0000160A0000140700001603000065
:104A000054FE0000B2F900002AF60000F5F30000A1
:104A1000A9F30000EFF4000068F70000E2FA0000DC
:104A200073FE0000C90100001E050000F808000028
:104A3000470C00003F0D0000660C0000D409000088
:104A4000DF05000039010000FAFB000089F70000D3
:104A5000ADF4000076F30000F8F3000004F6000067
:104A600017F90000BCFC00004000000042030000F9
:104A70006E0600009F090000E60B0000790C0000A4
:104A80003B0B000085080000C20400004600000047
:104A9000B0FB0000D2F7000039F500002DF4000053
:104AA0009CF4000072F600006BF90000D9FC0000D5
:104AB0000C00000034030000CB060000540A000084
:104AC000660C0000BE0C0000490B00001D08000031
:104AD0001904000044FF00007DFA0000D6F6000033
:104AE00086F40000D2F30000D2F4000023F70000A7
:104AF00063FA0000CCFD0000F60000001204000084
:104B000060070000A60A0000100C0000E40B000083
:104B10006B0A0000410700007103000000FF000065
:104B200096FA00002EF7000019F500004FF400007F
:104B300018F500003FF7000032FA000092FD000077
:104B4000CB0000001F040000CE070000400B000057
:104B5000A80C0000360C00006E0A00001C070000C4
:104B60003A030000BAFE000074FA000052F7000099
:104B700047F50000B5F40000A6F50000FBF70000C3
:104B8000EDFA000019FE00003401000049040000A5
:104B90001C080000190B0000550C00001D0C000043
:104BA0000C0A0000DA060000EE0200006AFE0000B7
:104BB00043FA00001EF7000025F50000A6F40000EF
:104BC000A8F50000F1F70000DEFA0000F3FD000098
:104BD000000100004E04000029080000EE0A000059
:104BE000FD0B0000650B000046090000690600008F
:104BF000910200003BFE000052FA000039F700006D
:104C000035F500009CF4000090F50000C1F70000AD
:104C100082FA000091FD0000AA00000032040000AA
:104C20002A080000C70A0000F10B00002B0B00004F
:104C3000F108000032060000560200002FFE0000BE
:104C400045FA00001EF700002FF500008EF400006A
:104C500074F5000081F7000027FA00002CFD000029
:104C600046000000F5030000FF070000980A00005E
:104C7000970B0000F20A0000C2080000E2050000E5
:104C80002D0200000DFE00003DFA000023F7000099
:104C90002CF500008EF400004BF5000044F70000F6
:104CA000E4F90000CDFC0000E6FF0000CF030000A7
:104CB000D6070000490A0000740B0000A00A00009B
:104CC000DD08000075060000B00200009CFE000038
:104CD00093FA000044F700001CF500005AF40000AD
:104CE00019F5000010F70000CEF90000EEFC0000FE
:104CF00014000000C2030000AC0700006C0A0000B2
:104D0000AB0B00001C0B000078090000D00600006F
:104D1000FD020000CFFE00009EFA00003FF70000F9
:104D200021F500004FF4000019F500000FF7000016
:104D3000D0F9000006FD00002D000000E103000096
:104D4000DD070000E30A00000F0C0000820B0000EA
:104D5000B3090000B2060000F2020000A1FE00004C
:104D60008BFA000063F700004FF50000A5F4000087
:104D700083F50000B4F700007DFA000096FD000006
:104D8000B00000000B040000FE070000BC0A000099
:104D9000FA0B0000D60B0000C6090000B1060000A7
:104DA000D40200005AFE000045FA000018F7000087
:104DB0001DF50000A7F40000ABF50000F7F70000B8
:104DC000E0FA0000F4FD0000080100007904000092
:104DD0005D080000030B0000EF0B0000380B000023
:104DE000100900001C06000023020000CAFD00009C
:104DF000F7F90000F9F6000010F50000A6F4000035
:104E0000C0F5000003F80000CFFA0000E5FD000047
:104E1000FE0000009D04000085080000FD0A00005F
:104E2000F90B0000F50A0000B3080000DA050000E5
:104E3000E2010000BFFD0000E6F90000DEF6000020
:104E40000DF5000093F40000A2F50000C0F700008B
:104E500072FA00007DFD00009D0000006504000066
:104E600058080000C70A00009F0B0000C30A00009A
:104E70007C0800008C050000BF0100009EFD0000C2
:104E8000DEF90000E1F600000AF5000090F40000F1
:104E900076F5000084F700002DFA00001DFD0000EB
:104EA0003E000000460400002A080000760A0000C8
:104EB000700B0000530A0000840800000606000082
:104EC0003002000028FE00003FFA000017F7000043
:104ED00015F5000072F4000043F500003EF70000F5
:104EE000E1F90000F3FC00001700000008040000D6
:104EF000FE070000710A00008C0B0000B10A0000E0
:104F0000FF0800006F0600009302000083FE00000F
:104F10006EFA000026F7000011F500004EF40000C4
:104F20001EF50000FFF600009DF90000AEFC000039
:104F3000C8FF0000D9030000EF070000820A00004C
:104F40007D0B0000C70A00000209000055060000A2
:104F5000B7020000B1FE0000C2FA00008EF70000A8
:104F600061F5000078F4000024F50000FAF6000076
:104F70006DF9000052FC00006BFF000034030000DC
:104F8000350700009A0900001D0B00005E0B0000B1
:104F9000870900000E0700009C0300004FFF00007F
:104FA00040FB0000BDF7000066F5000065F400005E
:104FB000DCF40000BAF600002AF90000FEFB000055
:104FC0001CFF0000E402000010070000BF09000001
:104FD000F60A0000250B0000D90900007607000042
:104FE000450400003D00000033FC0000B9F800005B
:104FF00027F60000F9F4000032F50000D3F60000B7
:105000003EF90000FDFB0000D8FE00004902000050
:105010005406000045090000FA0A00008E0B00004B
:10502000700A000077080000BE050000D7010000EC
:10503000C9FD00001CFA000029F700007BF5000004
:1050400029F500005AF6000072F8000008FB000085
:10505000F4FD0000260100002F0500007308000089
:10506000730A00007A0B0000840A0000E8080000C0
:1050700093060000F5020000F8FE00001AFB000095
:10508000EEF70000E4F5000016F50000D1F5000091
:1050900093F70000E6F90000BAFC000096FF00005C
:1050A00044030000E30600001C090000C30A0000DE
:1050B000AE0A0000040900003E070000570400008B
:1050C00080000000C3FC000059F90000D4F6000085
:1050D0006CF5000067F50000AFF60000CEF80000A8
:1050E0006CFB000026FE00007F0100002005000090
:1050F00032080000EE090000810A0000EF090000FC
:105100004308000027060000D8020000EFFE000060
:105110004BFB00002BF800001DF6000044F50000DA
:10512000F6F50000B9F7000026FA0000C9FC0000FF
:10513000BCFF00005503000069060000760800006F
:10514000B10900002D0A000049090000D107000044
:1051500059050000AC01000005FE00004EFA0000F9
:1051600073F70000BCF5000053F5000097F600004F
:10517000A1F800002AFB0000E8FD0000F400000098
:1051800066040000E5060000820800009E09000099
:1051900091090000CF0800003607000086040000D7
:1051A0001701000029FD0000BEF9000010F7000003
:1051B00091F50000A4F50000D9F60000DDF800002C
:1051C00076FB000007FE0000190100004604000005
:1051D0006606000041080000340900006409000070
:1051E000C40800001807000096040000FC0000003E
:1051F0003AFD0000D4F900001EF700009CF5000005
:105200009FF50000DFF60000F4F8000081FB0000CD
:1052100012FE00002E0100003B04000038060000D2
:10522000E107000032090000500900008408000076
:105230001B0700009A0400003001000062FD00001E
:10524000E9F9000027F7000094F5000097F5000049
:10525000D9F60000D7F8000074FB000012FE000031
:105260003201000033040000D2050000A80700004E
:10527000D408000004090000A10800001407000081
:10528000BD0400004D01000078FD000016FA00008A
:1052900044F70000A3F50000B3F50000E6F60000B7
:1052A000EBF8000084FB0000FFFD00002C01000073
:1052B000180400008F05000023070000A608000066
:1052C0000A0900004808000005070000C2040000A9
:1052D00062010000CDFD00004BFA00006EF70000F7
:1052E000B7F500007FF50000AAF600008FF8000077
:1052F0001BFB0000C2FD0000F5000000AD03000034
:10530000A60400006C06000026080000B00800009B
:105310009408000089070000FB0500000D03000051
:1053200068FF0000F2FB000099F8000060F6000042
:1053300098F5000038F60000CBF7000026FA0000D0
:10534000BFFC0000DEFF0000320300000404000088
:10535000EF040000ED060000FB070000A8080000B5
:10536000730800007D07000087050000720200003E
:10537000C4FE000010FB000022F8000025F600002B
:10538000CAF50000B2F6000061F80000F0FA000073
:10539000AFFD000083010000B3030000F70300002D
:1053A0003605000098060000BC07000066080000F3
:1053B0007208000092070000AD05000076020000B0
:1053C000ABFE000014FB000016F8000047F60000DA
:1053D00004F60000CAF6000080F8000022FB00007E
:1053E000F0FD0000DA010000AD0300007C030000C6
:1053F000B8040000BD050000FA0600001708000010
:10540000480800001D08000068060000790300003D
:10541000FCFF00001BFC00000AF90000C8F60000B9
:10542000F3F5000055F60000ABF7000029FA000084
:1054300002FD00001301000099030000CD030000ED
:10544000B3030000C5040000400600001907000077
:105450007E0800007908000092070000BD050000EA
:105460003E0200007BFE0000D9FA0000E8F70000D1
:105470002BF60000C1F500006CF6000067F8000094
:105480000EFB000099FE0000B702000007040000B8
:10549000C3030000380400008B0400008F050000E7
:1054A000FA060000C90700002A080000680700008B
:1054B000540500004302000071FE0000D6FA00000F
:1054C000F4F700002FF60000BFF5000070F60000B2
:1054D00066F800003DFB000003FF00003A030000F7
:1054E00050040000160400002E04000071030000A8
:1054F0005704000082050000980600006B070000BA
:10550000E2060000D505000060030000DCFF00009B
:105510005DFC000046F900000EF70000FFF50000FA
:1055200008F6000065F70000CEF900002CFD000031
:10553000E501000022040000030400009A030000BB
:10554000B0020000610200008F0200002F04000082
:10555000A8050000920600003C070000ED050000D1
:1055600056030000050000006AFC000070F900000E
:105570001FF7000004F6000018F6000053F70000C3
:10558000ACF9000040FD0000BE010000580300001F
:105590003D03000019030000E901000017010000AD
:1055A00018010000BF0200008E0400002106000068
:1055B00061070000D7060000210500005D02000021
:1055C000F2FE0000BBFB0000DEF80000EEF600007B
:1055D00040F6000086F600002FF80000BBFA00003D
:1055E00038FF0000C8020000E202000027030000AC
:1055F00078020000860000004F0000000601000055
:105600004B02000013050000AC0600001F0700005D
:105610004C07000095050000E3020000C3FF0000F6
:105620005AFC000074F9000080F7000077F60000D3
:1056300045F600008CF7000015FA000075FE00002A
:10564000100200009102000017030000F1020000A8
:1056500051010000710000004C000000A800000093
:10566000AF02000025050000B1060000AC070000F5
:105670006A070000D90500006E0300006200000008
:1056800014FD000013FA0000DCF7000090F60000A3
:1056900055F600005DF70000EDF9000011FE000076
:1056A000890100002003000082030000C502000001
:1056B000E201000068000000ABFF00005C00000099
:1056C000470100000604000046060000E80600004E
:1056D000AF0700008F06000059040000DA01000047
:1056E00083FE00008CFB000017F9000078F7000033
:1056F000A7F6000030F7000024F90000D5FC0000F8
:105700003B01000063020000BF0200001203000022
:105710006C01000064000000ECFF0000BCFF000012
:105720002001000019030000050500009D0600008F
:105730001D070000AE0600001A050000A3020000CD
:10574000A7FF00009AFC000012FA000040F80000D9
:105750004FF700007DF700000EF900006DFC00001F
:1057600005000000F3010000F5020000A7020000A0
:10577000D6010000C2000000B6FF000006000000D5
:10578000920000009F0200003B050000220600007E
:1057900042070000FD06000033050000540300002E
:1057A0004F00000046FD00008CFA000063F8000086
:1057B0002AF7000007F7000078F8000065FB0000FA
:1057C00010000000360200005C0200001B03000015
:1057D0009801000050000000BBFF0000D3FE000055
:1057E0009DFF0000BB0000006B020000D60400001B
:1057F000070600001C0700003E0700000C06000022
:105800002B0400009401000010FF00008EFC00003B
:1058100072FA0000E2F8000010F800007BF80000C7
:10582000F7F90000DDFC0000CEFF0000FE000000E4
:105830009E0100008B010000E40000005D000000FC
:1058400099FF000079FF0000CDFF0000B6000000C6
:105850003E0200006B030000AF040000A905000039
:1058600000060000F5050000D60400000203000059
:10587000230100000CFF0000D1FC0000E5FA00004D
:1058800092F900001EF90000AAF900005DFB00007B
:10589000CDFD000091FF00007D0000001D01000013
:1058A000E9000000860000000F000000A8FF0000D3
:1058B000C7FF0000D5FF0000760000007E01000059
:1058C000C701000092020000D80300002F0400006E
:1058D000BF040000EC040000400400006703000067
:1058E000C6010000A2FF0000BCFD0000DEFB0000BE
:1058F0004AFA00008EF9000096F90000ABFA0000A9
:105900002FFC0000CBFD0000E5FE00007AFF000048
:105910005500000088000000A20000007700000091
:105920004C0000003800000099FF0000E5FF000077
:105930002A00000058000000FD0000005E01000089
:105940000B020000E40200004F0300006B030000A4
:105950002B0300007802000034010000A8FF0000C3
:1059600040FE000007FD0000EFFB00004DFB0000C3
:1059700053FB0000EEFB0000C0FC000090FD0000A7
:10598000B9FE000056FF0000BCFF0000D3FF00007E
:10599000C8FF0000ECFF0000B2FF00003C00000068
:1059A000F0FF0000D7FF00009F000000760000001D
:1059B000B30000002F010000C10100000D02000033
:1059C00010020000BB020000400300000D030000B5
:1059D0009D0200000602000018010000F7FF000011
:1059E00004FF00000CFE0000BCFC000058FC00009E
:1059F0007DFC00005AFC0000EEFC0000D5FD00001C
:105A000094FE000061FF0000DAFF0000EBFF0000E1
:105A100033000000820000008A0000008C000000BB
:105A2000AD000000C5000000C500000097000000A8
:105A3000920000007E00000073000000B90000002A
:105A4000BE000000E8000000600100008D010000C1
:105A5000950100001402000057020000CC01000074
:105A60006A0100001E0100004700000097FF0000CF
:105A7000BFFE00000AFE0000FFFD00008DFD0000DB
:105A8000BFFD0000C0FE000015FF000059FF000030
:105A90001D00000051000000B000000027010000C0
:105AA0002C0000009D0000000E0100009900000085
:105AB00018010000C10000003A000000470000008B
:105AC0005F00000081000000CC000000C800000062
:105AD000BA000000D0000000D60000002301000042
:105AE0002C010000E90000009C010000880100007A
:105AF0000901000009010000C10000008100000050
:105B0000F9FF000061FF0000ECFE000010FF000044
:105B1000F3FE00000FFF000010FF0000BEFE0000BB
:105B20001EFF000074FF000080FF0000EFFF000078
:105B3000FCFF000028000000A10000002800000079
:105B40005200000038000000B4FF0000E5FF000034
:105B50000700000002000000300000008400000088
:105B600028000000DAFF00005F0000004E00000087
:105B7000030000000C000000F1FF000048000000DE
:105B800071000000D2FF0000D7FF0000AEFF000050
:105B900030FF0000B1FF0000CFFF000098FF0000C1
:105BA000B3FF0000F9FF00006D0000005D00000081
:105BB000270000000E0000008EFF000066FF0000BE
:105BC000CFFF0000FFFF0000310000007500000063
:105BD0006E0000003A000000F1FF00001400000019
:105BE000750000005E00000054000000D1000000BD
:105BF000CC000000A1000000AD0000006200000029
:105C000005000000EFFF0000A2FF00001DFF0000E4
:105C10006FFF00004AFF000035FF00006CFF00002E
:105C200056FF000094FF0000B4FF000098FF000042
:105C3000C9FF0000CDFF000010000000760000004A
:105C40002C000000510000001E000000CDFF0000ED
:105C5000EEFF0000F1FF0000000000001000000057
:105C60005C00000009000000BDFF00004A000000C9
:105C70003B0000000B000000380000004200000064
:105C8000BD000000030100003C00000019000000FE
:105C9000C8FF000022FF000092FF0000A2FF0000EA
:105CA0002FFF000034FF0000F5FF00004E00000051
:105CB0000E000000ECFF000085FF0000E8FE000081
:105CC000F5FE00008BFF0000C8FF0000FFFF000092
:105CD0003B0000002E000000D0FF00003AFF000053
:105CE00076FF0000D6FF00009FFF0000C6FF000007
:105CF000FBFF00000F0000002F0000004400000028
:105D0000E6FF000067FF0000F6FF0000090000004A
:105D10006AFF000012000000D6FF000075FF0000BF
:105D200030000000840000007E000000370000000A
:105D3000C7FF000058FF000058FF0000A7FF000049
:105D4000050000004400000033000000D6FF000002
:105D50003800000001000000AEFF00003E0000001F
:105D6000C7FF00001C00000042000000D2FF00003E
:105D7000E1FF00009EFF0000A6FF0000A6FF00005C
:105D80000E00000068000000E0FF0000B7FF000008
:105D9000D7FF0000CFFF0000F5FF00001D0000004E
:105DA000600000008B000000560000006200000050
:105DB00043000000ECFF00001D0000000700000091
:105DC0000B000000400000002B00000067000000F6
:105DD00039000000140000002D000000E6FF000064
:105DE000E3FF0000FFFF0000E4FF000005000000EB
:105DF0003A000000230000001F0000002600000001
:105E000013000000390000006E0000007200000066
:105E10005C000000EBFF0000E8FF0000E0FF000076
:105E2000CBFF00002A0000000C0000001000000062
:105E300026000000FCFF0000DAFF00000600000062
:105E400039000000730000005D000000C9FF000081
:105E5000D0FF0000AAFF0000A5FF0000F6FF000031
:105E60000D00000019000000E9FF0000C2FF000063
:105E700007000000220000000400000015000000E0
:105E8000FEFF0000F9FF0000D7FF0000C5FF000083
:105E9000DAFF0000EFFF0000F3FF0000E1FF000069
:105EA000F1FF0000E1FF0000DAFF0000B0FF00009A
:105EB00088FF0000B7FF0000CAFF000007000000D5
:105EC0002D0000001A00000020000000D6FF000096
:105ED000C9FF0000E4FF0000DEFF0000FDFF00003E
:105EE0002D0000001A000000D8FF0000D2FF0000C3
:105EF000C2FF0000BCFF0000D0FF0000F4FF000064
:105F00000C00000015000000E7FF0000C8FF0000C3
:105F1000E2FF0000E6FF0000280000002A00000069
:105F2000FBFF0000F8FF0000090000001F00000058
:105F30000700000006000000E3FF0000CBFF0000A8
:105F4000E0FF0000E0FF0000F7FF0000EEFF0000B0
:105F5000CAFF0000D0FF0000BEFF0000CDFF000020
:105F6000F4FF0000D5FF0000B7FF0000A4FF000011
:105F7000BAFF0000CCFF0000B6FF0000BCFF00002D
:105F8000ABFF0000AAFF00008BFF00007AFF0000BB
:105F900093FF0000A0FF0000A9FF000090FF000099
:105FA0008DFF00008DFF0000A5FF0000B0FF000086
:105FB000A6FF0000B2FF0000B0FF0000A3FF00003A
:105FC00082FF000075FF00007CFF000095FF0000CD
:105FD000BFFF0000DAFF0000DAFF0000B3FF00009F
:105FE000BDFF0000B6FF0000B7FF0000F0FF00009B
:105FF000F1FF0000F1FF0000E5FF0000D2FF00000C
:10600000DDFF0000EDFF0000FBFF0000B8FF000017
:1060100078FE0000C2FD00005AFD000063FD000094
:10602000C8FE00004CFF00007CFF000065FF000080
:1060300080FF0000CB000000DF00000067000000D0
:106040005AFE000030FC00006EFE00007E000000E2
:106050004E020000930200002101000097020000A0
:10606000C2020000C203000054040000410200000C
:1060700060010000B5FF000010000000F500000006
:10608000BF000000E00000000300000094000000DA
:106090006A000000FDFE000030FE0000AAFC0000C7
:1060A000F0FC000054FE0000C1FE00004AFF0000AA
:1060B000BCFD000054FD00006CFC0000CAFA0000AA
:1060C00054FE0000C9000000610200000E02000042
:1060D00047000000B7020000DD0300008905000052
:1060E00042060000CF030000C0020000AE00000026
:1060F0000C000000A0FF000056FE0000F1FE0000B2
:1061000037FE00002AFE0000BDFE00009BFD0000DF
:1061100060FD0000C6FC00008FFC0000C1FC000018
:1061200061FC0000E1FC0000F0FC000005FB000049
:10613000CBFB0000700000002303000013040000EC
:10614000B4010000ED0000005402000090020000C5
:10615000460500000F050000790300003902000029
:10616000700000007600000095FF0000CDFE0000EA
:106170002FFE00000BFD000035FD0000A0FD00001B
:106180007FFC000083FB00006CFA000008FA0000AE
:106190006DF9000064F70000ECF9000070FE0000EB
:1061A000B70100007A0300006A0200005B030000F0
:1061B0009304000059050000E106000015050000E9
:1061C00008030000840100004A000000B6FF000040
:1061D00081FE000080FD0000B9FC000068FC0000AA
:1061E00011FD00000AFD000036FB000082F90000EE
:1061F00012F900000EFA000001F8000067F9000033
:10620000A9FF0000600300002B050000A4030000AC
:106210006A030000D00300001D0300002A050000EF
:106220006D04000023020000FD000000F9FF0000E3
:106230002B00000065FE000070FC0000B3FB0000B6
:106240001FFA000080FA0000FEFB0000A2FC000024
:1062500074FC000043FA0000C3F600001BF80000C5
:10626000040000001C05000040050000380200008A
:10627000470100003703000032040000C706000099
:106280004906000044020000AFFF0000E9FF0000E3
:106290007D00000031FD00007FF900004FF8000094
:1062A00064F80000C9FA00000AFD00003EFC00008E
:1062B000B5F6000050F3000042FA0000F9010000BA
:1062C0003A060000A40500002B0300006B04000048
:1062D000AA050000CF08000075080000F3020000C6
:1062E00005FF000080FC0000EBFB00006CFC0000E0
:1062F000CEFB000030F900004FF700006EF90000FF
:106300005AFD0000E3FA00001EF6000052F90000FA
:1063100079FF0000770300005905000028060000FF
:106320008A0600006D05000082060000400700009C
:106330003103000054FF000095FC00007FFA0000CC
:10634000D2F8000052F8000010F9000097FA00009F
:106350006CFB00008EF800005DFA00005A0100009E
:106360006C05000048060000E70400002406000059
:106370002D070000010500000F040000EF000000E1
:10638000E7FD000033FC0000DEF9000033F80000F8
:1063900008F600003BF600002CF60000A1F8000013
:1063A000A70200005E0A0000750C0000E70A00006A
:1063B000730700009A030000720000009A010000B9
:1063C00075FF0000CCF9000046F700009BF50000C7
:1063D000BDF3000025F30000BFF800002401000019
:1063E000770500002D090000B50D0000040F000026
:1063F000740B00008A050000DA000000D4FB0000E6
:10640000C9F900000EF9000033F5000067F2000042
:106410003FEF00008BF30000DDFD0000B80400003A
:1064200025090000DA080000EF090000F10B000068
:106430007D0C0000800B00009D0300009BFD000010
:1064400097FA0000DDF6000044F60000F6F60000C2
:10645000A6F60000F5F200001AF40000C6FE0000E7
:10646000E1050000EC070000EF080000DE09000075
:10647000380A0000520A00003E0B000057050000D9
:1064800028FC0000B6F700005DF50000DEF3000018
:10649000A8F400003DF3000054F400007FFD00006C
:1064A000800600001A0B0000290C00008B0D000074
:1064B000820C000041080000C905000042010000F4
:1064C00085FB00006BF6000048F3000019F30000A4
:1064D00098EF00001FF3000010FE000031040000E0
:1064E000EA070000160900003C0C0000320F000013
:1064F000C50E0000C60B0000A8020000DEFC000074
:1065000004F90000F2F20000C2F10000F5EE000014
:1065100098EE00009CF9000059030000B20800004A
:1065200069090000B20900008B0D0000200E000078
:10653000050E00000F080000E7FF00007AFA0000D7
:10654000C8F300005DF100009BF20000AEF0000017
:1065500053F3000072FE000071060000270A0000DD
:106560009A0A0000FA0B00008E0D0000BC0D00001E
:106570006F0C0000F2040000BCFD00008FF700006B
:10658000BEF1000090F100008FEF0000F5EE00007A
:1065900002FA0000A30300009F080000070B0000A0
:1065A0008D0B0000970E00009D0F0000B00F000043
:1065B0003108000093FF0000B5FA0000D2F100009E
:1065C000C3EE0000DBEB0000D2EC000031FA00006B
:1065D0008D030000C3070000E3090000BE0B0000AC
:1065E00013100000E31000004610000073080000C4
:1065F000ABFE00000FFA00000DF30000D9F0000020
:10660000A5EC0000EDEA000082F800003C03000069
:10661000810700001A0A0000880A0000CC0C000064
:10662000020F0000A0110000E70B00007401000041
:10663000F6FA0000B7F1000098EF000054F00000F7
:10664000E2EC000016F50000680000009404000071
:106650002F0900000D0C0000990D00004F0E0000E6
:10666000E20F0000BD0C00001B0300005FFE0000F5
:1066700023F5000014EF00001FEE0000B7EA000051
:1066800047F60000F10200001606000012070000A5
:106690009D060000110B00004B0F0000A11100002F
:1066A000EB0C0000BB010000C8FD0000A3F50000DA
:1066B00021F10000F1EF00009CEA0000F0F500007D
:1066C0008D020000C90600009407000022060000A9
:1066D0000B0A00005E0D000075110000240D000083
:1066E000E001000085FD00009CF40000F1F00000D6
:1066F00082EE000056EA00002FF70000FF020000C3
:10670000B806000088070000B9060000350A00003E
:10671000EB0D0000AA110000330B00006400000024
:10672000CCFC0000A5F3000016F10000C3EE000051
:1067300008EA000081F700002704000009080000B3
:10674000290800005B060000980800008A0D000080
:10675000F5110000B80A00006F020000F6FD00000D
:10676000FDF50000F4ED0000D4E5000045EC00006C
:1067700094FC00004F05000052080000D204000005
:10678000F50300002D0E00005B150000171200003D
:106790007909000006FD000019F2000075EF000005
:1067A000BDEA00008FEA0000D0F600004FFF0000B5
:1067B0005B060000330C0000730900005C09000058
:1067C000BF0F0000330F0000D3070000D502000008
:1067D0002AF70000CCED0000CCF100004DF10000E4
:1067E0002BF2000022FF00003E080000B00900006C
:1067F000E50900006905000030020000760900008C
:10680000D90B000092050000FE03000098FA00007A
:1068100071F200005EF600008CF20000F1F1000061
:106820002FFC000032030000B20500003107000019
:1068300062050000F50300001D0D00004711000077
:10684000440A0000B80900000FFD0000C9EC000078
:10685000FBE8000000E40000C3F20000E3040000D5
:1068600092050000010800008C0500003D040000B6
:106870001C0F0000E7110000630B0000F70400008C
:106880001DFB0000A2F400006AF00000B6E7000063
:106890001EEE0000030000003C080000E10C0000B8
:1068A0003C0A0000F70000001A060000F00C00008F
:1068B000030B0000710A00008C01000094F5000039
:1068C00054F1000027EA0000F5EB000065FA000033
:1068D00012030000DD080000610900004A05000005
:1068E0009E04000043090000840C000081080000A1
:1068F000A405000000FE00007CF3000095F20000FB
:1069000022EF0000D6EE000069FD00007C090000C7
:10691000070B0000B5090000400400006AFF0000FA
:1069200041070000780B00007607000022070000F6
:1069300017FD00006BF3000040F400008AEF000038
:10694000BBF0000034FC00001D05000047070000FC
:10695000D2060000F90400002D020000D20A000057
:1069600087100000360A00001F0A00001CFF00000C
:10697000C0EE0000B9EA000018E5000047F0000092
:106980003203000024060000240800003F06000037
:10699000730300005A0D000004120000080C0000F0
:1069A000F3050000E3FB000095F400006DF100002A
:1069B0008BE80000FEEC00006BFF00008608000082
:1069C000810D00008A0C000006010000F9020000A1
:1069D0003A0A000062080000550A00003204000074
:1069E00087F70000ACF2000063EA00009EEB0000B5
:1069F0008EFB0000D00400008D0A00007A08000021
:106A00009D020000960100006D040000BF09000017
:106A1000D50800007B070000A603000068F900000D
:106A200054F4000061ED00002DEB00000AFB0000B3
:106A3000AE0A0000110D0000C6090000CA020000E5
:106A40007BFB000004040000470A00008A090000E4
:106A5000B30C0000D9000000A5F5000056F10000BD
:106A600081E70000C5ED000092FD0000920A0000E1
:106A70001D0D000059060000FE020000DDFC0000B4
:106A80004A0500000C0C0000A60700005F0B000088
:106A90004D00000029F50000A6F3000086ED00007F
:106AA00026F00000DCF90000990A0000D60E000074
:106AB000C6070000BB040000E6F60000A0FF0000CF
:106AC000040A0000EC040000CB120000A108000042
:106AD0001BF90000B5F4000023E7000061F100009D
:106AE0002EF40000FAFB0000D40D0000D6020000D6
:106AF000840800009604000024FA0000830B0000C4
:106B000066030000ED0800006E130000ECFD0000BD
:106B1000E3FC0000A5EE000016E700002DF90000E0
:106B20006BF10000890000002F0F000079040000C5
:106B30007D0C0000DE00000025F800002A060000A1
:106B4000F3FF00004E0900008D1600005F0A0000F0
:106B50008103000066EE000089DF0000F1E900001B
:106B600026EA0000CEFC0000C1110000300B00003E
:106B7000910E000026050000B3F700002C04000071
:106B8000EEFD000034030000D1150000E70A00000C
:106B9000B90500002AF40000FEE100000CEE000040
:106BA0003FEE0000BCF900005F1300006D11000013
:106BB000D80B000004050000A5F3000012F9000046
:106BC000830000007DFD000003120000A3160000FA
:106BD000870D0000A2030000F5E40000CCE00000F7
:106BE00019EE000047F800006C040000480A00009D
:106BF00043100000DE08000098040000F5FD0000CE
:106C0000A5F30000D5FF00003C030000BD0B000011
:106C100010170000300D0000D90000007EEB0000CE
:106C200014E40000B3F00000A7F30000A3FD00008F
:106C300014100000380E0000290B0000310600007F
:106C400048F20000BAF80000C1FD00002D0100006C
:106C5000B0150000E9120000F10E000062FB000018
:106C6000EBDF00000FE400001CF500005006000000
:106C700079070000040800002B0C0000EC0700005E
:106C8000B706000020F9000009EB0000DEF4000068
:106C9000AF020000E80F0000C718000085160000D2
:106CA000AE0A0000ECF20000A6E3000069E3000079
:106CB00085F3000071010000D7020000590F0000A9
:106CC0001C0E0000FF04000039010000F5EE00007A
:106CD000BFF300008B040000610A0000D71600001B
:106CE00068100000BA03000026F300007FE50000F2
:106CF000DFF0000011FF0000C00D0000560300008F
:106D000020FC00005E0A0000C7000000B100000087
:106D100089F8000004EA00005F030000520E000042
:106D2000211400009C1700009B0900009C05000036
:106D3000A7EE000098DD00005CE70000B1F700005E
:106D40000408000069080000FC0B0000F20E0000BF
:106D5000560400005EFF000078F000000EEF000017
:106D6000570200000D0B0000AD15000036130000A7
:106D7000E6090000D4F800006FE800004BED0000C9
:106D80002CF7000054060000560000000601000029
:106D9000010E0000030300005E04000068F700001D
:106DA00024EC000024030000EB090000B4140000F0
:106DB000DE140000440700003F0000007CE90000F2
:106DC000BDE400005FF10000860300000711000031
:106DD0009F040000040400005507000002FE0000AC
:106DE00027FF0000EFEF00000EF10000180900007F
:106DF00078100000E61800005D100000F5060000A5
:106E00006FFB0000FBE4000091E500003AF1000098
:106E100088020000860B0000CA040000B50B0000C9
:106E20004D090000A0FF000072FB00001BED0000F8
:106E30007FF90000860900008E100000BB150000DD
:106E4000FA0B00004D01000048EE000002EB0000CC
:106E5000D3F30000A6010000AF07000077FD00009B
:106E60005B080000440600001E0100001E01000037
:106E7000F1EB0000B0F900005D0A0000ED0F00002A
:106E8000261900005B0A0000110600003CF6000015
:106E9000D0E0000057E600009BF50000600E000007
:106EA00083140000AD0300009A060000EA0200000F
:106EB00034FC00001BFC00004EEA00001BF8000040
:106EC000000E00008E15000044170000580A000054
:106ED00063010000CCF10000E3E900007DF0000058
:106EE00041FA0000BC0D000079050000F7F9000030
:106EF000BC0B0000E5FF0000A000000044FD000006
:106F00008BEC0000D9050000380E000032120000A2
:106F1000C6100000CB040000CAFF0000A4ED000072
:106F2000A7E600003AEF000014020000AB190000D1
:106F30007B0B0000ACF90000090200000AF9000018
:106F40002C00000027FB0000B5EE00000508000043
:106F5000DA130000601A0000261400007A01000015
:106F600089F30000B4E60000B3EC0000C1F70000B4
:106F7000A8060000FD0C000077FD0000EC040000F6
:106F8000FF0700007BFB0000AAFC00006FEF000081
:106F9000B4FB0000AE1000005B1300002F160000D1
:106FA0000B080000E0FD00000AED0000EBE100002E
:106FB000AFF100002C050000301D0000231300007D
:106FC00089F00000C5FA0000C9FC0000AAFD00001D
:106FD000E902000027ED0000FE0100006317000039
:106FE0007C1800005F12000059FC000092F80000BD
:106FF000FBF300002EEE00002DF2000069FA000005
:10700000EA0900006C06000073020000630900003A
:107010007FFB000099FB0000D9F7000060F500003D
:10702000DE09000023100000A71300005C0E000022
:107030007B020000CAEE0000BADF0000B2EE0000E2
:10704000D8060000371A0000631A00006CF5000033
:1070500097EB00006A0200006DFA000001010000D9
:1070600001F8000039F30000E3180000AC1900003B
:10707000870C000000FD0000BCF50000E2010000EC
:10708000C6F7000067EF000081F00000C4FE0000BA
:10709000320C000094FF0000AA070000DC02000090
:1070A0004CF8000078FF0000BEF200005FFF000017
:1070B000060E0000D20F000096130000E306000049
:1070C0000EF8000003E300009BE5000067020000EB
:1070D000FE130000F61B0000CEFC000035E60000A9
:1070E000950300007CFD00003BFD000008FD000052
:1070F00074EB0000EB1300008E1F00004D0D00002C
:10710000F5FE000036F10000B8020000F1FC0000BE
:10711000F6ED0000B0EE00002CF90000E0140000D5
:10712000C40A000081FB0000EF000000B4F400007E
:1071300027FF00003BFD000015F50000140D0000C6
:10714000E5130000F01200005606000041F50000B3
:1071500082ED000079EA000050FB0000530A0000B5
:10716000A5150000120F0000FEE900009CF40000CD
:10717000E8000000D2F30000B10600006BF8000048
:1071800054020000C21F0000180D00007F03000021
:1071900002F6000056F6000008FE000030F2000083
:1071A0006DF4000006FC0000EE0D0000EA0C00008B
:1071B000E3F500006EFF000041FB0000B9F800009D
:1071C0008E03000082F500005B05000079160000C8
:1071D000BA0F000092080000AFF8000026F100008E
:1071E0007CEE0000B2F50000F7040000740F000010
:1071F00085100000A6F100005EF10000050500000A
:1072000027F400000401000009FD000064FB0000F9
:10721000221F0000FF110000E1020000D7F900006A
:10722000E5F2000099FE000056F30000C6F00000F1
:107230003DFD0000F70E000018150000F7F80000F3
:1072400005F600007BF80000FFF300001C040000BE
:10725000FBFC000025040000941900008D110000C3
:10726000740400005DF40000D1EE000044F300005F
:1072700075FA0000CC0500009B0C0000F60C000025
:107280004FF10000FFF300004405000064F100002E
:10729000AFFF0000A0FC000066FF000046200000D9
:1072A000860D00004601000065F90000EEF60000C2
:1072B000BC010000DDED000081EB000037FF0000A5
:1072C00046170000EA1A0000C0F50000C1EE0000F9
:1072D00068F50000E1F40000EE040000C6FC0000C8
:1072E000640600005F1F0000641200007BFB0000CA
:1072F0003BEB00007DF20000E1FE0000C600000054
:107300006B000000620500006BFF000042F500000A
:107310005B0A0000FAF90000DEEF0000C3FD000088
:10732000DAF6000043140000191600001E060000E3
:10733000D20600002AFB00003BFD0000A4EB000089
:10734000ACDD0000C1F9000017200000BB2B0000DD
:1073500063FF00005AE4000000F40000C2F50000E2
:10736000B6FF000036FD0000DBFC0000621D0000DF
:107370006F1F0000CFFF0000ECE3000006ED0000EF
:10738000690900001B0D0000A5FB0000D7F60000F6
:10739000E0F80000A5F70000FE110000F303000074
:1073A000BFED0000DEFB0000D5F70000DB090000A8
:1073B000D30E00003D040000050E0000A7070000EA
:1073C000C8FD000081EC000006DB000032EF000089
:1073D0001E1A0000AE2D00008D0D0000BAE700005F
:1073E00045F100003BF7000084F50000BFFC000001
:1073F000A1FA000098170000612600006E06000048
:1074000048E70000C2E50000B50400001E110000BE
:10741000C7FD000018F5000015FE0000E6F80000AA
:1074200011060000E20800002BF0000035FD00000E
:10743000BDFD0000D3FF0000A90B00009803000071
:10744000B70C0000620B0000FEFE000071F30000AC
:10745000D1E2000004EB00008F0900007825000055
:10746000281A000020F00000FDEE0000BCF800002B
:1074700040F100000EFB0000DEFB0000120E0000D9
:10748000F52500009E0E000098EE0000B7E6000013
:10749000F3FC0000BA0E00003400000097F4000076
:1074A0005DFE00001AF90000D6000000010F000088
:1074B0006AF60000C0F7000040FB00009AFA0000E6
:1074C000840C0000A7070000D40A0000D80C0000BC
:1074D00088020000D2F600006DE4000012E7000010
:1074E000B2FE0000AF1F0000D720000068F90000C6
:1074F00079F20000C8F600009AEC000050F5000098
:1075000008FB00008D0D0000F72500002714000087
:10751000FDF20000B9E8000020F800006807000054
:10752000C1FF000094F500008D0200009BFF0000E9
:10753000A80000005F0D000085F40000A9F2000023
:10754000F0F900002DFB000091100000ED0C000090
:10755000370A000083090000E8FD0000BCF60000C7
:1075600075E800006DED00003600000045190000D0
:10757000A91800005EFA00006FFD000066F500002B
:10758000E5EA0000FFF3000097F700002515000072
:107590001E2300002610000068F50000DBEA000052
:1075A000DFFD0000D000000059F8000073F6000075
:1075B000D00500004A0B0000E5000000580500005F
:1075C0001AF4000013F00000D0FB00000BFC0000D8
:1075D000DF0D0000061400001A0D00005E0300001D
:1075E000DFF60000A0F4000032F1000026F50000F4
:1075F000360500000814000057020000C4FE000019
:10760000C408000042F50000F2F00000E8EB0000C2
:10761000C5F8000050190000771C0000D60D0000CE
:1076200095F80000E0F40000F2FE000075F20000A2
:107630009EED000016FB00007B13000023160000E7
:1076400082FE0000A0FC00003DF0000060F00000A1
:107650003FFC000067FC00008C100000551C00007F
:107660004B1000003AF80000C9ED00004AF4000099
:10767000BAFC00001FFD0000DB0400004D0C000000
:10768000AAF9000070060000C9060000D2F100004F
:10769000ABF300000CF00000C2010000C9150000AF
:1076A0004C1600004B0A0000E0FD0000A2F90000AB
:1076B00077F50000EAED00007EEE00004D060000C8
:1076C000181C0000180F000084FA0000D8F8000011
:1076D00067F100009DF4000046F90000EFFE000095
:1076E000B8150000221D0000900B000003EE000002
:1076F00046EE000038FD0000090200007BFE00009D
:1077000076FF0000040B0000DBF80000AE01000073
:10771000EF05000092F4000087FB0000C8F10000B4
:1077200006FF00007F1100005F140000110D000033
:107730002DFB000046FB00004FF800009FF000000A
:10774000C4EF00003800000006180000340E0000EE
:1077500051FE0000DEFC000023F2000065F3000093
:1077600043F6000056FD0000C8130000321D000063
:10777000E30F00003AF10000FAED00007DFA00008E
:10778000A0FE000066FE0000ABFF0000BC0D000084
:1077900059FB000041FF00003D07000039F30000E5
:1077A0004AFA000050F2000067FD00005B13000081
:1077B000C3130000880D000006FC000066F90000FD
:1077C000C8F800006AEF000004F000008201000029
:1077D000051A00005710000064FA000067FA000064
:1077E00031F200002EF5000006F9000085FC0000D3
:1077F00046140000A21C0000FF0D0000BAEF0000BC
:10780000A7EC000080FD0000B9010000C6FE0000EA
:107810008CFE0000D80A0000B2FA00008AFF0000C7
:10782000B105000007F5000096FC000081F30000A0
:10783000A6FE00001C10000001130000380D00001F
:10784000E4FB000095FC000015F7000022F00000AA
:1078500037F000001C0100006C190000120C000041
:1078600023FE00001FFD0000ECF20000B7F4000052
:10787000ACF3000038FD00004F150000A31D000010
:107880002A1000005DED00007DED0000B5FE000057
:10789000ECFF0000A0FF000094FB0000840E00003D
:1078A00051FD0000ACF800006E07000072F400000B
:1078B0002101000048F5000092F800006710000068
:1078C0003C100000B311000095F90000ABF8000077
:1078D000E4FD0000E0F1000017F30000B5F900003E
:1078E000A815000039120000D1F90000C3FD000006
:1078F0001AF40000EFF60000B3F8000014F60000E0
:10790000D81000006D1A000072140000A5F50000E8
:1079100093E600001B00000002000000B9FF000019
:1079200054FB0000B1090000A70A000013EF00009B
:107930002A010000CDF9000032FF00008F03000093
:10794000F9EF0000CA0800007E0E00008810000059
:10795000890400007DEF00005D03000070FC000062
:1079600092F10000D5F70000D80400005316000083
:10797000F6FD0000CDF80000A3FE00001BF600009D
:1079800082FF0000ADF3000007FF0000C7160000F3
:107990000D15000044090000BBEB000013F60000C9
:1079A0005C0200004DFA000093FF0000B7020000E7
:1079B000690D00000AF7000031F800001D05000005
:1079C00096F800009F0400009EF300002FFA0000CC
:1079D0004C120000C50D0000F30E000019F5000068
:1079E000E1F80000A3060000FFEE000082F50000B1
:1079F000DD0200001A100000D2080000DEF30000D3
:107A000057FF00004CFB0000C4FD0000E0F900003F
:107A100090F20000B50E000086160000F61100007E
:107A200077F800009AEB0000B20200002EFC000084
:107A300003FC00008A010000200A00007F0400000F
:107A4000F1F000001802000078FC00008600000041
:107A500009000000D4EE0000C7080000F60F000087
:107A6000CB1000001204000028F00000B803000052
:107A7000F3FA000017F0000033FD0000ED060000EF
:107A8000941000003CFB0000C1F90000C9FF000099
:107A900087F800009F00000059F100002FFF000050
:107AA000B8150000AD130000A9090000E6EC0000C5
:107AB00078F600000601000090FA000038FF000090
:107AC00091020000130C000016F80000C9FA000033
:107AD000F102000021F60000F802000013F500009A
:107AE000FDFB0000F51100008C0D0000B60C00003D
:107AF00040F800004BF80000EE000000A0F100008C
:107B00002CF700004F010000240F00008906000040
:107B100034F70000520200009AF50000D5F9000089
:107B200039FA000065F700007A12000073140000B3
:107B30005B0C00008FF80000F7EF0000BAFD0000BA
:107B4000DBFA000075FD000099020000360D000010
:107B500048FE000083F20000A106000038F8000093
:107B6000E0FC000052FC0000D2F30000950F000082
:107B7000101100005C0B0000D9FE000068F400004A
:107B8000C501000058F700002DF30000A3FE00001F
:107B9000480A0000680B00005CF80000F3FF0000DA
:107BA000BDFB00000CF6000094FD0000CFF40000C7
:107BB000D1070000DE1500001A1000005F00000071
:107BC000BAEE000064FA00004AFC000005FC000068
:107BD000D8020000140900005906000086F00000D9
:107BE00097FF000065010000F4F80000AE010000FE
:107BF000A3F20000FC00000049130000EE0E00009C
:107C00009C050000F3F30000EEFD0000BDFD000048
:107C100057F000007FFD0000CC070000380D000089
:107C200080FB0000E5F50000F0030000B1FA000061
:107C3000C3FE00001DF70000D1F600006511000032
:107C40005A160000100A000080F30000AFF4000094
:107C500025FF0000A5F90000B4FF0000CD040000DE
:107C6000620B000039F900009BF30000440800009B
:107C700048FB0000BAFE0000E1F900002FF300000D
:107C80002B0E0000D3140000390C000070FA000025
:107C9000AEF7000026FF0000E6F3000086F70000C4
:107CA00008010000850D0000E80500000CF600004A
:107CB0008404000032FA0000A0F6000003FC00007B
:107CC0005DF60000DA0C000045180000820C000090
:107CD00039FA000036F40000C2F8000068F800002D
:107CE0000AFF0000A7040000230E0000F0FA0000C5
:107CF000C1F1000001090000A8FC0000F2FA000038
:107D0000B6F900001DF40000F70D00008516000014
:107D1000760C0000CCF900000CF8000034FA0000EA
:107D200054EA000085020000701400005D0C0000A1
:107D3000EEFF000096EA000044F300007800000027
:107D4000830500002D0700006AF600009EFB00007E
:107D5000721400008E1200009AFA000062EE000019
:107D600085F600005109000043110000F7FD0000F6
:107D7000B6F70000BEEC00006DF40000461B0000EA
:107D8000FF050000E0F70000ABFB00000CF1000075
:107D900087070000AA0C0000B5040000AC08000032
:107DA000920700002BFE0000BAE70000A3EF0000DE
:107DB000410500004F130000F9FF00001EEE000017
:107DC000110A0000C9090000B90400008CEE00008F
:107DD000D5E10000240A0000B91F0000921C000039
:107DE0002DFE0000FCE900007BF200000AF9000013
:107DF0004D03000015FF00002C0C000059FD000091
:107E000043FB00007A100000EFF1000011F80000C1
:107E100007F7000057F900008D160000C41100009C
:107E2000910E00007600000044F00000DFF000003A
:107E3000E0F50000D6FD0000CE0C000075FF00004C
:107E4000C3F300000D160000C804000075F2000026
:107E500022ED000072EB00008B1200008C1E00006F
:107E600099150000F6080000F6F10000ABE20000F2
:107E7000FEF300008B000000A80C0000850A000043
:107E800056EF00005C1200006E0D000093EF000042
:107E900001EB000071E70000F60F0000731D000009
:107EA0001A140000A3060000E4FB00009EF400008A
:107EB00014EB000096F8000007000000290E0000F7
:107EC000B0FE000040FD00009516000030FA0000F2
:107ED000C6ED00008AEA000014FA0000ED17000069
:107EE000B4180000A40F0000C4FF000079F70000E0
:107EF000DDEA00003EF000004E0200005A0E0000D5
:107F0000E40C000023EE0000A90600004F11000061
:107F10006BF30000CAEF000012EE000095060000AF
:107F200000190000B01300002806000070FA0000DD
:107F30003EFD00008AF100000FF30000C2FC0000CB
:107F4000260700000108000044F90000721000003C
:107F500050040000BEEC000035F50000E3F3000023
:107F600001090000271800004713000081060000E7
:107F7000A5F700001CF200002DED0000BDFB000085
:107F8000EB050000E00F0000EA020000D3F400005F
:107F90003F0F00006AFB000058F100001FFB0000CB
:107FA000C4F30000DC0B0000211600005C10000090
:107FB0009604000074F700008DF00000DFE7000079
:107FC000DB050000E9130000C0050000D5F3000048
:107FD0001EF500009F0D00005DFD0000E1FB0000AC
:107FE00098FC000086F00000100B0000C416000092
:107FF00094100000530000001AE3000008F1000094
:10800000AF120000A70B0000E4FE0000FBED000033
:10801000BBE600001C1D00008918000053EF0000A3
:1080200027F400008FF000008E0300003F100000D6
:10803000A3090000090D0000750400001BF50000F5
:10804000A3ED00005BFB000058000000BA02000036
:10805000C8F4000012FD00005E1A000009080000CC
:10806000AFFC0000CDEA0000EEEA00009004000042
:1080700090120000A1200000FE0D000023F000007F
:1080800016E00000D7EF0000400600000F0E0000D1
:10809000F10200006DF0000022150000FE0C00004F
:1080A0009BF20000F4EB00007CEC0000EA0E000004
:1080B000A11400005B140000280900003AFA000037
:1080C00038ED000084EA000019FD0000670A000096
:1080D000C904000022ED0000381000001714000051
:1080E00047F7000018EB000009E80000780E0000D8
:1080F00019130000DE1100005E0F0000B5FF000044
:108100008BED000072E30000CBF60000680A00006F
:10811000550E0000A4F10000E7090000FC16000065
:10812000E6F40000C8E9000027E300003F0E00006D
:10813000281B0000510D00006B0900009700000093
:10814000E9F90000F7E40000F4EF0000B2040000D9
:108150008314000011FD0000EBF500007416000010
:1081600034FF0000A9EE0000CAE30000DFFD0000BC
:108170002F1F0000A01000006B07000054FD00003E
:108180002600000021F3000071EA0000AEFA0000B2
:10819000890D00006E0D0000E5F00000FA040000FB
:1081A000870D000021F70000BAEB0000EDED0000A4
:1081B00032110000371800000A0D0000F9FF00001E
:1081C000D7F900000E0100006EEE0000ADEF0000D8
:1081D000EDFE000088100000D30C0000F0EF00005E
:1081E00096070000B201000048EF000060F70000B1
:1081F00035F700000914000067160000FE070000B4
:1082000001FB00000CF400003BFF00004CF20000FA
:10821000C0FB0000E40200007B0F00008E010000A4
:1082200042E700008F110000F6FE000081F500001B
:108230005DFD0000C0F000000C14000010110000F3
:108240007C070000F6FD0000C4F7000021010000DB
:10825000BBEF00005DF70000D7FD000097100000A5
:108260000C06000052EE0000C50E000077FA000078
:1082700024F70000F9FA000070F00000AE130000CF
:10828000EC140000FA0B0000A3FB000092F00000C9
:10829000B5F90000ECF600000001000014FF00003A
:1082A000E50C0000960000008EF10000190F0000A0
:1082B000C4F7000026FA0000F4FA000000EF000006
:1082C0001D1400003B1700009F0E0000E8FC00009A
:1082D000EDEC0000ABF50000CAF60000FEFE000069
:1082E000DE0200005C1000005CFE000036F40000BE
:1082F0006F0A0000E3F300004FFC000023FA0000C7
:10830000C3F5000085180000B0150000C20A000087
:1083100013F500003EEA00004CF60000AAFE000043
:1083200031070000E0030000290D00009DF500006A
:10833000B5F40000CC08000005F60000F7040000CA
:10834000EEF600008CF500007F1600009713000089
:10835000830B000031F400007EEE000082F5000087
:10836000ACFB00003F0B0000040500003B050000D3
:10837000D0F0000067F80000CE0C00001AFD0000ED
:10838000BE0300006FEE0000C2F400003E1A0000C1
:1083900057180000F407000004EE000041EE000052
:1083A000D7F70000CE040000390A00008BFF000060
:1083B000C206000029EE0000FFFC0000B40D000022
:1083C00026FB00004B040000ABE900003BF9000075
:1083D000931D00001A14000075070000B1EF0000A3
:1083E000A0F30000AEF70000DBFD00007504000004
:1083F0004303000092080000E7ED00005005000074
:10840000680900009AF8000023FE0000ACE60000B6
:10841000DF090000B820000071100000AD0000006E
:108420001BE90000A1F20000ABF90000BB05000051
:10843000BF050000FC080000CD040000B4E8000007
:108440005B0800000F04000008FC000036FD00007F
:108450009FEB00002712000052170000900C000054
:108460007B00000058EC0000A2F40000E9F60000D8
:108470000F070000D0050000100600005FF60000A6
:10848000DBF200006A17000014FC000036F5000063
:10849000E3F20000CCFA000025200000A40F000049
:1084A0007008000082F80000DDE700006BF20000B9
:1084B00091FF0000110F0000D609000061FF0000CD
:1084C0008FEA000071050000F21000002EF300009A
:1084D00067F8000040F30000CE0C0000E218000036
:1084E000F80500007608000024F60000F5E9000019
:1084F000A1F30000870700005F0D00005405000095
:1085000075ED0000A3F50000741B000090FF000053
:108510007CF00000B9F100004DFF0000691C000074
:10852000BD0D000073050000E2FF0000F1EF000048
:10853000BAEB0000EFFB0000B80B0000920D00004A
:108540001802000007E600006E080000C1110000DC
:108550002BF4000047F7000009F30000550C000061
:10856000C215000022070000D80500008FFC0000A3
:108570003BF0000014EE0000CF010000500A0000A4
:10858000520C0000CEF7000037E800009C140000F9
:10859000FC0900006DF2000094F60000DCF500001C
:1085A0005D1200007E1500005206000096010000DA
:1085B000F7F40000CFEE0000CAF50000F10400005F
:1085C0005F0900003D0D0000ADF50000A9EA0000C4
:1085D00063130000830200009AF7000065FA0000B0
:1085E00072F200008B1400006D14000023070000DD
:1085F000F000000091EE000015F1000018FA0000F4
:10860000D70600001C08000059080000D9F000003F
:10861000E4F10000EF16000031FD0000AEF80000AC
:10862000C1F5000086F70000151C00004411000091
:10863000E40700007FF9000050E80000DCF20000D1
:10864000690100003C0C000057080000A101000077
:108650006DEB000095010000331100007DF5000076
:10866000F3FA000039F4000098060000B01800008A
:108670003B09000074080000C9F5000033E9000060
:108680001BF50000F7060000EC0B0000DF05000002
:1086900098F100002BF50000A11400006D0100000E
:1086A00002F3000051F40000B3FE00007017000058
:1086B000D80E0000F3060000040000009FEF000049
:1086C00086EB00001CFD0000750B0000610D000032
:1086D000F00000005CE60000840A00003C1000008E
:1086E000DDF3000036F7000060F30000B90D000074
:1086F00021150000DB060000AF050000FBFB0000B9
:10870000C2EF000097EE0000B4020000580A00001B
:10871000420C000016F600006AE900000216000094
:10872000240800008EF2000056F60000C5F6000096
:108730008D1300006D140000830500006E01000021
:1087400044F500005EEE000017F60000360500005C
:108750002A0A00007F0D0000A3F1000095EC000044
:108760001C160000E4000000DDF600006AF90000BD
:10877000FAF40000F5150000CC12000027050000F7
:10878000FF000000D5EE0000FCEF0000E3FB00005E
:10879000C1060000A6090000E308000039ED000052
:1087A00026F20000D81600008CFD00004CFB0000F3
:1087B00066F70000D4F400009B1900007512000059
:1087C00048070000A0FA00004BE80000CEF30000CC
:1087D000D4020000EB080000EE060000FF040000D9
:1087E000F1EB000056FB000037130000B5F8000065
:1087F00092FF00008DF40000EAF90000861A0000E4
:108800004D0F0000D808000005F6000068E70000E2
:10881000ECF70000410300000F090000E40800002D
:10882000BD02000014EB0000BDFB0000F80F0000CB
:1088300093FC00007602000029F10000BFFA00005E
:108840008A1C0000CE1000002207000038EF000054
:10885000AEE80000C1FD000082040000B008000086
:108860008F050000AFFF000025ED000007010000AC
:10887000DE0C0000B9FA0000DE02000042EF00004A
:1088800072000000B01C0000540F00007C050000C6
:10889000FEEA0000A5EB0000D6FE0000580600002E
:1088A0009C0900006B04000093FD000014EA000026
:1088B000B5040000F20C0000DAFC0000C10000006A
:1088C000EDEA0000A8060000E81D0000D10D000040
:1088D000D601000097E70000F2EF0000D70000008B
:1088E0001E070000BA07000046030000F7FB000067
:1088F000B0EB0000EA0A000094080000BDFB000095
:10890000BAFD0000DFEB0000840F0000781B0000C0
:108910004E0A0000B8FD000010E9000033F6000028
:108920000AFF00006C05000004070000F5050000C8
:10893000A0F600004EEB0000591200009506000062
:108940006FFB00001AF60000E9ED0000681A000055
:10895000921900004107000093F80000A4E800000D
:108960004BF9000008FE000098060000E606000033
:108970007E090000BFF6000035E700001F1200006E
:1089800091040000F4FD00001CF80000B8EE0000A7
:10899000FE1B000045140000CD0400006AF9000031
:1089A00011EC0000F3FA0000CDFC0000900600007E
:1089B000320600006608000012EE00001DED000007
:1089C000071A0000F5000000B5FB0000C1F0000030
:1089D000D5F5000033230000AE100000FE020000B9
:1089E00041F5000010EC0000A4FB00003AFF00007D
:1089F0004708000078060000A10600002AEB0000EE
:108A0000E4F400001618000047FC00007AFC0000A7
:108A100087F00000B0FC0000E0210000E30B000044
:108A2000FE03000031F40000A5EC0000EBFB0000A9
:108A3000CD0000007E080000F0050000A30100004A
:108A400025E80000D401000021150000DCF600003C
:108A5000FAFB0000E4EE0000630700001E200000A7
:108A600059080000F7020000C9EF000048EE0000BE
:108A700084FC0000E604000038080000C90500007E
:108A8000D6FB0000E0E80000540D00003E0C0000A2
:108A9000F2F4000078FB000056EF0000A010000088
:108AA000EC1B0000650700005E01000036EB0000D3
:108AB00098F0000023FF0000930600004C07000020
:108AC0006B050000F3F40000FDED00008E130000C4
:108AD0003604000022F8000057F8000037F00000CC
:108AE000B21700009718000040070000ADFC00001E
:108AF000CEEA000042F60000E2FE0000EE050000B3
:108B00006C0500006D0600004AF400002EF0000025
:108B1000A2130000D1FF000032FB0000ACF5000002
:108B200072F00000681C0000F5170000FF0600004E
:108B30005CF80000ECEA0000B3F90000F3FE00006E
:108B4000FA050000340300004D070000CBF20000DE
:108B5000B9F20000FC15000053FC000043FA0000CD
:108B6000A6F1000069F500007021000088140000E3
:108B70004904000065F600000EEF00009DF90000BA
:108B8000A2FD0000700400000F0400003509000081
:108B900082ED0000EAFB000014150000A7F50000BC
:108BA0008BF80000E1ED00002702000055230000D3
:108BB000640D0000EC00000030F6000035F5000008
:108BC0005FF70000CEFB00001404000073070000F4
:108BD00066070000CAE800004805000048120000CF
:108BE0002CF100006CF60000F3EC0000E40C000037
:108BF0005D2300000C080000C1FC000036F40000FA
:108C00004AFC000025F8000018FA0000E702000006
:108C1000730700006908000095E60000B108000035
:108C2000B010000048EF00003BF700003DEB0000F3
:108C30006C1100003F240000C10500001EFC000074
:108C4000BCF2000056FB000005F800007EFC0000AE
:108C500029030000030900003F090000F1E60000BD
:108C6000480800007C0B0000F7F00000A4FB0000A7
:108C7000A3EC00000C12000069200000A303000018
:108C8000ACFB0000D0F30000AE0000005DF9000076
:108C90003CFA000004000000810800009C0700006E
:108CA00090E70000C60D00002E0A000094F00000BE
:108CB0007AF80000EEEA000035170000822100007B
:108CC000CA0400002BFA0000BCF10000F5FE000011
:108CD00059F90000A2FB00005A0000009E0C0000A1
:108CE0008A07000040E80000800B0000A605000095
:108CF000F8F30000EEF9000007ED00003C1700005B
:108D0000F01D00005904000082F800004BF3000041
:108D1000BE02000016F800008CFB000067FE000099
:108D2000E20C000041080000E5E50000CD0D000068
:108D3000A20400005DF4000012FA0000AFEB000096
:108D4000D4190000BF1D0000DF0300003FF7000042
:108D5000AFF20000E70200004BF800005AFB0000F1
:108D6000E0FD00006E0E00005C050000B7E90000A9
:108D7000870F000034FF000066F4000013F80000C5
:108D8000F3EF00003D1D0000F11900007502000026
:108D900099F300004EF4000039080000C1F600000D
:108DA0009AF9000091FD00008B1000007A0A000083
:108DB000AAE10000200A00004D0600007EF7000036
:108DC0006EFA000038EA0000251A0000811D00003C
:108DD000730100009BF100002CF30000CB10000099
:108DE00059FA0000CAF2000071F900000A0E0000F2
:108DF0002310000004E1000018070000D10B000060
:108E0000B3F50000E2F8000071E70000C3170000AE
:108E100001230000C902000093F10000D6F0000019
:108E2000460D00009FFC000001F2000049FB00001D
:108E3000900F0000AC14000092E00000F8FA00006F
:108E40009C10000078F900005CFB00007EE9000047
:108E5000E40D0000ED2200008F030000D5F20000B9
:108E6000BFF1000017100000D10200008DEC0000DF
:108E700042F700008D080000C918000046E8000015
:108E800099F20000CC160000F7F8000032F800005C
:108E900006EB00005B050000D8280000A1080000D8
:108EA000A5F20000F1EF000093080000C5060000E5
:108EB00090EE0000D6F80000F4080000661B0000E9
:108EC000C3EE0000E3E10000421600004203000090
:108ED0001CFA00000EF0000054F70000012500000D
:108EE000C70E000016F40000ADF200005F0600009F
:108EF000B90E0000D5EE0000B7EF0000DE01000063
:108F0000BD1900008AFF000090DE0000B30E0000D3
:108F100025090000A7F60000EFF40000EAF00000C9
:108F2000BE1F00004819000074F500005CF200004C
:108F300062FE00007F0C0000B8F5000093F0000016
:108F400041040000B91600009606000085DA000012
:108F5000C20200004A1300005CF80000C2F80000E2
:108F6000DFEC0000381400004E1F0000F1F8000094
:108F7000A3F3000049FD0000110F000014FB0000E6
:108F8000F5EA000025FC0000A511000035120000E4
:108F9000D8DF000049F80000D417000090F8000066
:108FA0006CF80000FDEB00002D0B00001F260000F8
:108FB00061FF000019F20000B6F70000920C0000FB
:108FC00079030000BAEA000088F90000FD0C0000F7
:108FD0006A170000EDE9000034E900007518000090
:108FE00040FF0000F4F700008DEF0000E8FD0000F6
:108FF000C2260000D00800001FF20000EDF50000BE
:109000006A0700001E0A000008ED0000D6F4000008
:10901000B70800004718000031F7000015DF000016
:10902000CC120000F8070000A5F6000044F4000090
:109030000AF40000BB2100006E1200005EF3000085
:10904000B1F5000062030000460E000025F10000AB
:10905000BFEE00004903000015170000B003000038
:10906000F7DB0000A70A0000BE0F0000DCF40000E0
:10907000F0F50000CAEE0000D51B0000831C0000C4
:10908000D2F5000077F300008CFD0000910E000087
:109090002FF80000FFEC00005F02000067140000E2
:1090A0007B0C00002DDC0000D6FB0000D317000075
:1090B00029F800001FF80000EEEC0000110F00007E
:1090C000BA2200009DFA000055F300003BFB0000AF
:1090D0002710000053010000B7E700001EFA00004F
:1090E000A70C0000D1150000C6E800009FEE0000AC
:1090F000C019000077FA00003AF60000BFEF000048
:109100002F0400001D2700000A03000072F2000077
:10911000BFF600000A0900003D090000F5E9000063
:10912000DBF80000150C0000E51500008FF30000CF
:10913000ACDF00001416000017070000F1F3000078
:109140006FF4000042F8000002220000250D00002C
:10915000D1F2000001F9000065050000890D000052
:1091600084ED00008AF00000AF060000DD1300006F
:10917000CA0000009EDE0000AA0E0000F40D0000F0
:109180007FEF0000FEF50000EAF40000311D000052
:109190005216000025F4000013F70000BCFD00008B
:1091A000A10E000072F6000027ED0000CA060000C4
:1091B000FF100000830B0000F5DD000034F9000013
:1091C000651A0000E9F500005BF7000045F20000B9
:1091D000E50B0000601F000043FA00008FF600005E
:1091E00053FC0000110D00004C030000DCE7000000
:1091F000D9FB0000820A00005A13000070EE000044
:10920000C8E80000A21A0000C0FD00006CF20000D7
:109210002FF6000011FF000098220000A5060000B4
:10922000D2F3000017FA00004A03000013090000FF
:109230008CEE00004CF80000DD0A00005712000020
:109240001BFC0000FEDB0000040E0000060F000007
:10925000A3F10000B3FA000058F500000417000065
:10926000E1130000BBF4000012FB00003700000017
:109270008D0D000009F80000C7EC00000C03000091
:10928000860C0000670B000094E30000D9FB00008F
:1092900019190000A5F100009DF7000067F6000015
:1092A000B70A00001120000052FB00009CF60000ED
:1092B00069FB00006F060000E503000068ED000098
:1092C00099FF00003A0D0000820F00002FEF000010
:1092D0000AE50000C216000075030000C6F4000095
:1092E000A6FA00009FFA00004C1C000027090000AD
:1092F000DCF400005AFC0000D9020000B40D0000AC
:1093000039F20000BFF1000049060000490E0000DC
:10931000B3000000E5E000002A0B00007811000017
:109320006AF000006BF9000001F500001115000063
:109330002F190000DDF60000CCF800007DFC0000D5
:10934000CB090000ABFC0000B5EE00002A040000D1
:10935000020F0000700C0000BCE5000024F10000CA
:10936000AF17000002FA0000B7F9000028F900006A
:109370002B020000F51C0000CEFF00001DF60000CF
:1093800009FD0000D0070000C509000014ED000031
:1093900015F600000E080000E90F0000D7F90000E4
:1093A00062E4000017100000F80700008CF20000D3
:1093B000D9FB000002F90000FC1800002611000093
:1093C00071F4000060F9000058FF00003E0A000040
:1093D0008AF8000082F1000083060000E30F00001D
:1093E0002906000014E100006AF90000D21500000F
:1093F000A8F8000000FC00006DF70000EF06000078
:109400005A1A0000E8FB0000BDF800003E00000012
:10941000AA0500007A010000B9EF000065FC000019
:10942000F50B0000220B000084EA00007FEF000033
:109430009C180000C2FE000086F5000088F80000BD
:1094400014FE0000E41C0000E30600001EF600000D
:10945000ABFD00001502000025060000C6F3000069
:109460001CF60000FF06000078100000E8FC000079
:1094700022E30000DB090000520A000015F400009E
:109480001AFE0000E8F70000C9130000D413000022
:109490004BF600002AFA000080FE000028090000B8
:1094A0002CFC00002CF000009C020000240F0000A7
:1094B000660900002EE3000031F50000AD16000043
:1094C00015FB000070FB0000FFF60000F503000034
:1094D000EE1B000017FF0000F8F7000013FF00006C
:1094E0001C04000033030000B3F100008AFA0000FE
:1094F000A00A0000500C00008DEC000068ED000098
:109500007A170000870000003BF50000E6F8000035
:109510006CFC0000301C00008509000077F600009C
:1095200033FD0000880000004B0600000FF600002D
:1095300037F500008D05000032100000D5FF000057
:1095400003E300001C060000520C000095F400002C
:10955000ACFE000092F7000073100000F21500004E
:10956000B1F700002EFA000005FE000032080000EE
:10957000B7FE0000A2EF0000E6FF00003C0E000076
:10958000D90B000081E500005FF10000F01600003B
:1095900072FD0000F1FA0000E6F600000C01000088
:1095A000EB1C0000740200006EF70000E9FD0000F3
:1095B000580200009004000062F40000D3F800009C
:1095C000D60800006C0D00009BEE0000EDEB0000E3
:1095D000E7150000C30100005FF5000033F900004B
:1095E00020FB00005D1B0000DE0B0000B3F7000055
:1095F00061FC000047FE00001A07000015F900009A
:1096000006F40000CB020000E00E0000AD030000F5
:109610008EE4000046020000260E000077F50000F0
:1096200077FE000031F700004A0D0000BB18000073
:1096300003FA000094F9000033FD000093050000D8
:109640005C010000D4F00000C6FD0000530F0000D4
:10965000E30B000009E6000064F10000E1150000E2
:109660001DFE000048FA00002CF70000E601000093
:10967000861C00009E020000EFF7000065FE00005F
:10968000430200005B040000FAF30000E4F800006D
:10969000E5080000F40D000049ED00007BEC00003F
:1096A00097180000EEFF0000D6F4000080F80000DC
:1096B0000EFB00009D1D0000080B0000C1F700001C
:1096C00061FA000098FD0000390C000075F80000F8
:1096D00018F2000081020000EE0D0000BA04000044
:1096E00044E400006D0300006E0E000037F300003C
:1096F000A4FD000016F60000DB0E00008A1A000030
:109700004FF90000B7F60000B4F80000210D00008A
:109710009B080000FAE9000086F90000140D000023
:10972000A21000002FED00002DE8000061140000E1
:1097300056030000E6F8000006F700000DFC0000EC
:10974000CD1D000028090000CBF400006AF60000DF
:10975000370300005E13000064F4000044EE0000D4
:1097600078040000FD0F0000A5FE00000AE20000E2
:1097700069090000550F000075F500004CF9000064
:1097800076F300004914000008190000C0F9000039
:1097900090F5000068F7000067100000EE0600007A
:1097A00098EA0000E1FA0000CA080000C1100000B9
:1097B0004DF20000E8E700007C110000AB01000062
:1097C000D3F90000DCF9000004FB0000681C000075
:1097D0009E09000019F4000025F600008503000032
:1097E0007F13000039F30000B8EC0000E50500002D
:1097F000791100005204000086DF000007FE00001F
:1098000096130000DCFA000068FA000007F400007C
:10981000C70D000077190000DBFB0000DBF600003D
:10982000DBFB00007E090000E0FF00008EEF00007F
:109830002CFF00000F0D00008A080000D2E300009A
:109840003FF7000045180000C7FA0000DBF80000F1
:10985000DAF30000E0040000321E00006E01000098
:1098600044F8000014FB00005E0300008A050000BD
:109870003FF1000075F90000360900007C0E000081
:10988000F6F10000A8EA000055130000F000000007
:109890001BF6000082F90000B5FB00004E1D000021
:1098A000CF0A00003EF60000E3FA0000BBFE000015
:1098B000B10A000079F70000A2F10000DA0300000D
:1098C0006811000014FF000043E20000AB08000034
:1098D0009D0C0000F3F500009CFA000051F400001C
:1098E000D9150000FF17000001F800009AF80000E9
:1098F00001FB000083090000D5FF0000DFEE00003F
:1099000001FF0000530F00006C0A0000F1E20000AC
:10991000DAF60000831500004EFA0000FFFA00009E
:109920006DF30000460700000C20000022FF00003D
:109930004DF60000FFF90000F804000041070000A8
:1099400035F0000002F90000DA0A00003C0F0000C8
:10995000C4EE000081E900003B140000F8010000A3
:1099600071F70000A9F8000000FC0000D51D000000
:10997000D009000008F500001EFB00007A0000007E
:109980008B0A0000BFF50000C2F200004B06000089
:109990003D10000019FB0000EFE200006B0C00001E
:1099A000780B000049F400000AFB00008FF600006D
:1099B000AD16000079140000E2F60000B3FA0000D2
:1099C0008FFC0000F7090000C0FD0000FBEE000066
:1099D00094010000D90D0000B4060000AAE40000C4
:1099E00091FC00004E14000006F6000000FA000092
:1099F00063F60000FD0A00006B1C0000A0FC0000E4
:109A000046F90000DDFA000047050000BB05000034
:109A100014EF000062FC0000620A00001C0D000050
:109A2000C4EF000031EA0000061500000500000048
:109A3000F9F50000C4FA0000C2FD0000F01C0000AF
:109A4000370700007DF60000F5FC00008BFF0000EA
:109A5000FC080000D2F4000099F500003307000074
:109A60005E0E0000B2FB0000D4E10000BE0B00005F
:109A7000740C0000AEF3000065FC00005AF7000013
:109A8000971500008B1200001DF600003BFD000042
:109A90009FFD00006B0800009AFC0000C4EF00006E
:109AA00087020000310C0000F007000071E40000A4
:109AB0004BF900006F17000098F50000B6F90000A0
:109AC000E2F7000003080000CE1C0000AFFB00001E
:109AD0006BFA0000D5FD0000E60200009A050000C8
:109AE0004EEF000093FA0000560A0000320E00000C
:109AF00048F000007EE80000841600005A000000D4
:109B000002F40000B9FB00009CFC00005E1D000098
:109B1000EA0600007FF600007D000000DFFD000087
:109B2000960700007EF500005FF40000C607000005
:109B30002B0E000045FA000012E30000040F0000A5
:109B40007A0B000002F000000BFC0000ABF80000F4
:109B50007A1700006F1100000BF60000D000000023
:109B6000A8FC00005F050000CEFB0000E5F100004E
:109B700081030000B50B0000D406000010E40000D3
:109B800066FF00004B150000DCEF00008DFB0000BD
:109B90003BF90000C50B0000AE1B0000AEF8000052
:109BA000AFFD00007DFE000063010000B402000074
:109BB000C6F000004CFE0000310A0000B80C0000A6
:109BC0008AEC0000BFEE00005A180000E9F800001F
:109BD00079F500002FFD0000A9000000E21D000043
:109BE0009E01000077F8000075020000BEFD000035
:109BF0001C0400009EF3000095F900001E090000FF
:109C0000DA0C000054F6000014E60000A71400006F
:109C1000CA03000074EE000043FF0000FDFB0000DB
:109C2000291A0000230B00001BF5000006040000A9
:109C300018FD0000FB02000017F800004FF50000BF
:109C4000BC0600005F0C0000EC000000DEE100003C
:109C500046090000731000008DEB000041FE00007B
:109C600040FA0000F5110000001600002CF400007E
:109C7000EF01000099FE0000350100003CFE0000ED
:109C8000C8F00000490400000D0B0000AA07000006
:109C900004E70000F2F60000511A0000DEF10000B7
:109CA000B1F6000032FD0000F1060000051D0000C5
:109CB000A4F9000005FC00001E030000D2FD000016
:109CC0004302000066F100007CFE0000530A000021
:109CD0006B0B0000A8F200000FE700004217000025
:109CE0002D000000F3EF0000F500000063FD000010
:109CF0001C1B0000A6050000EBF400001906000084
:109D00005FFD0000DD03000085F6000061F6000045
:109D1000B6080000B80A00006DFE000052E2000024
:109D2000560A0000C310000065EB00001FFE000093
:109D3000E7FB0000E2110000921300004BF300006B
:109D4000270300008DFF0000C700000070FD000029
:109D500095F100003C050000660A0000A606000020
:109D600075E6000027F70000191B000006F100004F
:109D700033F700000DFF00004A050000611B0000E2
:109D8000A9F80000C2FC00009A030000E8FC0000F3
:109D9000C5040000B9F10000C7FC00004109000043
:109DA0009709000069F6000095E5000030140000F6
:109DB0002F0400004BEE000007020000F7FB00003C
:109DC000C6170000DE08000074F40000E104000083
:109DD00078FB0000FF050000F1FA000029F3000005
:109DE0004E060000A1080000B8050000F9E30000DD
:109DF0007CFB00004D17000043F100001DFD00003A
:109E000023FC0000EF070000581800006AF600006D
:109E1000E1FE000059000000C500000054050000EC
:109E2000A7EF0000ACFD0000CD090000BD09000057
:109E300035F200002BE70000DA150000E502000013
:109E4000D2F200002500000078FB00009B18000003
:109E5000060600002CF6000090020000E9FC00005D
:109E6000D609000087F80000EAF000009D07000016
:109E7000830A000030030000BBE30000CEFB0000BB
:109E80003317000052F5000021FC000031FA0000F9
:109E90008A08000036180000ECF70000D5FB00002F
:109EA000DCFF0000BA040000EE05000003ED000036
:109EB00036FC0000430C00003E0A0000DDF3000009
:109EC00050E2000041120000030C000061F30000AA
:109ED00080FD00001AFA0000781700007A0A0000DE
:109EE0007DF20000C30000000E0100005E0A0000C9
:109EF000D7F80000A2ED0000190800004A0B00008E
:109F0000B505000058E50000CCEF0000411D000041
:109F100070FD000019F7000056FB0000D802000099
:109F2000141C00002AFA0000C3F400001004000012
:109F30003706000022080000BCEC00001EF70000FD
:109F4000E50D000028090000D3FA00001ADE000029
:109F500080070000AA1A0000B3F2000023FA0000F4
:109F600098F90000E41000007A13000078EF000078
:109F700098FD0000CF0500003C090000F0FD000046
:109F8000EFE9000058040000B40D00007003000069
:109F90007BEC000055E80000271B0000B50900001D
:109FA000A2EF000070FB00007DFF0000D31900004D
:109FB00079030000A8F00000D70300004906000064
:109FC000E407000060F20000EAF00000160C000058
:109FD000490B0000060000001CE200009FF7000093
:109FE000511F00001CFB000066F5000051FB000043
:109FF0006B080000481800008DF5000003F7000012
:10A00000A8070000C7080000B0010000D1EA000066
:10A01000DFFC0000180E00005707000007F70000E3
:10A020002EE00000760E000041160000A1F00000B6
:10A03000ACFB000034FC00003E130000C40D000027
:10A04000DAEE00006B000000B20700003C080000E0
:10A05000EDF9000071EC0000C0060000F60B0000F6
:10A060007703000063EC0000C1E900008E1B0000D4
:10A0700036080000CFF00000EEFC000013010000E5
:10A08000A4170000FE0000008FF100001B06000076
:10A09000E3070000DB0400008EF10000B1F30000D4
:10A0A000550C000074090000B9FE000010E5000026
:10A0B00069F80000A11D00005DFC0000F7F400003D
:10A0C00096FD00007007000014150000B8F70000AE
:10A0D00081F70000CA080000A007000084FF00000C
:10A0E0009CED0000DCFC0000C90D0000A006000093
:10A0F0008AF60000B5E20000E40900008D180000B7
:10A100000DF4000034F9000003FE0000320E0000E0
:10A110006D0E0000C6F20000AEFE00000E09000049
:10A1200029050000ABF8000074EF00006B0500008B
:10A13000290C00001003000091ED00001AE9000056
:10A14000561700005D0C000082F10000EBFC0000DF
:10A1500036000000E2120000B00400005FF20000D0
:10A16000690400005608000046030000F5F30000F3
:10A1700039F30000B90900000E0A00008AFE000051
:10A18000F1E60000CEF30000AE1D00002202000048
:10A1900013F200007AFD0000490400008014000062
:10A1A000FBFC000000F500007507000041070000FF
:10A1B000C3FF000043F10000CFF800000B0C0000CB
:10A1C00008080000E6FA00007CE5000000FD000041
:10A1D000281C0000FBFA00001DF60000B2FF000082
:10A1E000D5060000D7110000C4F7000040F80000B9
:10A1F000D209000063060000B9FD000025F0000050
:10A2000036FC00008B0D000004060000A0F40000E6
:10A210002EE400006E0800001A1B000093F50000F9
:10A2200000F80000FFFE0000330A0000D20F00001B
:10A2300062F4000019FC0000730A00006E040000C4
:10A24000CDFA0000BBF00000910000006F0C000090
:10A25000850400003CF00000B7E60000E2120000B8
:10A26000EB1200000AF2000069FC000094FD0000FF
:10A27000D90E00001B0C00008DF100000F00000043
:10A280008D080000D004000029FA00000EF0000044
:10A29000690300007A0B000088010000C6EC000092
:10A2A000A1EB0000E41800007E0C0000ACF10000FF
:10A2B00019FD000099FD000005130000BF07000014
:10A2C00018F10000AB020000E207000039030000B3
:10A2D000AEF600001CF30000690700001E0A000033
:10A2E0004FFF0000ADEA00002BF00000C61A00008E
:10A2F000F90600001BF400003EFE00009CFE00007A
:10A30000111400002D02000082F200001606000069
:10A31000A2070000F9010000CAF3000021F50000C7
:10A320003C0A0000BA08000071FB00000AE70000C8
:10A3300026FA00005A1D00004CFE00006AF50000DD
:10A34000EFFD00003E030000E61400006CFB00007F
:10A350007FF50000030800008C06000022000000CA
:10A36000B6F100006CF90000230C0000FB060000B1
:10A37000BFF60000A4E40000F3040000121C00007B
:10A3800008F8000080F70000F3FC00006B080000F4
:10A39000F21200003DF600007FF900002E090000D7
:10A3A00099050000C1FC000081F000006AFE000079
:10A3B000550C00002505000057F20000CAE500001A
:10A3C000660F0000C015000029F3000040FB0000EC
:10A3D000D5FC0000640D0000CC0E000043F200002C
:10A3E000FBFD0000A0080000400500005AFB000033
:10A3F000C7EF0000D7010000CA0B00006802000090
:10A400007DEE000099E900008B160000770F000038
:10A41000ACF10000B2FC000006FD0000AB11000032
:10A42000290A00000DF100005B0100002508000072
:10A43000A3030000C6F7000041F20000330600004D
:10A44000A90A00003C00000051EC000091ED000062
:10A45000011900000D0A0000DFF3000063FE000098
:10A4600021FD00000D13000029050000A0F10000EF
:10A47000E6040000F7070000D60200005AF50000CD
:10A4800056F30000E20800007509000064FC0000BB
:10A490003EE8000017F70000891D00006101000080
:10A4A000ADF4000049FD00008C00000029160000FA
:10A4B000DFFE00008FF3000075060000A306000019
:10A4C000DB01000061F300001AF700009F0A0000A2
:10A4D000CC070000BDF8000066E500008F01000019
:10A4E0009C1C000097FA000072F700009DFA000023
:10A4F000030600007F160000E7F800009FF600004A
:10A50000E0060000E006000098FF00008BF000006D
:10A510009AFB0000EC0B000076050000A5F400009B
:10A5200007E600001C0B0000711800009AF50000FF
:10A5300061F900008AFA0000010C000074130000A9
:10A540000EF40000BFF90000D5070000BB060000B4
:10A550007BFC0000BAEF000080000000A30B0000AD
:10A560000B030000B5EF000023E9000046150000D2
:10A5700065100000D0F2000077FB000062FB0000D5
:10A5800080120000910C000043F1000069FF000000
:10A59000F00700004004000065F700006AF20000C8
:10A5A000DA050000EE0A0000B6FF0000C6E6000073
:10A5B000CAF40000C91D00003802000009F40000C0
:10A5C00072FB000074000000EE170000D1000000D4
:10A5D000A4F2000030050000AF060000DC0000001F
:10A5E0006FF2000018F800000E0B00009E0800003B
:10A5F0002EF50000CDE30000110B0000C71900008C
:10A6000010F40000DCF6000027FB00008E0D0000B7
:10A61000C6140000B0F400008CF9000058070000D8
:10A620006605000040FA000066F00000C602000067
:10A63000FB0C0000030300007FE8000066EF000051
:10A64000A11C000001070000D9EF00001EFA000065
:10A65000D70100007A1800002D0500003AF1000033
:10A6600027020000D5070000CC01000056F10000D1
:10A6700044F700007E0C0000C70B000074F50000DA
:10A6800025E10000570A0000CD1A0000ADF40000DB
:10A6900003F40000B1FB0000891100004214000027
:10A6A00001F4000051F90000D6060000B3070000D5
:10A6B000BAF90000A0ED000051040000D91000001C
:10A6C0006502000095E300009BF20000531E0000AD
:10A6D0000A050000E1EF0000B6F500006407000085
:10A6E000811C00009BFF000036F20000D103000037
:10A6F00023080000BBFF00000AEE0000A0F90000E4
:10A7000037100000100D00003DEE0000DCE40000FA
:10A71000651300002510000077F3000063F40000CB
:10A72000D2FC00001E1C0000C90C00002AF0000032
:10A73000B6FE00002407000044050000CCF2000033
:10A7400010F100000A0A0000FE1200001DF80000CF
:10A750004EE00000C00A0000C914000053F50000DC
:10A76000C3F4000034F600006A1700003F1900002F
:10A7700083F200002CFA0000C7030000630400000D
:10A7800000FA000089EF0000230400000C13000011
:10A79000110100000DE3000038FF00005616000014
:10A7A0008EF8000072F5000006F70000F50C0000BE
:10A7B0009C1E000097FA0000E9F50000F802000076
:10A7C000140200009AFC000004F30000F0FE0000F8
:10A7D0003F0F00004E060000DFE600004AFD0000CB
:10A7E000D814000016F600002EF50000ACF80000AA
:10A7F000EB0A00000E1E000033FE0000C7F600004A
:10A80000FD01000024FF00002EFB00009AF600006E
:10A810006FFF00003A0D000080060000CDE600004A
:10A820002FFE0000191600003EF4000022F3000085
:10A830003BF80000600C0000F11D0000FEFC000071
:10A8400006F8000029030000EAFE0000B4F800004A
:10A850007CF50000A5020000950C00002D0600000C
:10A86000B8E7000033FB00005E190000CAF40000E6
:10A8700008F0000071F80000610B0000E91F000003
:10A88000DDFC000017F60000AF040000DDFF000053
:10A8900009F800003DF30000D20200001E10000085
:10A8A0009D0700004DE5000000F70000A51B00001B
:10A8B000F6F80000F0EE0000ECF600003B090000A6
:10A8C000692100004DFE00003FF300006C05000010
:10A8D0003802000094F90000F3F000008B00000043
:10A8E00013110000870A0000EBE8000006EF0000EB
:10A8F0003C1A00006E000000DAED000021F70000B5
:10A900002905000041200000BB03000065F00000A5
:10A910003D0400007E04000076FB000075F000009E
:10A9200028FC0000AD100000EA0E000081EC0000E1
:10A93000D9E70000B7170000D106000043ED000082
:10A94000A7F600008C010000111F0000B3080000F2
:10A95000A6EE0000B6020000B805000023FD0000CE
:10A9600074F100005CF90000460E000009100000C0
:10A9700000F3000089E300008A110000AF0E000020
:10A98000EFED00003DF50000C8FD0000CE1A00000C
:10A99000AA100000C6EE00002DFF00002F070000E7
:10A9A000FCFD000092F30000E3F500008E0B0000B8
:10A9B000A6120000E1F80000BCE000005C09000005
:10A9C0000E15000006F100005AF3000030FB0000F5
:10A9D00018160000CF160000A8F0000083FA00004F
:10A9E0005B0800003C01000098F500009DF20000AB
:10A9F000910700008C11000055020000CDE200001C
:10AA000051FB0000821A000013F70000F9F000006B
:10AA100061FA00005C0D00009C1C000011F70000B2
:10AA2000D4F30000EA0800002F03000099F80000AA
:10AA300003F10000E3010000D212000087070000CC
:10AA4000DBE500003EF00000971A000077010000EF
:10AA50005FEE0000EFF7000088060000E31D000035
:10AA6000BC0000005CEF0000F9050000C305000019
:10AA70001CFB0000F3F1000064FC0000BD0E0000B0
:10AA8000220D0000F2F000003DE600001F12000061
:10AA90002B0C0000BBEE00001FF8000001000000BE
:10AAA000ED180000B60C000010EE0000B9FF000029
:10AAB000060800000C0000003DF50000A5F50000B0
:10AAC000C2090000800F00008AFD000029E200009A
:10AAD0001E000000DA18000094F50000BCF400002D
:10AAE000CEFC00005A0D00000B180000E5F4000039
:10AAF000FFF60000D708000017020000F3FA00007C
:10AB00003FF300006C010000F80F0000490700004F
:10AB100017EA00009EEC00009C1600000C060000E6
:10AB2000D9F1000064FB0000FA01000048180000A1
:10AB30001E040000C3F00000290500004A050000C3
:10AB40002DFF00008CF50000AFF80000280B00007E
:10AB5000140C0000C5F80000D9E30000DE05000079
:10AB60004F150000F6F40000E1F8000020FC0000A2
:10AB7000DE0D0000F6130000A4F30000A8FB0000A7
:10AB8000460600001C020000BFFC00006FF300003E
:10AB9000B20100000E0D000055060000C2EA0000E0
:10ABA00039ED00001E160000250500002BF5000001
:10ABB00085FB000066FF0000F81700000604000097
:10ABC00035F300008E0200003E0300000B0300007E
:10ABD00073F7000094F600003D080000C60C00006A
:10ABE00074F9000011E30000D2040000EC1500002D
:10ABF00091F80000A3F800005FF80000C70D000006
:10AC0000B615000071F600005CF900008A03000030
:10AC10000C050000CCFE000052F20000F2FE000025
:10AC2000770E0000FE060000A2EA00002AEC0000F9
:10AC3000D3140000A5090000FEF5000018F800007C
:10AC400037FF0000CA180000A3060000DFF1000073
:10AC500031FF0000AF06000091050000D2F50000B2
:10AC6000A8F300000F090000C10E0000EBF900007E
:10AC70008AE10000480100009519000008FC00006E
:10AC80008CF5000005F70000D10D0000FA17000058
:10AC9000B4F600007FF500002605000090080000D3
:10ACA000DDFE000093EE000040FD00008C1000006F
:10ACB0007D0800005CEA000062E70000A6150000C5
:10ACC000700E00004BF4000035F60000C3FD0000DC
:10ACD000E119000081090000E3EE000021FE000000
:10ACE0001F090000350600007BF400001FF1000082
:10ACF000610900003D100000F9FB000060E0000069
:10AD0000A6FC00004C1C0000A9FD000019F4000086
:10AD10000AF70000BA0B0000161A000052F70000F4
:10AD2000D9F20000E9050000110A00006DFF0000E3
:10AD300036ED000067FB0000BD100000300A000087
:10AD4000BAEC000004E40000FA120000B1120000A6
:10AD500024F4000086F5000094FC000003190000B4
:10AD60006B0C0000B9ED000080FC00004D0A0000F3
:10AD7000420800000EF50000FAED00000408000093
:10AD8000A311000085FF000028E1000084F400000A
:10AD9000FD1D00007003000057F20000CEF6000019
:10ADA0003F080000991B0000BAFA000022EF0000E3
:10ADB00099050000A90C00001B01000066EC0000D2
:10ADC000A2F70000A8100000030D00006AF20000C6
:10ADD00017DF0000B60900002C1B000039F7000047
:10ADE0000AF40000BCFA0000B8130000941200003E
:10ADF0009BEE00007CF70000FB0C0000440A000002
:10AE0000AAF6000048EC000006040000441200000E
:10AE1000D302000063E500009FEC0000EF1B000080
:10AE2000CE0B0000B6F000001DF60000600300002D
:10AE3000D41A000018020000E0EC0000C402000078
:10AE40003E0E0000EF0300007DEE00002EF3000038
:10AE5000400E0000BD0E000076F7000057DF000036
:10AE600077FF000071200000F5FC0000B2F0000048
:10AE700002F90000F50D0000781700002DF4000025
:10AE8000CFF20000870A0000F00C000012FC000066
:10AE9000FBEA00000BFC000052110000C709000093
:10AEA000E7F0000018E10000CF0C00005C1A000081
:10AEB000D6F40000C5F40000C3FD00003613000006
:10AEC000790E000057EE000008FA0000F10E0000B5
:10AED00086090000ACF40000E8EC00003805000032
:10AEE0008C1100002C01000060E70000BDEB0000A9
:10AEF000C5190000760F00002EF00000DEF60000FD
:10AF000066030000ED150000160400007EEE000050
:10AF1000C8020000CB0F000044010000C3EE000097
:10AF2000B4F40000800B0000910D000019FB00003C
:10AF3000A1E40000EAF70000951C00004F030000A8
:10AF4000E1F00000B7FB000056080000F31300001A
:10AF5000BBFB00007CF1000004090000940D000020
:10AF60006DFB00005BEE0000B2FA0000DA0D00009D
:10AF7000100A000004F40000F8E300006D05000072
:10AF80006A1B0000E6F9000084F3000001FE0000E7
:10AF9000A30C00003211000047F5000001F700008B
:10AFA000C30C00007D080000FBF60000FCEF000071
:10AFB000FA000000840E000082040000F7EE00009A
:10AFC000D7E70000B80F0000541500008CF3000014
:10AFD000FFF7000071000000AB0F0000E00B000065
:10AFE0003DF1000021FD0000230E000036040000AA
:10AFF00040F4000078F2000014050000310E00005B
:10B000009F00000050E8000064EE000059190000A5
:10B01000B80C00004DF1000052FA00004F02000091
:10B02000DD1200002405000099F000006303000019
:10B03000340D00004EFF000013F200006CF600001B
:10B04000BD0900003A0C0000F1F9000055E50000D0
:10B05000EAF900008F1C0000460200004EF20000DA
:10B0600064FC0000F0050000A21300006DFD00006C
:10B0700071F3000002080000C30900004AFC000050
:10B080005CF10000B5FA0000600C0000400900000F
:10B090003DF40000BCE300002D060000FE1B000094
:10B0A00065F90000C5F400005FFD0000C40A00005F
:10B0B00004120000E8F60000A0F70000DD0A00001E
:10B0C000F50600006FF8000000F100003B000000F2
:10B0D0001D0E0000DB040000B1ED000013E80000CD
:10B0E000E21100004014000085F30000F0F80000B9
:10B0F00027FF0000A60F00007E0C00001DF20000DC
:10B10000A2FE0000830C0000AF0100001DF400004F
:10B1100073F40000E9060000420D000025FE000067
:10B12000D0E400001DF50000C81D0000ED04000083
:10B13000BBF100002DFB00007C0300009E15000009
:10B1400019010000F2F20000310600000C090000B5
:10B1500019FE0000B3F100009CF90000DF0C0000B4
:10B16000360900008CF20000FBE300002B0A00000F
:10B17000591B000038F60000B7F3000030FD000056
:10B180000E0E0000B51200000EF6000086F9000059
:10B190000B0A0000E8040000D3F600008FF1000065
:10B1A000A70300006A0F0000E1020000F2E60000C1
:10B1B00036EE0000681A0000370B0000BDF00000FA
:10B1C00029F80000FE0200005F16000034050000B0
:10B1D00013F2000026030000B7090000D2FF0000B0
:10B1E00043F1000032F70000FF0B0000850C000067
:10B1F0003CF6000003E100006D0500004C1C00005F
:10B20000F9F800008EF2000012FB0000D70E0000DB
:10B210006414000069F6000075F80000C208000020
:10B2200078060000CEF8000012EF0000D001000008
:10B23000E50F00000E050000F0E7000029EB00001C
:10B24000E6190000160C000086F0000082F60000EF
:10B25000920200002B1900007D05000050F1000053
:10B26000780200002E0900006D010000B8F0000017
:10B270008FF400007F0C0000830E00005EF80000D9
:10B2800054E100005B020000B31A000041F9000025
:10B2900006F30000BEFA000045100000891500000A
:10B2A0008FF4000079F80000DE08000007070000B6
:10B2B000D5F9000097EC0000D20000001612000043
:10B2C0009805000065E8000031EC000094170000CC
:10B2D000C5090000DAF10000C8F60000D50300003F
:10B2E000111B0000E302000035F100001204000011
:10B2F0000A0800008401000062F00000F3F400007E
:10B300005C0D0000F60D000018F50000D3E200000F
:10B31000DC090000CA140000A1F40000CDF5000013
:10B32000BAFA0000AA15000062130000D0F1000074
:10B3300092FD0000240600009203000058F800006F
:10B3400086EE0000E70400003512000071000000E6
:10B35000ABE3000099FB00000D170000D6F90000D8
:10B36000A1F50000CCF80000770B00002B1C0000BA
:10B37000CDF800007DF70000D2040000CA020000F2
:10B38000DDFE0000E3EF000004FC0000900F000071
:10B390003509000009E90000E5F10000131600007E
:10B3A0004AFE00003DF40000A9F90000F20200008E
:10B3B000D41D0000320300008BF40000BD02000029
:10B3C0008F00000032020000B9F300005CF60000BC
:10B3D0007D0B0000020E0000E6F40000C9E800004A
:10B3E000500D0000D1060000FEF200004FFC0000EE
:10B3F00081FD000075170000FA0E0000A3F30000A5
:10B400008AFF0000D60000004302000039FA000065
:10B4100034F400002D040000CE0C000036FF0000C4
:10B4200027E80000CB040000640D000043F2000098
:10B4300062FB00005DFC0000500F00008A16000057
:10B4400066F80000BFFC0000BD000000F0FF000037
:10B4500063FE000065F40000A20000006D0B000018
:10B46000D4040000F8EA0000DBF900007E120000BE
:10B470000CF6000023F7000006FE0000B5070000F0
:10B480003119000087FE00006BF900002D0200005A
:10B49000BBFE0000B100000092F5000081FC00003E
:10B4A000880900007508000059F3000088ED0000CD
:10B4B000041100004D01000089F10000BDFE0000F4
:10B4C0007E00000086170000030900000BF6000054
:10B4D000E601000085FE0000960100000EFA000063
:10B4E00066F700009E060000CD0900002BFE00005C
:10B4F000FBE7000031020000D60F00002DF3000032
:10B5000026FC0000CAFD0000320D000031140000CE
:10B5100026F7000042FE0000B50100005B000000BD
:10B52000FEFF000009F4000067010000DE090000D2
:10B53000DD030000D9EE000092F00000EF130000E0
:10B5400080FF000053F40000D1FE00004E01000017
:10B55000BD170000F40200001DF7000036030000D4
:10B5600050FF0000C0030000D3F700007DF700008B
:10B57000EB0700004F090000B9FB00004DE7000099
:10B5800069040000F70F0000F3F30000B6FC0000B0
:10B59000A2FC0000340E0000F4120000FCF50000D4
:10B5A00090FD000010010000320400005001000076
:10B5B000F5F10000180000006509000063050000B7
:10B5C000EFEF0000A2EC0000B01300004E040000FA
:10B5D000F3F4000008FD000067FF0000F61700000C
:10B5E000160500000AF500005400000001020000EA
:10B5F00043080000F0F7000023F30000C10700003B
:10B60000130A0000E7FE0000A8E5000069FA000048
:10B61000E717000029FB00001EF8000094FA000064
:10B62000B409000048170000EBF80000EBF600003A
:10B6300009020000DA0800009E050000E0EE0000AC
:10B640002BF90000BF0B00002A080000CAF600001A
:10B6500077E30000C30800005C150000E8F5000077
:10B6600034F8000035FC0000801200003B100000A0
:10B67000F1F100005DFA0000F3070000FF0A00008E
:10B680000BFB0000F2EC00000D030000130D0000A6
:10B69000B3030000CCEA00008BEB0000A018000010
:10B6A00012090000F6F10000BCF90000740200006D
:10B6B000F9180000340300000FF0000090010000B2
:10B6C000520A00007F080000D8F1000009F20000D3
:10B6D000690B00008E090000CFFC0000B0E4000000
:10B6E00000FA0000591D00000EFC000015F30000D8
:10B6F0004EFC0000B40A00006D170000F2F60000D6
:10B7000024F40000CC0700007F0B00004201000081
:10B7100047EC00002FFC0000F40D0000390500008C
:10B7200023F500008CE30000E60B00000718000082
:10B730009BF10000C0F700001AFF0000901200000B
:10B74000240F0000E5EE0000BEFC0000610C0000CC
:10B75000A908000087F70000D9ED0000D20500001D
:10B76000A30C000013010000AEEA0000FEEC000094
:10B770000F1B000038080000F0EE0000B8FB0000CE
:10B780002E040000AA170000DE000000EAEF00000F
:10B7900074060000020C00002A020000C8EF00003E
:10B7A000F6F50000130C0000C408000063FA000066
:10B7B000F6E400006AFF00009E1B000067F700002F
:10B7C00020F400001CFF0000230C00009B1300006D
:10B7D000D1F4000072F800000B0B0000E10700003C
:10B7E0004BFB000026EE0000C0FF0000660D0000CD
:10B7F000AF04000011F1000041E7000095110000C6
:10B800001A100000DBEF00009EFA0000EC010000BF
:10B81000A31300007A08000069F000002102000074
:10B82000D50A0000410400003EF400004BF1000086
:10B8300018090000710B00000EFD000018E6000062
:10B8400097F70000BA1C000008FE0000C1F00000DD
:10B85000C6FC0000E0080000F5150000E2FA000058
:10B860008EF6000064080000F306000070FD000082
:10B87000C1EE000037FC0000750D0000BA070000A3
:10B88000C9F30000C3E40000EE0D00009E120000AA
:10B890002FF1000093F80000A4FF000068140000DE
:10B8A000FD0B000083F100004B00000014080000B5
:10B8B0006B0500005AF60000E8EF0000F0060000FB
:10B8C000070C0000FA0100004CE8000088F20000BC
:10B8D000E51900008600000062F2000098FB0000FD
:10B8E000B3070000471800008FFC0000C3F40000FD
:10B8F000A50500005707000029010000FCEE00002C
:10B90000EBF90000940D0000E507000082F600004E
:10B91000E4E300003E090000651500007CF3000030
:10B920001FF8000028FD00005A130000121000004C
:10B93000C6F1000004FE0000FF060000C40600007F
:10B9400082F900004EED0000B7050000200F000056
:10B950004E01000066E80000E0EF000088190000DA
:10B96000D3040000A3F10000B7F90000D5050000E2
:10B97000E919000018FF00000DF30000C7040000E3
:10B98000EF070000DF02000055EF0000DCF50000CB
:10B99000570E0000160C00001AF8000005E2000027
:10B9A000EA03000020180000F9F60000F5F6000098
:10B9B00051FB0000B3110000A013000083F200004F
:10B9C0006FFA00004A0600007109000001FD000046
:10B9D0003FEB00008E020000E90E00009004000022
:10B9E000C8EF0000B3E5000064130000090F000079
:10B9F0006BF20000D6F90000AEFF000092180000C4
:10BA000090070000EAEF0000670000002708000030
:10BA10005007000039F40000D2F00000500A000086
:10BA2000980B0000DEFF000011E6000004F30000A8
:10BA3000BC1B00001901000091F4000068FA00002E
:10BA4000B6070000F0180000E0F9000085F30000E0
:10BA500054060000120A0000E300000065ED00003B
:10BA600045FA0000470E00003108000022F60000F1
:10BA700015E200008C070000BF18000040F600002F
:10BA800036F70000FFFB00007411000015110000E4
:10BA9000E6F10000DDFA0000540900006208000031
:10BAA0008BF80000F8ED000055040000E30D0000E5
:10BAB00054030000ABEB000012E90000C9160000BF
:10BAC000780C000068F20000ACF9000021010000D1
:10BAD0006D170000EB0400003CF000008F01000037
:10BAE000650A000070050000BFF100009CF2000034
:10BAF000A30A0000B10B0000F7FD00001CE30000EA
:10BB00002DF60000BA1D00003A00000082F300008C
:10BB100070FA0000440800004117000085F9000099
:10BB2000A7F30000E7060000FA0A0000A6FF0000E5
:10BB300032ED00004EFA0000B60E00009D08000035
:10BB4000C0F50000DEE10000F6040000441B000028
:10BB5000D3F7000082F5000028FD0000DC0E000095
:10BB60008D11000030F3000066F80000280A000084
:10BB7000F40900004DFA00006DED00008F00000098
:10BB8000B60E00001A050000C9EF00001BE500001A
:10BB9000880F0000FE140000DDF300002DF8000007
:10BBA00077FF000084120000D40A0000D9F00000E2
:10BBB000CCFD0000440B000014070000BAF50000A3
:10BBC00052F0000037060000F00C0000ED0000000D
:10BBD0000FE90000EAEC0000DA1800000F0B00008B
:10BBE00065F20000F6F9000018030000431500009C
:10BBF0003202000075F1000057030000780B0000CE
:10BC0000CF020000A8F000008EF50000770B0000C6
:10BC1000730A0000F3FA00009AE40000E1F9000062
:10BC2000FB1B0000A3FF000084F3000077FC000072
:10BC300090090000A0130000BCF80000B4F400005C
:10BC400026080000290B0000FFFD00003BEE00006D
:10BC5000AEFB00000D0E0000410700004FF4000095
:10BC6000A0E30000D2060000451A00009FF7000084
:10BC70000DF6000093FE0000430E0000000F0000D0
:10BC800029F30000DBF900002F0B0000B9080000C9
:10BC900025F90000A1EF000059010000990D0000F6
:10BCA0002E0300001BEF000072E700009B0F000056
:10BCB000A81500000EF400004EF80000D3FF0000AD
:10BCC0004B0F0000900B000082F20000ACFD000062
:10BCD000D80B0000360500005EF6000068F2000098
:10BCE0007D040000900B000097000000A9ED00000B
:10BCF00002EC0000DF130000AC0F000009F30000AD
:10BD000078FB000055000000121000001908000028
:10BD100095F1000083000000380B0000F4040000DF
:10BD2000CBF6000057F20000CF050000070A000024
:10BD3000C7FD000079EC0000F4EE0000F4170000ED
:10BD40004E0C0000A2F200000AFC000001FF0000FF
:10BD50003912000096060000CAF10000F60100004A
:10BD6000CE0900000C04000032F6000083F300004E
:10BD7000E005000074090000E5FE00006BEC000027
:10BD8000AAEF00005F1700007C0A000047F50000E2
:10BD9000DCFB0000EDFD00006E1300005B05000001
:10BDA00008F20000850200001109000016040000DE
:10BDB00069F60000D8F3000030060000CF0800004C
:10BDC00095FD000093EA000006F30000DC19000076
:10BDD00068080000DAF50000C5F90000DDFE00008B
:10BDE0007F1500003A0300001DF3000084020000EC
:10BDF000A1080000930400001EF5000031F50000CA
:10BE0000920600009D06000071FE000080EB00001D
:10BE100099F4000031190000D90500002CF700004A
:10BE200094F900001E0000008A1600000F010000B7
:10BE3000D7F200006B03000085080000210300001A
:10BE400086F40000FEF50000EC060000CB070000C1
:10BE500080FC0000B8E7000090FA00002E1A0000F5
:10BE600048020000F0F7000066F700008D030000B4
:10BE70000E1700002BFD000085F40000DF0300001A
:10BE80003F0800009D0200009EF2000038F800000C
:10BE90005A0800005805000017F9000097E7000055
:10BEA000B9010000C0190000DCFD00002BF7000004
:10BEB0006AF7000058080000FF15000088F900002C
:10BEC000CBF5000010050000490800000A00000042
:10BED00017F2000093FA00005208000076050000F7
:10BEE00082F7000021E800007C06000087160000B1
:10BEF00038FB000061F80000B1F80000470C0000BA
:10BF00000D1300003DF6000028F800009405000025
:10BF1000F50800008EFF00002AF1000097FD0000E8
:10BF200059070000530300001AF40000A0E80000C5
:10BF3000C60F0000C713000020F70000B9F800008A
:10BF4000CFF80000631100002D10000090F30000F6
:10BF500071FB00006E060000D40700002BFC0000FF
:10BF6000A4F100005D000000D70800007A02000084
:10BF70000DEE00003CEE0000F7150000540C000030
:10BF8000EEF50000A2F800009CFC00007A1500000D
:10BF90005B090000C7F20000EFFE0000210700006F
:10BFA0004806000097F800001EF30000BF030000E1
:10BFB000430800007CFF00001FEA0000CBF50000F2
:10BFC000041A0000FF030000D4F5000023F900006C
:10BFD00024010000EE17000011020000C4F300006D
:10BFE000C701000092060000790400007FF5000000
:10BFF000A8F60000CF060000AC0600002DFB0000F4
:10C0000062E7000005000000E4190000D8FB000012
:10C0100076F7000000FA0000AA07000024160000CE
:10C0200024FA0000F9F60000A904000051070000FE
:10C03000A50000002CF20000C2FB00007807000001
:10C04000CE040000F6F600005AE700006C0B00007A
:10C05000B01400003EF600005BFA000088FA000011
:10C06000BA0E0000F110000032F4000097FB00004F
:10C07000CF0600001E070000FCFB0000E6F10000F8
:10C080002F0100000D080000500100003BEF0000F0
:10C0900026EE000041160000720B0000D5F30000F0
:10C0A000ABFA00009BFD0000CD1400000409000065
:10C0B00040F30000B9FF00005D060000DF0500004E
:10C0C0001EF8000011F40000F40400004E07000008
:10C0D000E5FE0000C3E90000A5F600008E1A00008E
:10C0E00035020000AFF500003CFA00002F0200000E
:10C0F000991700006400000067F400006902000066
:10C10000B10600006704000076F40000B1F70000FB
:10C1100080070000C805000034FA00004FE7000067
:10C120004D0200006B1900003FFA0000D1F700003B
:10C1300056FA00001A0900006A150000DAF800003B
:10C14000D9F700000D05000025070000D3FF00000F
:10C15000FEF1000098FC0000AD070000B7040000ED
:10C1600022F6000067E70000F20C00006C130000EC
:10C170004EF500005DFB0000FBFA0000360F0000EA
:10C1800017100000BBF300007BFC00000D0700004F
:10C19000AB0600004DFB00002CF200003502000051
:10C1A000660700007B0000006AEF00007DEE0000E3
:10C1B00069170000BB0900007BF20000A5FC00002D
:10C1C00010FE00009E1400008A080000BBF300006F
:10C1D000590000007B0500009B050000C3F700002C
:10C1E00030F500000A060000FC050000CCFE00004F
:10C1F00097E900001FF60000821B0000810000008C
:10C200007DF5000092FC000006020000E51600002B
:10C2100087FF00002FF50000B8020000FC060000B8
:10C220007F05000015F300009EF800005A0800008A
:10C23000500300004BFB0000A2E700004500000097
:10C24000A41B0000E0F8000043F70000E6FC00003B
:10C2500004070000B2150000CFF90000F7F7000056
:10C26000C0050000E00600000D00000053F10000D2
:10C270005DFE00009E09000009020000C7F50000F5
:10C2800057E70000470C00004C16000031F3000097
:10C29000C5FA00002CFD0000590D0000C11000007F
:10C2A00031F50000A3FD0000B6060000DC0400002C
:10C2B000A8FA000030F20000F50300002509000094
:10C2C0004A01000049EE0000BDEB000075170000B8
:10C2D0002C0B000010F20000AEFD0000CCFE0000B0
:10C2E00083130000E90700003BF400003702000060
:10C2F00097050000530400006FF60000B0F5000041
:10C300005E080000AD05000034FE0000A7E9000053
:10C3100073F500005C1C000050000000A1F4000058
:10C3200049FE0000A1020000EC15000011FF000012
:10C3300078F60000B6050000A205000068010000C4
:10C340007FF20000CCFA0000680A0000330500000C
:10C35000ACF6000076E4000004080000441A000077
:10C3600061F50000CCF7000027FD0000410C000043
:10C37000541200006CF60000CAFC000076070000B2
:10C380008B04000032FB000067F100004D03000049
:10C39000790A000097000000EAEE0000F8EB0000C8
:10C3A000591600004C0C0000DEEF000042FC0000BB
:10C3B000F500000071130000A808000032F400002E
:10C3C000D102000083060000A200000044F4000037
:10C3D00009F60000CB0A0000E409000042FC00005E
:10C3E00011E60000BEF60000A71B0000A3FF00003E
:10C3F000CDF30000B7FE0000F3060000301400008B
:10C40000CEFB0000D4F6000050080000E20500005A
:10C410002BFC000009F10000C9FE00000A0D00001D
:10C420008B0400008DF200000AE50000A80C00005B
:10C430006B16000082F300007AF800006DFF000028
:10C440008C100000920D000039F40000DCFF0000A9
:10C45000670800007B020000FEF50000BDF200004E
:10C460003D090000830B000000FE0000D7E700003C
:10C47000ACF10000701C000074040000F7F0000034
:10C48000F5FB000094050000A1160000FBFE000073
:10C49000BDF5000090060000E606000018FF000051
:10C4A0004CEF00005DFA0000E00E0000FB0700000A
:10C4B00008F70000E3E2000023020000581B000020
:10C4C0004DF8000061F5000014FE0000120E00009F
:10C4D000DF1100000AF50000C8FA00005208000051
:10C4E000F806000076FA000084EE00004E0300001B
:10C4F000CA0D00009102000044EE000077E6000043
:10C50000481300000B120000CDF10000ECF8000011
:10C51000EF000000A4140000C0070000FEF10000BE
:10C5200072010000240900004C04000075F30000B3
:10C53000E4F20000810A00009F0A0000B9FD00003B
:10C5400048E7000030F10000781B00002D050000D6
:10C5500023F20000B7FB00001E0600006E1500006D
:10C5600007FD00006FF400009F0600003B0900007B
:10C5700097FF0000E6EE000021FA0000CF0D00005A
:10C58000A9060000E5F70000E9E300006AFF0000EB
:10C59000A31B000090FA00003CF50000A8FD00007D
:10C5A000F00B00006711000091F50000F1F90000A8
:10C5B000D4090000700700008DF9000087EE00002C
:10C5C00072020000AE0D000053020000CBF000002C
:10C5D0009DE50000380E000062150000A6F3000083
:10C5E000D7F80000E5FF0000F11000004B0A000042
:10C5F00033F2000057000000BB0A000007040000EF
:10C6000057F4000057F2000051090000E00A000052
:10C6100045FD00009CE9000040EE0000DB19000031
:10C62000280A00001CF10000EFFB00004D03000091
:10C63000D713000029010000FEF2000029060000C7
:10C640007D0A00006400000015F00000E1F7000022
:10C65000830C00006A07000005FA000037E70000BD
:10C6600079F80000DE1B00001400000026F3000033
:10C67000C1FE0000CC060000C01200009EFA0000BF
:10C6800096F60000CB0900005B080000BBFC000030
:10C6900012F00000B9FC0000BA0C00007F0400009A
:10C6A00070F60000FEE50000ED0100008B1B0000AD
:10C6B00047F900004CF60000A0FF0000DF08000072
:10C6C00090100000FBF6000009FB0000AC0A00001F
:10C6D0008305000014FA000034F100006901000035
:10C6E000C40B0000E900000017F40000EAE70000B6
:10C6F0006B090000DC160000D5F4000007FB000009
:10C7000099FF0000030B0000830D000060F400009F
:10C710009EFF0000C809000009040000A8F90000FD
:10C720003CF20000D3030000070900001BFF0000DB
:10C7300074F20000B3E90000611000001112000063
:10C74000FAF20000A9FD0000C0FD0000C10D0000CC
:10C750001C0B000086F4000047020000DE0600000B
:10C76000940300004BF9000062F30000B1040000E4
:10C77000650700004EFF000068F10000E8EB0000D4
:10C7800029130000170D0000D5F300004AFF000038
:10C7900031FD00003610000059080000BCF3000015
:10C7A000D9030000920600001F0200009BF7000062
:10C7B0009FF50000F80600006C05000018FE000060
:10C7C000B5EE00008EEF0000711700004107000079
:10C7D000EEF5000075FF000032FD0000E5120000DC
:10C7E00048030000F0F40000BF0500009F050000B2
:10C7F000DE02000026F6000033F700003B070000D1
:10C80000F702000011FD00000AEC00005FF70000D5
:10C81000E31900000F000000BAF7000058FD000007
:10C82000ECFF000039150000BFFF0000B6F7000064
:10C8300033050000C90300007601000005F5000083
:10C840002CFA0000AD0700007602000071FB00002A
:10C8500084E9000099FF0000231800000BFA000093
:10C86000EDFA0000CBFB00005A0500002F14000079
:10C87000FDF9000088FA0000710500009004000036
:10C88000BAFF000016F30000A1FD0000FB07000046
:10C890003901000099F60000EEE80000660A000089
:10C8A000301400004CF50000C6FC0000E8FA00005F
:10C8B000FF0B0000A41000009FF500003EFE0000EA
:10C8C0009F040000B904000001FD00002DF20000EB
:10C8D0007102000099060000640000009AF4000054
:10C8E00003EA0000791000007B0E0000B4F40000A1
:10C8F000B9FE000087FB0000B60F0000D00B00005F
:10C9000004F400002701000028060000470300008F
:10C91000DFF8000027F40000AF0500000E0600005D
:10C92000D2FE000005ED0000B6F10000291900005C
:10C9300008040000C8F50000D6FD00008AFE0000D3
:10C940003B150000DD020000F2F50000AF0400001E
:10C950003204000060010000A1F40000DDF80000D6
:10C96000EF080000320500004CFB00002BE6000041
:10C97000C8FE0000DA1A0000C6F900002DF9000018
:10C980008BFC0000E4050000481500001FFA0000C1
:10C9900001F900003B050000D904000022FF00005F
:10C9A000CCF2000055FE000016090000C80200008D
:10C9B000EEF50000BAE60000390A00003D1600005E
:10C9C000EBF4000088FB00008AFC0000160C00005D
:10C9D000A410000023F50000F0FC0000E8050000B2
:10C9E0009C05000048FC0000F1F100001803000065
:10C9F0001008000041000000F8F000005FEA0000AD
:10CA000021140000ED0E00009FF20000CFFC00009A
:10CA10007AFD000034110000670A00007CF300007A
:10CA20003B01000054060000ED02000062F7000028
:10CA30000DF5000066070000D9060000FCFD0000AF
:10CA400060EB0000A4F20000DA1900009604000078
:10CA500016F40000FFFD0000EC000000B013000021
:10CA600009020000C6F40000670400006706000029
:10CA70002C010000EBF30000E8F80000960900002C
:10CA80007E050000FDFA00005AE70000F7FB0000F9
:10CA9000841B0000FFFC0000BBF600001EFE00002F
:10CAA000F40400009613000033FB000046F700007A
:10CAB000740600005B060000CAFF0000A7F2000039
:10CAC00018FC0000FD090000B2040000A0F70000FF
:10CAD000D4E50000250400006C1A0000B1F9000044
:10CAE00003F900003AFC0000110800008E1200005B
:10CAF0002AF8000059FA0000720600001F06000024
:10CB000076FF000058F200002DFE0000C70900006B
:10CB10004B0200000CF6000009E70000CF080000FF
:10CB20006A19000086F70000CBF900001FFB000027
:10CB30009F0A0000ED110000D9F500008FFB0000F6
:10CB4000F00500003307000071FF000021F1000034
:10CB500005FE000001090000D5030000BBF700003E
:10CB6000D0E6000051070000A9170000E1F800001E
:10CB70007DFB0000D9FA0000530A0000C21000003B
:10CB8000F7F40000BCFB0000DF0500000208000015
:10CB90007C00000035F100004CFD00001307000090
:10CBA0007F03000016F80000BBE600003408000018
:10CBB0003718000057FA0000EDF9000044F80000B3
:10CBC0005C0B0000A5110000E6F5000084FB0000EE
:10CBD000D5040000FF070000140100008EF10000E2
:10CBE00050FC0000E8060000A0030000A0F80000D0
:10CBF000CCE700007B070000AF17000009FB000036
:10CC000094F90000CFF700000B0C0000E7110000C2
:10CC1000ABF500005CFB00007E0400002E09000064
:10CC200062020000C6EF0000D4FA0000F106000026
:10CC3000C10400008FFA0000A1E7000032060000E6
:10CC40008A1700004EFB0000B2F80000E0F7000079
:10CC5000990D00009012000023F50000F2F9000089
:10CC60005F040000190A00002B0200001DF0000004
:10CC7000A6FA000045060000240600001DF9000089
:10CC8000EAE60000300800008E160000D8FB000025
:10CC900008F800005EF70000920F0000311100005C
:10CCA000ABF400004AFA00003A050000010B000056
:10CCB00054FF0000A0EE000060FC00009907000097
:10CCC0007905000083F600005DE90000C60B000056
:10CCD000D0120000BFF9000097F8000075F90000BD
:10CCE000AA1100001A0E000007F4000023FC000047
:10CCF0000D0500005A0A0000AFFD000013EF000010
:10CD00009CFE0000C3060000BC040000C2F400004A
:10CD10002BEA0000D90F0000B40F000075F80000E6
:10CD200091F9000084FA00002C140000FE0A0000B3
:10CD300021F3000098FD000093050000B50A0000F3
:10CD4000CFFA0000A6EF000058010000CC0600005A
:10CD5000A503000010F000002EEE0000F414000007
:10CD6000390A0000E7F70000E7F9000069FD00005C
:10CD70007B1500004505000057F400008F000000FF
:10CD80006106000073090000E2F60000BDF100003A
:10CD9000B10300008E0500009F020000BEEB000002
:10CDA000F5F40000AE1800001C02000001F90000BC
:10CDB00076F90000050100005217000027FF00006F
:10CDC00068F700005B010000440500000E09000048
:10CDD000F8F3000076F40000550600007B04000024
:10CDE0007B00000014EB000048F80000621800000F
:10CDF00059FF0000A6F9000064FB000024030000B6
:10CE0000551500007FFC000012F800007B030000B5
:10CE1000410600004D060000B0F2000003F70000DC
:10CE200067060000F804000043FD0000ACE60000C7
:10CE3000E2010000C217000067FA0000B9FB000021
:10CE4000C5F80000D408000066130000F8F70000E1
:10CE5000BCFC000010030000F1060000EF0200001F
:10CE60002EF00000D0FB0000EA050000D404000012
:10CE700059FB000087E6000042070000661300002F
:10CE800096F80000D2FD000039F90000C50B000043
:10CE90006810000045F6000022FE00001C0400009F
:10CEA000A106000077FF0000D0F0000062FE000045
:10CEB0007D050000740400001CF8000022E800005A
:10CEC0002B0D0000F60E00002FF7000050FE0000B2
:10CED0009EFA000027100000C10B000081F4000042
:10CEE000E9FF0000470500000C070000DEFA000023
:10CEF00095F10000AD020000000600005A0100009C
:10CF000083EE0000B2F0000073170000550500002A
:10CF100049F700005EFC000004FE000084150000DC
:10CF20007C0200003CF600008C0200004D05000071
:10CF3000E1070000F3F400002AF4000030050000CF
:10CF40004A040000AA010000F3EA000037F70000DD
:10CF5000441800000EFF0000D0F90000D4FA0000D1
:10CF6000E502000020160000CBFC000054F8000091
:10CF7000BB0200006A060000AF050000EEF10000F1
:10CF800022F80000EB060000B80300005DFE000080
:10CF9000D5E8000045FE0000D817000041FB000066
:10CFA00027FB0000FEFA00009E06000006140000A9
:10CFB00009F900006AFA000001040000EE06000012
:10CFC000C7030000BEF0000088FA0000DA06000087
:10CFD0007A040000BFF9000080E60000EF080000BE
:10CFE0007614000036F800007CFC0000ACF800006D
:10CFF0004B0D0000F00F00001AF60000D8FE0000F4
:10D000000D030000E9070000D0FF0000C4EF00009E
:10D01000C1FE0000AE050000D80400005FF700006C
:10D02000BDE70000960D00001F0F0000C3F70000D1
:10D0300020FE00008CF90000CB0F00004F0C000018
:10D040003AF500003100000022040000FA0600005A
:10D0500080FC000033F10000E60000001D05000028
:10D060004D04000027F4000082EA00001A120000BC
:10D070002A0A00006CF70000B1FE000069FB000006
:10D0800099120000E5070000AEF40000E80100007E
:10D09000100500002D060000CDF8000011F300007F
:10D0A0008D0400000F050000C4FF0000E7EB000046
:10D0B00073F500004F190000E9FF0000B9F8000007
:10D0C0009BFC0000D5FF0000F4150000E1FE00000D
:10D0D00089F8000063030000D90400006C0600001A
:10D0E00015F30000E6F60000000600002103000032
:10D0F0001B01000089E9000085F9000010180000FC
:10D10000C5FB00009EFB000015FC0000960300001C
:10D110004C150000E5FA000026F90000F2040000BA
:10D120004506000031010000DCF10000F5FB0000C5
:10D13000B90600009B020000EEFB000031E7000092
:10D140009D0300005A16000051F700005BFD00002F
:10D150000DFB00000609000032120000D7F60000A7
:10D160002EFD0000830400009406000037FF00003D
:10D1700062F00000DEFF00003D0700002501000016
:10D18000D5F50000F2E700008C0D0000BF11000093
:10D19000E1F40000A5FE0000EFFA0000A00D000081
:10D1A000480D000072F5000034000000DE040000AD
:10D1B0003106000023FA0000F6F10000B202000080
:10D1C000AD0500005603000080F40000A9E800004F
:10D1D000B10F0000380D000088F60000EBFF0000E2
:10D1E00079FB0000241000008B090000EAF3000026
:10D1F000B10100004A0600006B0500003BF800008A
:10D200004EF30000CA0400008305000045FF000043
:10D21000CAEE0000C3EE00005A16000067080000C6
:10D220001AF6000089FE000028FD0000951200009B
:10D230000C05000085F500003104000083050000A6
:10D240002C02000055F50000F4F600006007000015
:10D250005304000007FE0000C2EA00005AF5000077
:10D260009F1900002C000000C4F80000AAFE000076
:10D2700047000000671400002DFD000019F70000B2
:10D28000CF060000F106000052010000F2F100009C
:10D2900074F90000A2070000ED030000F2FC00009A
:10D2A0008EE80000BCFB00007F190000A7FC000016
:10D2B0006AFA0000E8FC0000B603000067140000F2
:10D2C0006EFA0000ACF90000D4060000E104000092
:10D2D000D4FE0000FFF2000020FD00000208000064
:10D2E0003B0200008BF800009DE700008C0400006A
:10D2F000071800008EF800002FFC0000FCFB000067
:10D300002308000077110000E4F60000BFFD0000D4
:10D310005007000050040000B7FB000061F100005E
:10D32000EA000000520900002901000090F300000B
:10D3300030E90000260E0000C61100002DF50000A7
:10D34000BCFE000058FC0000190D0000830C00001A
:10D35000BAF4000067020000EB06000015010000AF
:10D360005EF8000059F4000022050000A407000048
:10D3700021FF000099ED0000BDEF00002A1700001A
:10D380009507000077F5000052FF00003BFE00000B
:10D390003B120000FE03000029F600001207000007
:10D3A000D20400005EFF000086F40000BFF8000019
:10D3B000F5080000F503000025FC000065E700000B
:10D3C000FBFC00002D1C000066F9000064F8000062
:10D3D000E8FE00002605000042140000D2F900001B
:10D3E00068FB0000E20700003803000041FD000078
:10D3F0002FF100002F000000890A00003502000014
:10D4000014F500001AE70000770D00004413000037
:10D410009AF20000D2FC00005EFF0000A40E0000A3
:10D42000DC0B000058F500007603000090060000B9
:10D4300013000000FDF500006FF400000409000077
:10D440005B090000E9FE0000ECE8000060F300006A
:10D45000CD190000930100005CF4000041FE0000C3
:10D460009D060000DF13000015FC000038F90000E5
:10D4700084080000F903000038FC00001EF00000E2
:10D480001FFF0000750D0000AA030000DDF300007F
:10D49000E4E60000660C0000DA1100006DF3000005
:10D4A0007BFA000023000000191300006F09000040
:10D4B00006F4000078040000FE050000B1FF000043
:10D4C000B6F300007DF40000770A0000A60A000011
:10D4D00079FF000047E50000C4F700008F18000046
:10D4E00003FB000030F800002BFC0000320A0000B3
:10D4F0007C1600008DF60000DAFA00008D070000AF
:10D5000023040000BDFB00002DED00002E010000F3
:10D510005B0F00009E050000EAEE000088E50000B9
:10D520005B120000050D00000BF30000B9FB0000CA
:10D53000E4FE0000B4170000C90600001FF200005E
:10D5400065050000BF040000E700000094F2000041
:10D5500037F40000C10C0000690B0000B9FB0000AB
:10D5600090E3000049FD00009E170000F0F7000066
:10D5700026F90000B6FB0000080C0000C7150000EB
:10D58000ECF4000079FC00008D060000E6020000CB
:10D590008EFB000048EE000089020000680E0000CB
:10D5A0009C040000EFED000011E90000A013000052
:10D5B0008208000090F30000A3FC0000BDFF000003
:10D5C00036180000EB04000072F300001F06000094
:10D5D0003F02000055FE00000EF4000081F700003D
:10D5E000DD0B00008C0B0000E9F800002DE40000CA
:10D5F000BA0400006A12000080F500002EFB000053
:10D60000EEFB0000F2100000D012000097F30000C3
:10D61000FBFF0000120400003100000023FB0000AB
:10D620005AF20000E7040000160D00002701000078
:10D63000BAE600001FF600006D1800000DFD0000A6
:10D6400012F60000DAFA000099060000A51A0000A0
:10D650001BFC0000D9F70000CD040000CE01000043
:10D66000A7000000C8F1000008FC0000CE0C00007C
:10D67000BE080000EDF3000050E60000170D0000AA
:10D68000510D00009AF30000E1FB0000C4FD000012
:10D69000C7150000D10C00001DF20000670000005B
:10D6A00045040000960300007DF800007EF20000B3
:10D6B00094060000310D00009100000087E6000094
:10D6C00056F600007D160000E3FE000039F700006A
:10D6D00099FA00005B07000091180000DBFB0000D6
:10D6E0007BF700001005000097020000AAFE000072
:10D6F000A3F20000B4FD0000A90C00001107000017
:10D7000054EF0000D8E80000A8110000BC0A000097
:10D710009AF40000BCFA000091FD00003E170000E2
:10D7200094090000ABF300004B02000097030000D7
:10D730000A020000EDF60000EDF400008F08000082
:10D74000460B00000CFD0000C5E6000061FD000076
:10D750003A1500009FF90000B7F8000033FB000005
:10D76000B20A0000F21600002EF90000DEFB0000F5
:10D7700001040000ECFF00009BFD00002EF3000000
:10D78000DF000000BC0C0000B805000009ED00003F
:10D7900087ED0000EB130000730400000BF600009F
:10D7A000D4FB0000870000004F1800002104000097
:10D7B000BBF6000042040000F8FF0000BAFF0000C2
:10D7C000CBF600006BFA00005A0A000027080000A0
:10D7D00088F3000048E70000C20D0000460F00007B
:10D7E0000AF40000B5F900004FFB0000E51300004B
:10D7F000080F00006CF60000180000009601000001
:10D800002C03000005FA000061F30000070500008A
:10D810001F0C00007902000040E80000ECF400005A
:10D82000F41500009DFE00008EF60000EEFA0000E8
:10D830006B06000090190000EBFD0000A4F700004B
:10D84000CC0300004C0100002300000000F40000A5
:10D8500034FC0000C80B00002C0800001BF2000084
:10D86000FCE80000EC0E0000AA0B000011F500001F
:10D870000CFB00007FFD0000651500005A0B000046
:10D880000FF60000BC0300007B000000B6FD0000A6
:10D8900090F8000081F8000004090000950A0000DB
:10D8A00018FA0000D3E50000E9030000201300008F
:10D8B0003EF60000F2F9000075FB0000490E000082
:10D8C000A61400004AF700003AFF0000840200009E
:10D8D0006CFD0000D0FC000065F50000D1030000E5
:10D8E0007B0B00007F01000063EA00001AF50000D6
:10D8F0001D15000030FE0000B3F600000AFC000019
:10D9000004040000891800001F0000005AF90000FC
:10D910005004000011FE000055FF0000F6F5000065
:10D9200025FC0000EF0A0000F0070000DEF2000016
:10D9300038E900000F0E0000E10A00004FF500007A
:10D9400067FB0000C5FC0000C71400009D0C000030
:10D9500061F600002E0200006100000083FF00005D
:10D9600009FA000005F700004B070000780A0000E4
:10D9700012FB0000C7E50000B4010000851500009F
:10D9800013F8000006F800009DF90000FA0B0000F3
:10D990006F160000F8F900006EFC00002B0200007A
:10D9A00057020000C4FE000041F200003BFF0000EF
:10D9B000D90B0000A8070000D0EF000013EA000018
:10D9C0001A110000A1080000C2F400000BFB0000C7
:10D9D0004AFF00001E180000850800005DF40000EA
:10D9E00027020000DC0100009A01000073F700002C
:10D9F0009EF60000E80800001D0B0000A1FA0000E0
:10DA0000DBE50000CE020000C6130000E7F70000CF
:10DA10006DF900000FFB0000C30D0000671400004B
:10DA20001BF8000084FF00003103000007FD000028
:10DA300097FB000006F6000056040000EE0B000005
:10DA40009601000001E90000FEF500000A16000042
:10DA500048FD000091F600001BFC00001D050000C1
:10DA60001D19000016FF000066FA00007704000090
:10DA700009FB000029FE0000B9F70000EFFE0000DE
:10DA8000F00A00006D050000FEEF000022ED00002E
:10DA9000031200003305000029F40000F6FC00002A
:10DAA000D9FE0000951600000D0800009FF7000049
:10DAB000DF04000037FD00003BFE0000B8F9000065
:10DAC0008EF9000030080000F40800000CF7000098
:10DAD00040E70000F6090000C30E0000E1F400007A
:10DAE0006FFA00007AFA00009E110000F3110000A6
:10DAF0005AF80000B401000016FF00006FFD00009E
:10DB00005AFC0000CAF6000023050000B80A000015
:10DB10001500000024E70000B8FB000074140000AA
:10DB2000C2F900000DF900000BF900006E080000BA
:10DB300017190000FEFC0000ECFB0000860100004D
:10DB400090FF000011000000CBF40000CEFE0000AA
:10DB5000290A0000B207000083EE0000E7EA000097
:10DB600069130000AE050000B7F50000C8FA000018
:10DB700099FD0000991800000E080000D4F700007D
:10DB8000A80000001B000000F10400003FF70000A7
:10DB90004DF600001F0600009F0A00004A01000029
:10DBA00079E50000D0FA0000DB13000051FB000013
:10DBB0008CFA00009BF9000047090000EA160000FB
:10DBC00028FC0000D3FB0000C50000003D0200005F
:10DBD0007A00000056F30000BCFE00009909000026
:10DBE0005807000036F0000092EA0000D91000004B
:10DBF0001507000066F8000050FB00002FFC000035
:10DC0000E71500006509000069FA000089000000BE
:10DC1000CFFE0000F80300001DF80000C5F600006C
:10DC2000DA0500006A0A0000EBFF000009E30000CB
:10DC3000DCFE00002C14000038F900001CFD000080
:10DC400062F70000BD0A00005816000037FB000014
:10DC50006AFD000073FE00008105000071010000F4
:10DC60004DF00000C1FE0000C6090000610900007F
:10DC700028EF0000F7E6000047120000DB08000074
:10DC8000B8F900006DF9000007FA0000A3180000C1
:10DC9000F509000051F90000CCFC000093000000E1
:10DCA000B30A000095F5000016F30000E606000038
:10DCB000220B0000FB0000009AE10000B7FA000010
:10DCC0000A18000074FD00003CFA0000E9F40000AE
:10DCD000450900008A180000BCFD000050FA000051
:10DCE000B8FC0000FC090000C204000067EC000062
:10DCF000D6FB0000CB0A0000700B000058F40000B7
:10DD000095E000000E0D0000A7110000FFFA0000D2
:10DD100021020000E8FE000079000000F0FF000092
:10DD2000D0FF00004D000000ADFF00004A000000E1
:10DD3000C6FF000026000000EBFF00000900000005
:10DD4000FEFF0000FEFF000002000000500800007F
:10DD50002C10000000000000241F0000180000002C
:10DD600000000000881F0000020000000200000008
:10DD7000D0070000801F0000040000000200000027
:10DD800000000000000000007C180000A603000056
:10DD9000000000005E1F00000800000002000000FC
:10DDA0000000000000000000000000008A1F0000CA
:10DDB00002000000000000008C1F000002000000B4
:10DDC000000000004E1F00001000000000000000D6
:10DDD0006E1F00000600000000000000841F00000D
:10DDE00004000000020000000200FF00FF0000002D
:10DDF000AC1F000004000000020000000000000052
:10DE000000000000A61F0000060000000200000045
:10DE10000000000000000000661F00000800000075
:10DE200000000000761D0000D80000000200000085
:10DE30000403050053060300075308000009D1003E
:10DE40000A000B00070C03000D510E00010FE70044
:10DE5000120213000215100016401700401840006F
:10DE600019401A00031BE6001C001D00701E0A006A
:10DE70001F1B2000443B000046804800604996007C
:10DE80004A004B007D4C00004E084F000A507000C5
:10DE900059005A00005B00005CAC5D000276000097
:10DEA000771A78002A7937007A427B00567C68001E
:10DEB0007D877E00A37FBC0080D48100EA8E38007D
:10DEC0008FA590000D919300922D930006948300EE
:10DED00095AA96004D97250098259B00009C9600DA
:10DEE0009F80A00080A1B600A29DA300ABA48000EB
:10DEF000A500A60007A70100A8E7A90000AA010045
:10DF0000AD9FAE0022AF8C00B007B100CCB20000D4
:10DF1000B370B90003BAE600BB07BC00CCBD00007B
:10DF2000BE0CC10010C2E000C310C400E0C58000F8
:10DF3000C680C70001C8A500C902CA007ACB00008C
:10DF4000CCA7CD0001CE4700D43CD50001D880003D
:10DF5000221C000054010000000000008E1F000081
:10DF60000200000000000000741F00000600000016
:10DF7000020000000000000000000200981E0000E7
:10DF800044000000000000007A1F000006000000AE
:10DF900002000000220098001E2200003C1F00002A
:10DFA0001200000002000000202B2D002330000092
:10DFB0000100020000040000080010000000000042
:10DFC0009E1F00000800000002000000686A6C004C
:10DFD000747A4C0000000000921F00000C0000004A
:10DFE00002000000686A6C00747A4C000063430011
:10DFF0006E5B0000021F0000220000000200000013
:10E000003031320033343500363738003961620040
:10E010006364650066003000313233003435360009
:10E0200037383900414243004445460000000000B3
:10E03000DC1E00002600000002000000303132002B
:10E040003334350036373800396162006364650067
:10E05000664142004344450046006400696F750014
:10E0600078587000000A0000080A10001010000024
:10E070004E1E00004A000000020000003031320055
:10E080003334350036373800396162006364650027
:10E0900066676800696A6B006C6D6E006F70710076
:10E0A000727374007576770078797A00000000004A
:10E0B000412921001C191700161514001312120013
:10E0C00011111100101010000F0F0F000F0E0E0095
:10E0D0000E0E0E000E0E0D000D0D0D000D0D0000AC
:10E0E000901F00000200000000000000000000007F
:10E0F0000000FE00FFFFFF00FFFFFF00FFFFFF002B
:10E10000AA1100001A0E000007F4000023FC000012
:10E110000D0500005A0A0000AFFD000013EF0000DB
:10E120009CFE0000C3060000BC040000C2F4000016
:10E130002BEA0000D90F0000B40F000075F80000B2
:10E1400091F9000084FA00002C140000FE0A00007F
:10E1500021F3000098FD000093050000B50A0000BF
:10E16000CFFA0000A6EF000058010000CC06000026
:10E17000A503000010F000002EEE0000F4140000D3
:10E18000390A0000E7F70000E7F9000069FD000028
:10E190007B1500004505000057F400008F000000CB
:10E1A0006106000073090000E2F60000BDF1000006
:10E1B000B10300008E0500009F020000BEEB0000CE
:10E1C000F5F40000AE1800001C02000001F9000088
:10E1D00076F90000050100005217000027FF00003B
:10E1E00068F700005B010000440500000E09000014
:10E1F000F8F3000076F40000550600007B040000F0
:10E200007B00000014EB000048F8000062180000DA
:10E2100059FF0000A6F9000064FB00002403000081
:10E22000551500007FFC000012F800007B03000081
:10E23000410600004D060000B0F2000003F70000A8
:10E2400067060000F804000043FD0000ACE6000093
:10E25000E2010000C217000067FA0000B9FB0000ED
:10E26000C5F80000D408000066130000F8F70000AD
:10E27000BCFC000010030000F1060000EF020000EB
:10E280002EF00000D0FB0000EA050000D4040000DE
:10E2900059FB000087E600004207000066130000FB
:10E2A00096F80000D2FD000039F90000C50B00000F
:10E2B0006810000045F6000022FE00001C0400006B
:10E2C000A106000077FF0000D0F0000062FE000011
:10E2D0007D050000740400001CF8000022E8000026
:10E2E0002B0D0000F60E00002FF7000050FE00007E
:10E2F0009EFA000027100000C10B000081F400000E
:10E30000E9FF0000470500000C070000DEFA0000EE
:10E3100095F10000AD020000000600005A01000067
:10E3200083EE0000B2F000007317000055050000F6
:10E3300049F700005EFC000004FE000084150000A8
:10E340007C0200003CF600008C0200004D0500003D
:10E35000E1070000F3F400002AF40000300500009B
:10E360004A040000AA010000F3EA000037F70000A9
:10E37000441800000EFF0000D0F90000D4FA00009D
:10E38000E502000020160000CBFC000054F800005D
:10E39000BB0200006A060000AF050000EEF10000BD
:10E3A00022F80000EB060000B80300005DFE00004C
:10E3B000D5E8000045FE0000D817000041FB000032
:10E3C00027FB0000FEFA00009E0600000614000075
:10E3D00009F900006AFA000001040000EE060000DE
:10E3E000C7030000BEF0000088FA0000DA06000053
:10E3F0007A040000BFF9000080E60000EF0800008A
:10E400007614000036F800007CFC0000ACF8000038
:10E410004B0D0000F00F00001AF60000D8FE0000BF
:10E420000D030000E9070000D0FF0000C4EF00006A
:10E43000C1FE0000AE050000D80400005FF7000038
:10E44000BDE70000960D00001F0F0000C3F700009D
:10E4500020FE00008CF90000CB0F00004F0C0000E4
:10E460003AF500003100000022040000FA06000026
:10E4700080FC000033F10000E60000001D050000F4
:10E480004D04000027F4000082EA00001A12000088
:10E490002A0A00006CF70000B1FE000069FB0000D2
:10E4A00099120000E5070000AEF40000E80100004A
:10E4B000100500002D060000CDF8000011F300004B
:10E4C0008D0400000F050000C4FF0000E7EB000012
:10E4D00073F500004F190000E9FF0000B9F80000D3
:10E4E0009BFC0000D5FF0000F4150000E1FE0000D9
:10E4F00089F8000063030000D90400006C060000E6
:10E5000015F30000E6F600000006000021030000FD
:10E510001B01000089E9000085F9000010180000C7
:10E52000C5FB00009EFB000015FC000096030000E8
:10E530004C150000E5FA000026F90000F204000086
:10E540004506000031010000DCF10000F5FB000091
:10E55000B90600009B020000EEFB000031E700005E
:10E560009D0300005A16000051F700005BFD0000FB
:10E570000DFB00000609000032120000D7F6000073
:10E580002EFD0000830400009406000037FF000009
:10E5900062F00000DEFF00003D07000025010000E2
:10E5A000D5F50000F2E700008C0D0000BF1100005F
:10E5B000E1F40000A5FE0000EFFA0000A00D00004D
:10E5C000480D000072F5000034000000DE04000079
:10E5D0003106000023FA0000F6F10000B20200004C
:10E5E000AD0500005603000080F40000A9E800001B
:10E5F000B10F0000380D000088F60000EBFF0000AE
:10E6000079FB0000241000008B090000EAF30000F1
:10E61000B10100004A0600006B0500003BF8000055
:10E620004EF30000CA0400008305000045FF00000F
:10E63000CAEE0000C3EE00005A1600006708000092
:10E640001AF6000089FE000028FD00009512000067
:10E650000C05000085F50000310400008305000072
:10E660002C02000055F50000F4F6000060070000E1
:10E670005304000007FE0000C2EA00005AF5000043
:10E680009F1900002C000000C4F80000AAFE000042
:10E6900047000000671400002DFD000019F700007E
:10E6A000CF060000F106000052010000F2F1000068
:10E6B00074F90000A2070000ED030000F2FC000066
:10E6C0008EE80000BCFB00007F190000A7FC0000E2
:10E6D0006AFA0000E8FC0000B603000067140000BE
:10E6E0006EFA0000ACF90000D4060000E10400005E
:10E6F000D4FE0000FFF2000020FD00000208000030
:10E700003B0200008BF800009DE700008C04000035
:10E71000071800008EF800002FFC0000FCFB000032
:10E720002308000077110000E4F60000BFFD0000A0
:10E730005007000050040000B7FB000061F100002A
:10E74000EA000000520900002901000090F30000D7
:10E7500030E90000260E0000C61100002DF5000073
:10E76000BCFE000058FC0000190D0000830C0000E6
:10E77000BAF4000067020000EB060000150100007B
:10E780005EF8000059F4000022050000A407000014
:10E7900021FF000099ED0000BDEF00002A170000E6
:10E7A0009507000077F5000052FF00003BFE0000D7
:10E7B0003B120000FE03000029F6000012070000D3
:10E7C000D20400005EFF000086F40000BFF80000E5
:10E7D000F5080000F503000025FC000065E70000D7
:10E7E000FBFC00002D1C000066F9000064F800002E
:10E7F000E8FE00002605000042140000D2F90000E7
:10E8000068FB0000E20700003803000041FD000043
:10E810002FF100002F000000890A000035020000DF
:10E8200014F500001AE70000770D00004413000003
:10E830009AF20000D2FC00005EFF0000A40E00006F
:10E84000DC0B000058F50000760300009006000085
:10E8500013000000FDF500006FF400000409000043
:10E860005B090000E9FE0000ECE8000060F3000036
:10E87000CD190000930100005CF4000041FE00008F
:10E880009D060000DF13000015FC000038F90000B1
:10E8900084080000F903000038FC00001EF00000AE
:10E8A0001FFF0000750D0000AA030000DDF300004B
:10E8B000E4E60000660C0000DA1100006DF30000D1
:10E8C0007BFA000023000000191300006F0900000C
:10E8D00006F4000078040000FE050000B1FF00000F
:10E8E000B6F300007DF40000770A0000A60A0000DD
:10E8F00079FF000047E50000C4F700008F18000012
:10E9000003FB000030F800002BFC0000320A00007E
:10E910007C1600008DF60000DAFA00008D0700007A
:10E9200023040000BDFB00002DED00002E010000BF
:10E930005B0F00009E050000EAEE000088E5000085
:10E940005B120000050D00000BF30000B9FB000096
:10E95000E4FE0000B4170000C90600001FF200002A
:10E9600065050000BF040000E700000094F200000D
:10E9700037F40000C10C0000690B0000B9FB000077
:10E9800090E3000049FD00009E170000F0F7000032
:10E9900026F90000B6FB0000080C0000C7150000B7
:10E9A000ECF4000079FC00008D060000E602000097
:10E9B0008EFB000048EE000089020000680E000097
:10E9C0009C040000EFED000011E90000A01300001E
:10E9D0008208000090F30000A3FC0000BDFF0000CF
:10E9E00036180000EB04000072F300001F06000060
:10E9F0003F02000055FE00000EF4000081F7000009
:10EA0000DD0B00008C0B0000E9F800002DE4000095
:10EA1000BA0400006A12000080F500002EFB00001E
:10EA2000EEFB0000F2100000D012000097F300008F
:10EA3000FBFF0000120400003100000023FB000077
:10EA40005AF20000E7040000160D00002701000044
:10EA5000BAE600001FF600006D1800000DFD000072
:10EA600012F60000DAFA000099060000A51A00006C
:10EA70001BFC0000D9F70000CD040000CE0100000F
:10EA8000A7000000C8F1000008FC0000CE0C000048
:10EA9000BE080000EDF3000050E60000170D000076
:10EAA000510D00009AF30000E1FB0000C4FD0000DE
:10EAB000C7150000D10C00001DF200006700000027
:10EAC00045040000960300007DF800007EF200007F
:10EAD00094060000310D00009100000087E6000060
:10EAE00056F600007D160000E3FE000039F7000036
:10EAF00099FA00005B07000091180000DBFB0000A2
:10EB00007BF700001005000097020000AAFE00003D
:10EB1000A3F20000B4FD0000A90C000011070000E2
:10EB200054EF0000D8E80000A8110000BC0A000063
:10EB30009AF40000BCFA000091FD00003E170000AE
:10EB400094090000ABF300004B02000097030000A3
:10EB50000A020000EDF60000EDF400008F0800004E
:10EB6000460B00000CFD0000C5E6000061FD000042
:10EB70003A1500009FF90000B7F8000033FB0000D1
:10EB8000B20A0000F21600002EF90000DEFB0000C1
:10EB900001040000ECFF00009BFD00002EF30000CC
:10EBA000DF000000BC0C0000B805000009ED00000B
:10EBB00087ED0000EB130000730400000BF600006B
:10EBC000D4FB0000870000004F1800002104000063
:10EBD000BBF6000042040000F8FF0000BAFF00008E
:10EBE000CBF600006BFA00005A0A0000270800006C
:10EBF00088F3000048E70000C20D0000460F000047
:10EC00000AF40000B5F900004FFB0000E513000016
:10EC1000080F00006CF600001800000096010000CC
:10EC20002C03000005FA000061F300000705000056
:10EC30001F0C00007902000040E80000ECF4000026
:10EC4000F41500009DFE00008EF60000EEFA0000B4
:10EC50006B06000090190000EBFD0000A4F7000017
:10EC6000CC0300004C0100002300000000F4000071
:10EC700034FC0000C80B00002C0800001BF2000050
:10EC8000FCE80000EC0E0000AA0B000011F50000EB
:10EC90000CFB00007FFD0000651500005A0B000012
:10ECA0000FF60000BC0300007B000000B6FD000072
:10ECB00090F8000081F8000004090000950A0000A7
:10ECC00018FA0000D3E50000E9030000201300005B
:10ECD0003EF60000F2F9000075FB0000490E00004E
:10ECE000A61400004AF700003AFF0000840200006A
:10ECF0006CFD0000D0FC000065F50000D1030000B1
:10ED00007B0B00007F01000063EA00001AF50000A1
:10ED10001D15000030FE0000B3F600000AFC0000E4
:10ED200004040000891800001F0000005AF90000C8
:10ED30005004000011FE000055FF0000F6F5000031
:10ED400025FC0000EF0A0000F0070000DEF20000E2
:10ED500038E900000F0E0000E10A00004FF5000046
:10ED600067FB0000C5FC0000C71400009D0C0000FC
:10ED700061F600002E0200006100000083FF000029
:10ED800009FA000005F700004B070000780A0000B0
:10ED900012FB0000C7E50000B4010000851500006B
:10EDA00013F8000006F800009DF90000FA0B0000BF
:10EDB0006F160000F8F900006EFC00002B02000046
:10EDC00057020000C4FE000041F200003BFF0000BB
:10EDD000D90B0000A8070000D0EF000013EA0000E4
:10EDE0001A110000A1080000C2F400000BFB000093
:10EDF0004AFF00001E180000850800005DF40000B6
:10EE000027020000DC0100009A01000073F70000F7
:10EE10009EF60000E80800001D0B0000A1FA0000AB
:10EE2000DBE50000CE020000C6130000E7F700009B
:10EE30006DF900000FFB0000C30D00006714000017
:10EE40001BF8000084FF00003103000007FD0000F4
:10EE500097FB000006F6000056040000EE0B0000D1
:10EE60009601000001E90000FEF500000A1600000E
:10EE700048FD000091F600001BFC00001D0500008D
:10EE80001D19000016FF000066FA0000770400005C
:10EE900009FB000029FE0000B9F70000EFFE0000AA
:10EEA000F00A00006D050000FEEF000022ED0000FA
:10EEB000031200003305000029F40000F6FC0000F6
:10EEC000D9FE0000951600000D0800009FF7000015
:10EED000DF04000037FD00003BFE0000B8F9000031
:10EEE0008EF9000030080000F40800000CF7000064
:10EEF00040E70000F6090000C30E0000E1F4000046
:10EF00006FFA00007AFA00009E110000F311000071
:10EF10005AF80000B401000016FF00006FFD000069
:10EF20005AFC0000CAF6000023050000B80A0000E1
:10EF30001500000024E70000B8FB00007414000076
:10EF4000C2F900000DF900000BF900006E08000086
:10EF500017190000FEFC0000ECFB00008601000019
:10EF600090FF000011000000CBF40000CEFE000076
:10EF7000290A0000B207000083EE0000E7EA000063
:10EF800069130000AE050000B7F50000C8FA0000E4
:10EF900099FD0000991800000E080000D4F7000049
:10EFA000A80000001B000000F10400003FF7000073
:10EFB0004DF600001F0600009F0A00004A010000F5
:10EFC00079E50000D0FA0000DB13000051FB0000DF
:10EFD0008CFA00009BF9000047090000EA160000C7
:10EFE00028FC0000D3FB0000C50000003D0200002B
:10EFF0007A00000056F30000BCFE000099090000F2
:10F000005807000036F0000092EA0000D910000016
:10F010001507000066F8000050FB00002FFC000000
:10F02000E71500006509000069FA0000890000008A
:10F03000CFFE0000F80300001DF80000C5F6000038
:10F04000DA0500006A0A0000EBFF000009E3000097
:10F05000DCFE00002C14000038F900001CFD00004C
:10F0600062F70000BD0A00005816000037FB0000E0
:10F070006AFD000073FE00008105000071010000C0
:10F080004DF00000C1FE0000C6090000610900004B
:10F0900028EF0000F7E6000047120000DB08000040
:10F0A000B8F900006DF9000007FA0000A31800008D
:10F0B000F509000051F90000CCFC000093000000AD
:10F0C000B30A000095F5000016F30000E606000004
:10F0D000220B0000FB0000009AE10000B7FA0000DC
:10F0E0000A18000074FD00003CFA0000E9F400007A
:10F0F000450900008A180000BCFD000050FA00001D
:10F10000B8FC0000FC090000C204000067EC00002D
:10F11000D6FB0000CB0A0000700B000058F4000082
:10F1200095E000000E0D0000A7110000FFFA00009E
:10F1300021020000E8FE000079000000F0FF00005E
:10F14000D0FF00004D000000ADFF00004A000000AD
:10F15000C6FF000026000000EBFF000009000000D1
:10F16000FEFF0000FEFF0000020000001E21000064
:10F17000500100000000000096090000040000009B
:10F18000000000006E220000D80000000200000015
:10F190000403050053060300075308000009D100CB
:10F1A0000A000B00070C03000D510E00010FE700D1
:10F1B00012021300021510001640170040184000FC
:10F1C00019401A00031BE6001C001D00701E0A00F7
:10F1D0001F1B2000443B0000468048006049960009
:10F1E0004A004B007D4C00004E084F000A50700052
:10F1F00059005A00005B00005CAC5D000276000024
:10F20000771A78002A7937007A427B00567C6800AA
:10F210007D877E00A37FBC0080D48100EA8E380009
:10F220008FA590000D919300922D9300069483007A
:10F2300095AA96004D97250098259B00009C960066
:10F240009F80A00080A1B600A29DA300ABA4800077
:10F25000A500A60007A70100A8E7A90000AA0100D1
:10F26000AD9FAE0022AF8C00B007B100CCB2000061
:10F27000B370B90003BAE600BB07BC00CCBD000008
:10F28000BE0CC10010C2E000C310C400E0C5800085
:10F29000C680C70001C8A500C902CA007ACB000019
:10F2A000CCA7CD0001CE4700D43CD50001D88000CA
:10F2B0008A2300000800000000000000A6230000D0
:10F2C00004000000020000000200FF00FF00000038
:10F2D0009A23000006000000000000005E230000EA
:10F2E0001000000000000000AE230000020000003B
:10F2F0000200000001000000A02300000600000042
:10F3000000000000B0230000020000000000000028
:10F310006E2300001000000000000000AA2300007F
:10F3200004000000020000000000000000000000D7
:10F33000CC1900005207000000000000B2230000BA
:10F340000200000002000000D00700004623000079
:10F3500018000000000000009A08000044000000AF
:10F36000020000000000000000000000000000009B
:10F37000000000000000000000000000000000008D
:10F38000000000000000000000000000000000007D
:10F39000000000000000000000000000000000006D
:10F3A000000000000000000000000000000000005D
:10F3B000000000000000000000000000000000004D
:10F3C00084090000060000000200000000000000A8
:10F3D000000000007C09000008000000020000009E
:10F3E0000000000000000000000000009A0900007A
:10F3F0000200000000000000B42300000200000032
:10F4000000000000A00900002C1000000000000017
:10F410009C09000002000000000000008A090000B2
:10F4200006000000020000000002000000000000D2
:10F430009009000006000000020000002200DE002B
:10F4400008220000DE080000440000000000000068
:10F450006A09000012000000020000000100020022
:10F46000000400000800100000000000202B2D0008
:10F47000233000009223000008000000020000007A
:10F48000686A6C00747A4C00000000007E23000063
:10F490000C00000002000000686A6C00747A4C00E6
:10F4A000006343006E5B000048090000220000007A
:10F4B0000200000030313200333435003637380076
:10F4C00039616200636465006600300031323300E8
:10F4D0003435360037383900414243004445460050
:10F4E00000000000220900002600000002000000C9
:10F4F0000A0008000A101000106469006F75780097
:10F50000587000003031320033343500363738005F
:10F51000396162006364650066414200434445000E
:10F5200046000000500800004A00000002000000F1
:10F530000000410029211C001917160015141300A2
:10F54000121211001111100010100F000F0F0F00F8
:10F550000E0E0E000E0E0E000E0D0D000D0D0D0008
:10F560000D30310032333400353637003839610020
:10F57000626364006566670068696A006B6C6D00B1
:10F580006E6F700071727300747576007778790011
:10F590007A0000009E090000020000000000000048
:10F5A000000000000000FE00FFFFFF00FFFFFF0063
:10F5B000FFFFFF00FFFFFF00FFFFFF00FFFFFF0057
:10F5C000FFFFFF00FFFFFF00FFFFFF00FFFFFF0047
:10F5D000FFFFFF00FFFFFF00FFFFFF00FFFFFF0037
:10F5E000FFFFFF00FFFFFF00FFFFFF00FFFFFF0027
:10F5F000FFFFFF00FFFFFF00FFFFFF00FFFFFF0017
:10F60000AE409000014878000080FA00000006003B
:10F610000200FA00004F7800114798001E40780061
:10F620007F4060000045B00080407800D014220088
:10F6300001487800F01422009E40900001487800B4
:10F640000080FA00000006000600FA00100798008B
:10F65000414798004E4090000000FB0063006000AE
:10F660004500DD008040780000C8B30000C04000C5
:10F6700080407800501D2200014878000000EB0017
:10F68000000F78000C0037001E00780000004000DA
:10F6900032052000000141001E0078008000780043
:10F6A0001E0090000080400090407800E00F220093
:10F6B000017178001E0FE8001E007800E10F500075
:10F6C000F1FF36000080FA00000006000000FA009A
:10F6D000CE68020001000000501D2200104078009A
:10F6E00000417800401D22001040780080407800E2
:10F6F000C0CDB3003C69020001000000D8680200E0
:10F7000001000000601622009040780000152200E1
:10F7100010407800020007000080FA000000060098
:10F720000600FA0040479800514798000000EB009F
:10F73000000F7800CE680200010000000000EB001E
:10F74000100798001C0037009E009000E00F220078
:10F75000E14078004E40900080CF50001300390007
:10F760009E009000E00F2200E14078005E40900093
:10F7700080CF50000D003E001E0090008000E80089
:10F78000E00F220061407800004178009E00900068
:10F79000E00F22006140780080407800C0CDB300C7
:10F7A0003C690200010000001E0FE8001E009000EE
:10F7B0000080E800100798009E009000700D200067
:10F7C000808F5000E0FF3600D86802000100000082
:10F7D0001E0078000080FA00000006000400FA0015
:10F7E000100798000000EB00000F78000C003700B5
:10F7F0001E00780000004000B20620000001410019
:10F800001E007800800078001E00900000804000FC
:10F8100090407800E00F2200017178001E0FE80090
:10F820001E007800E10F5000F1FF36000080FA0062
:10F83000000006000200FA00004F7800114798000F
:10F84000B01722001E487800D01722009E4090007A
:10F85000014878000080FA00000006000200FA006B
:10F86000004F780011479800F01722001E487800DA
:10F87000101822009E409000014878000080FA0095
:10F88000000006000200FA00004F780011479800BF
:10F89000301822001E487800501822009E40900028
:10F8A000014878000080FA00000006000200FA001B
:10F8B000004F78001E80FB004400DD006F404000D8
:10F8C00080407800B0192200014878000080FA00DA
:10F8D000000006000200FA00004F7800114798006F
:10F8E0001E80FB004400DD00804078001E40900038
:10F8F0006F40600000C0400080407800D0192200B6
:10F90000014878000080FA00000006000200FA00BA
:10F91000004F7800114798001E4090000080FB00C7
:10F920004400DD00804078001E4078006F40600099
:10F9300000C0400080407800F019220001487800A3
:10F940000080FA00000006000400FA00008FBE00EC
:10F950001E00BE004088DE00CF80DE0080407800C0
:10F96000101A2200014878001E00BE004809DD0080
:10F970004800DE0000007100C888DE00804078008A
:10F98000301A2200014878001E007800804078007C
:10F99000501A2200014878000080FA00000006009A
:10F9A0000200FA00004F7800701A22001E4878000A
:10F9B0000080FA00000006000400FA00000F780042
:10F9C000110798001E0078004800DE008040780093
:10F9D000D01A2200014878001E007800804078008C
:10F9E000F01A2200014878001E0090004800DE0056
:10F9F00080407800101B2200014878001E00900013
:10FA000080407800301B2200014878000080FA0016
:10FA1000000006000600FA00004F78001147980029
:10FA2000224798003347980044479800554798006C
:10FA3000501B2200AE40900001487800701B22004D
:10FA4000BE40900001487800901B22001E487800BC
:10FA5000B01B22009E40900001487800D01B22007D
:10FA6000CE40900001487800F01B2200DE4090005C
:10FA7000014878000080FA00000006000A00FA0041
:10FA8000000F7800110798002207980033079800AC
:10FA9000200D20001E0F40001E009000200DB00021
:10FAA000100798002E009000670040002007980083
:10FAB0003E00900067004000300798009E009000D4
:10FAC00020352000808F5000030036000080EB00BE
:10FAD0004007980049003700BE009000701E2000CB
:10FAE000808F5000030036000080EB004007980034
:10FAF000420037001E0090009E0F100004003100ED
:10FB0000AE0090003E009000808F5000030039004E
:10FB10000080EB004007980038003700501A2000A2
:10FB20009E0F10000C0036009E00900090272000D1
:10FB3000808F500008003E00AE009000700A200048
:10FB4000808F500004003600BE009000601420003A
:10FB5000808F5000030036000080EB0040079800C3
:10FB6000260037001E0078004800DE008040780044
:10FB7000101C2200014878001E00780080407800A8
:10FB8000301C2200014878001E0090004800DE0072
:10FB900080407800501C2200014878001E00900030
:10FBA00080407800701C2200014878002E009000F0
:10FBB0004800DE0080407800901C22000148780058
:10FBC0002E00900080407800B01C22000148780090
:10FBD0003E0090004800DE0080407800D01C2200EB
:10FBE000014878003E00900080407800F01C220020
:10FBF000014878000000EB00400798004E0090009C
:10FC00000080FA00000006000600FA0010079800C5
:10FC1000210798001E0090000000E000060032005E
:10FC20002E0090000000E00003003200C0C3B300CB
:10FC3000004F78000E0037001E0090000000E0002A
:10FC400003003200C0C2B300004F78000800370044
:10FC50002E0090000000E00003003200C0C1B3009D
:10FC6000004F780002003700C0C0B300004F78009A
:10FC70009E407800101D2200014878000080FA00A4
:10FC8000000006000200FA00000F78001E00E000ED
:10FC9000070032005013220090407800F0C7B300F4
:10FCA00080C0600050132200014878000600370031
:10FCB000501322009040780000C8B30080C070004C
:10FCC00050132200014878000080FA00000006006E
:10FCD0000400FA00000F7800110798001E00E000F1
:10FCE000070032005013220090407800F0CBB300A0
:10FCF00080C06000501322000148780006003700E1
:10FD0000501322009040780000C4B30080C07000FF
:10FD100050132200014878001E0090000000E0000F
:10FD2000070032005013220090407800F0CDB3005D
:10FD300080C06000501322000148780006003700A0
:10FD4000501322009040780000C2B30080C07000C1
:10FD500050132200014878000080FA0000000600DD
:10FD60000A00FA00B0122200104078000080FB0068
:10FD70004007980000032000CE009000808F5000C4
:10FD80003100320000032000CE009000808F500030
:10FD90000B003C004E009000F00F5000220032009B
:10FDA00000022000CE009000808F50002200320020
:10FDB0004E0090000000E0001700320036003700CF
:10FDC00000052000CE009000808F500026003200F9
:10FDD00000052000CE009000808F500005003C0000
:10FDE00000042000CE009000808F50001A003200E6
:10FDF0002900370000062000CE009000808F5000C0
:10FE00001D00320000072000CE009000808F5000BF
:10FE10001D003200200037000000280001072000EC
:10FE2000008FBE0020003700000020006109200084
:10FE3000008FBE001C00370000002400810320005A
:10FE4000008FBE001800370000002200C101200012
:10FE5000008FBE001400370000002100E1002000E8
:10FE6000008FBE00100037000080200071002000CD
:10FE7000008FBE000C003700004028003100200039
:10FE8000008FBE000800370000202C001100200069
:10FE9000008FBE00040037006000B8002007980003
:10FEA000310798000B003700101422001040780032
:10FEB000EC4F500004003A001E00BE00000040005D
:10FEC00081804800008FBE001E00BE002007980001
:10FED000310798002E009000BE0090000080FA00CC
:10FEE000000006001000FA00200798003107980073
:10FEF0004207980053079800640798005E0090003E
:10FF00000000E000030035005E009000E30F5000A9
:10FF1000030034000080EB00700798006000370099
:10FF20006E0090000000E000030035006E009000BD
:10FF3000E30F5000030034000080EB0070079800CE
:10FF40005700370086FF07000002BE0084007800DB
:10FF5000606A2000000BB8006020B900070178003B
:10FF600000014100606A200000A8B90000014100C2
:10FF7000820378002E0090006101B9000600BE00E7
:10FF800000060200000000001007980074FF070040
:10FF90000002BE0084007800606A2000000BB800F8
:10FFA0006020B9000701780000014100606A20006C
:10FFB00000A8B90000014100820378003E009000D3
:10FFC0006101B9000600BE0000060200000000004A
:10FFD000000F78001E0090004800DE00804078008E
:10FFE00090132200014878001E00900080407800A5
:10FFF000B0132200014878001E0078004800DE009F
:020000040002F8
:1000000080407800D0132200014878001E0078005C
:1000100080407800F0132200014878004E009000E4
:100020000000E0000700320050132200104078006A
:10003000804078000144A00050132200014878005D
:10004000060037005013220090407800F0CEB30035
:1000500080C0600050132200014878006E009000BC
:10006000E34060005E009000630060004200DD003D
:1000700000C14000501322001040780080407800FA
:1000800000CFB30000C06000004041008040780015
:1000900050132200014878000000EB007007980020
:1000A0007E0090000080FA00000006000400FA00C4
:1000B000889FBE008A1F78000000EB0020E38800C4
:1000C000B020810050D0880051D08000B020810045
:1000D000808F5000FCFF3200B020810050D088009B
:1000E0000000EB00000F78000D0037001E047800C0
:1000F0001E007800C662020001000000CF80DE0012
:100100006A030200000000000001BE00C240DD00E2
:1001100060C62100008040000288BE001E0FE8007B
:10012000200020009E0F1000F0FF36000000EB00C2
:10013000000F78004E0037000000EB001007980019
:10014000160037001E0478009E0490001E00780000
:10015000C200DD0060C62100008040001000BE002B
:10016000A2702D0033CA23007E04020000000000AC
:100170000001BE002003200000C0B90009004000BB
:10018000C200DD00C0A02100008040000288BE0047
:100190001E0090000000E800100798009E009000EC
:1001A00010032000808F5000E6FF36001E05780007
:1001B0001E007800C200DD0060C621000080400003
:1001C0001004BE001E007800C200DD0060C62100E1
:1001D000008040001000BE00D2CC2C00C3D42B0005
:1001E0007E040200000000000001BE000800BE0006
:1001F000E8040200000000000001BE00C250DD0063
:10020000E0C72100008040000288BE001E05780083
:100210001E007800C200DD0060C6210000804000A2
:100220001004BE001E007800C200DD0060C6210080
:10023000008040001000BE00D2CC2C00C3D42300AC
:100240007E040200000000000001BE000800BE00A5
:10025000E8040200000000000001BE00C250DD0002
:1002600020C72100008040000288BE001E0FE80069
:10027000200020009E0F1000AFFF36004F057800D1
:100280004F04BE000080FA00000006000000FA00E3
:100290000000EB00B0208900B12081002006200082
:1002A000808F5000FCFF36000080FA00000006003E
:1002B0000E00FA000000EB00C66202000100000020
:1002C000800078000E80E80001087800100020000F
:1002D000C662020001000000800078000E80E80085
:1002E0001100980020002000C662020001000000FA
:1002F000800078000E80E800210098000E80E80061
:1003000010007800CF80DE006A03020000000000C9
:1003100092E38000A3E380000042EB00244F9800AA
:10032000F4050200000000000000E00001003500BC
:100330000200370010C0B300204F98002E489000F4
:100340000004A2000004E0000B003A000E80E80068
:1003500010007800CF80DE006A0302000000000079
:10036000F2E3800003E48000F805020000000000D2
:100370000000E0003F003C000E80E800100090000C
:10038000CF80DE006A03020000000000B2E38000BC
:10039000C3E380000042EB00144F9800F405020014
:1003A000000000000000E0000100350002003700FE
:1003B00010C0B300104F98001E4890000004A20027
:1003C0000004E0000B003A000E80E80010009000EE
:1003D000CF80DE006A0302000000000012E480000B
:1003E00023E48000F8050200000000000000E000A7
:1003F00020003C000E80E80020009000CF80DE004E
:100400006A03020000000000D2E38000E3E3800002
:100410000042EB00044F9800F405020000000000C9
:100420000000E000010035000200370010C0B300FA
:10043000004F98000E4890000004A2000004E00065
:100440000F003A000E80E80020009000CF80DE0010
:100450006A0302000000000032E4800043E48000F0
:10046000F8050200000000000000E00001003C0070
:1004700003003700140020006407980002003700D2
:100480000000EB00600798006E029000040F7800F7
:100490000E80E800570007001E0078000080FA0078
:1004A000000006000400FA00889FBE000000EB0078
:1004B00010079800490037000000EB00000F78009B
:1004C000400037001E0490009E0478009E009000BB
:1004D0001E017800400620000088B900020040009C
:1004E00080004000E065210000804000100078009E
:1004F000CF80DE006A030200000000000002BE00A0
:100500001E009000C200DD0060C621000080400097
:100510001001BE000400BE00E6040200000000005E
:10052000B205020000000000000178004006200033
:1005300000C0B9000900400080004000E0652100D3
:1005400000804000020878009E0090001E017800A4
:10055000400620000088B9000200400080004000F2
:10056000E065210000804000100078000000E000FD
:1005700013003D009E0190001E0278009E00900036
:100580001E017800400620000088B90002004000EB
:1005900080004000E06521000080400010007800ED
:1005A0000001EA00400620000098B9000400400065
:1005B00080004000E06521000080400002087800D3
:1005C0001E0FE800300620009E0F1000BDFF340013
:1005D0001E0090000000E800100798001E00900028
:1005E000E20F5000B4FF34004F04BE000080FA0058
:1005F000000006000400FA00889FBE008A1F7800F1
:100600001007980051D08000B0208100808F5000EA
:10061000FCFF3200B020810050D088000000EB00C9
:10062000000F7800760037001E0478001E00780066
:10063000C200DD0060C62100008040001002BE0044
:100640009E00780022E38000200320000088B9008B
:1006500002004000C200DD00C0A021000080400078
:100660001001BE000400BE00E6040200000000000D
:100670000001BE00C240DD0060C6210000804000D5
:100680000288BE001E04780029E380001E00780066
:1006900000004000800078001E00900000804000B4
:1006A00010007800CF80DE006A0302000000000026
:1006B000A2702D0033CA23007E0402000000000057
:1006C0000001BE002003200000C0B9000900400066
:1006D000C200DD00C0A02100008040000288BE00F2
:1006E0001E0478001E007800C200DD0060C62100F4
:1006F000008040001002BE009E00780022E38000CF
:10070000200320000088B90002004000C200DD0084
:10071000C0A02100008040001001BE000400BE0007
:10072000E8040200000000000001BE00C240DD003D
:1007300060C62100008040000288BE001E057800CF
:100740001E007800C200DD0060C62100008040006D
:100750001004BE001E007800C200DD0060C621004B
:10076000008040001000BE00D2CC2C00C3D42B006F
:100770007E040200000000000001BE000800BE0070
:10078000E8040200000000000001BE00C250DD00CD
:10079000E0C72100008040000288BE001E057800EE
:1007A0001E007800C200DD0060C62100008040000D
:1007B0001004BE001E007800C200DD0060C62100EB
:1007C000008040001000BE00D2CC2C00C3D4230017
:1007D0007E040200000000000001BE000800BE0010
:1007E000E8040200000000000001BE00C250DD006D
:1007F00020C72100008040000288BE001E0FE800D4
:10080000200020009E0F100087FF340021E38000AD
:1008100000032000808F500004003C0020E3800093
:100820000000E80020E38800020037000000EB0031
:1008300020E388004F0578004F04BE000080FA00D6
:10084000000006001000FA00110020000000EB007C
:10085000CE000700700798007E009000CF80DE0079
:100860006A0302000000000002002000030C2400C4
:10087000F8050200000000000000E00001003D005B
:100880000500370060E5200091FC23002007980058
:10089000310798001C0037007E009000CF80DE00FA
:1008A0006A0302000000000002002000030C2C007C
:1008B000F4050200000000000000E0000100340028
:1008C0000500370060E5200091FC2B002007980010
:1008D000310798000C0037007E009000CF80DE00CA
:1008E0006A0302000000000002002000030C240044
:1008F000FA03020000000000FC05020000000000F6
:1009000020079800310798006011B8002E00900071
:10091000BE009000F8050200000000000000E000AA
:1009200001003C004300370011002000200020009F
:1009300096000700600798006E009000CF80DE00F0
:100940006A0302000000000002002000030A2400E5
:10095000F8050200000000000000E00001003D007A
:100960000400370060E5200091FC2300008FBE00EA
:100970001A0037006E009000CF80DE006A0302008C
:100980000000000002002000030A2C00F405020011
:10099000000000000000E000010034000400370007
:1009A00060E5200091FC2B00008FBE000B0037009B
:1009B0006E009000CF80DE006A030200000000009D
:1009C00002002000030A2400FA03020000000000D5
:1009D000FC05020000000000008FBE00F29820001D
:1009E00063F023001E00BE00F805020000000000B6
:1009F0000000E00001003C00090037002E019000DB
:100A0000BE01900060E5200091042400E60402008D
:100A10000000000040079800510798004700370089
:100A20002E009000BE0090004007980051079800EB
:100A300042003700210020000000EB0053000700B7
:100A4000600798006E009000CF80DE006A0302000D
:100A50000000000002002000030A2400F805020044
:100A6000000000000000E00001003D00040037002D
:100A700060E5200091FC2300008FBE001A003700C3
:100A80006E009000CF80DE006A03020000000000CC
:100A900002002000030A2C00F40502000000000000
:100AA0000000E000010034000400370060E5200091
:100AB00091FC2B00008FBE000B0037006E009000F1
:100AC000CF80DE006A030200000000000200200068
:100AD000030A2400FA03020000000000FC050200E3
:100AE00000000000008FBE00F298200063F02B0091
:100AF0001E00BE00F4050200000000000000E0003F
:100B000001003500090037002E019000BE01900061
:100B100060E5200091042400E604020000000000CB
:100B20004007980051079800040037002E009000FD
:100B3000BE00900040079800510798006011B8006F
:100B40004E009000DE009000F4050200000000005E
:100B50000000E000010035000800370062E52000D9
:100B6000930C24004E009000DE009000E804020088
:100B70000000000040079800510798004E009000C8
:100B8000DE0090000080FA00000006001A00FA0063
:100B9000889FBE00300F9800410F980090FF2F00F3
:100BA0003007980070002000200798008000200087
:100BB00010079800C0052000000F78006000B80002
:100BC00040079800510798003E009000100F9800D1
:100BD000410037006000B800600798007107980076
:100BE0009E009000010F980028003700BE0890007A
:100BF0000E099000400620000088B9000200400065
:100C000080004000E0652100008040001000780076
:100C10006104B9004E0990008E0890001E089000F3
:100C200080814000400620000090B9000300400091
:100C300080004000E0652100008040001000780046
:100C40006102B9008800780004007800000BB80049
:100C500005C0B900070178000001410009A0B900F2
:100C600000014100820378006E009000FE009000B9
:100C70000000430081804B006007980071079800D6
:100C80000E0890000000E800000F98000E08900089
:100C90009E0F5000D5FF35006E019000FE019000C0
:100CA0004E009000DE009000800F5100818F5900AF
:100CB000060034006E009000FE009000400798008F
:100CC000510798009E089000210F98001E08900080
:100CD0000000E800100F98009E0890002E00900081
:100CE000808F5000BBFF35002E0890004F04BE00DF
:100CF0000080FA00000006000A00FA0030079800A1
:100D000041079800600020002007980062E520005D
:100D100093EC23003E009000CE009000F805020006
:100D2000000000000000E00001003C00020037006D
:100D3000700020002007980002AC2C0063F923000B
:100D40003E009000CE009000F80502000000000078
:100D50000000E00001003C0002003700900020008D
:100D600020079800C21E2500B3FF23003E0090001C
:100D7000CE009000F8050200000000000000E00036
:100D800001003C0002003700C0002000200798004E
:100D9000B2C82E00F30224003E009000CE00900066
:100DA000F8050200000000000000E00001003C0027
:100DB00002003700A0002000200798001202230044
:100DC000230624003E009000CE009000F8050200AB
:100DD000000000000000E00001003C0002003700BD
:100DE000D000200020079800B29D2300A308240013
:100DF0003E009000CE009000F805020000000000C8
:100E00000000E00001003C0002003700E00020008C
:100E10002007980062BA2500330A24003E009000A3
:100E2000CE009000F8050200000000000000E00085
:100E300001003C0002003700F0002000200798006D
:100E400012D72700C30B24003E009000CE00900074
:100E5000F8050200000000000000E00001003C0076
:100E600002003700600020002007980011002000D9
:100E70002E0090000008DD00201688006000B800F9
:100E8000008FBE0004003700100020000100200089
:100E90001E0F40005E974800F0112A0071002000EC
:100EA000BE0F1000AE8F1800F7FF34000000EB00FB
:100EB000201688000080FA00000006000600FA00F4
:100EC000100798002107980062E520009304240091
:100ED0001E009000AE009000F4050200000000002B
:100EE0000000E000010035001B0037000000EB00AF
:100EF000AE4C0200010000001E009000AE00900009
:100F000062E52000930C2400FA03020000000000B8
:100F100002002800234A24007E0402000000000092
:100F2000B205020000000000000F7800803E2000A3
:100F30005C4B02000100000080C12F00E04B02006A
:100F400001000000A64C0200010000009E0F5000AE
:100F5000FCFF35001E0037000000EB00C24C020011
:100F6000010000001E019000AE01900060E520002D
:100F7000910C2400E60402000000000062E520005D
:100F8000930C2400FA030200000000000200280075
:100F9000234A24007E04020000000000B205020083
:100FA00000000000000F780080C12F005C4B0200A1
:100FB00001000000803E2000E04B02000100000024
:100FC000BA4C0200010000009E0F5000FCFF3500EB
:100FD0000000EB005C4B0200010000000000EB0091
:100FE000E04B0200010000000080FA000000060053
:100FF0000800FA00464B0200010000002BFC07002D
:1010000060E5200091FC23003BFF0700808A200060
:1010100061662B000E00090031587800808A20009C
:10102000621102000000000080007800808A200029
:10103000A06C0200010000001CFC07001000200052
:10104000300798000200370099FC0700300798002D
:101050003E0090000000E000FBFF3A008BFC070020
:10106000A1E2A9000FFD0700808A200051672B0034
:101070000400090031587800808A200062110200C3
:101080000000000080007800808A2000A06C020030
:10109000010000000000EB00000F78001400370092
:1010A0001E00780080004000E065210000804000C4
:1010B00010007800801F7800A0672B00801F780048
:1010C000808A20008E13020000000000E487570091
:1010D000808A200062110200000000008000780079
:1010E000808A2000A06C0200010000001E0FE800B2
:1010F000C00220009E0F1000E9FF3600808A200009
:10110000F1672B000600090031587800808A200022
:10111000621102000000000080007800808A200038
:10112000A06C0200010000000000EB00000F78003E
:10113000160037001E00780000004000810C2000DF
:1011400080804000E06521000080400010007800B1
:10115000801F7800A0672B00801F7800808A200005
:101160008E13020000000000E4875700808A2000F0
:10117000621102000000000080007800808A2000D8
:10118000A06C0200010000001E0FE800C002200059
:101190009E0F1000E7FF3600808A200061682B0058
:1011A0000600090031587800808A20006211020090
:1011B0000000000080007800808A2000A06C0200FF
:1011C000010000000000EB00000F7800160037005F
:1011D0001E007800000040000119200080804000BF
:1011E000E06521000080400010007800801F78003A
:1011F000A0672B00801F7800808A20008E130200D9
:1012000000000000E4875700808A2000621102007D
:101210000000000080007800808A2000A06C02009E
:10122000010000001E0FE800C00220009E0F100009
:10123000E7FF3600808A2000D1C0B3000148780063
:101240000000E800A1C0B300014878000000E800F9
:101250008040EB0001487800808A20006211020083
:101260000000000080007800808A2000A06C02004E
:101270000100000073FD0700100798002107980087
:10128000A1E2A8001E009000AE0090009AFE0700A8
:101290001E009000AE00900008FF070066FF3700B8
:1012A0000600FA00889FBE008A9FBE008C9FBE0089
:1012B0001668020001000000925D020001000000BB
:1012C000464B020001000000526E020001000000C7
:1012D00070002000806E0200010000000040EB0062
:1012E0005E2002000100000040C7BF0061406000B6
:1012F0000004E000020032004007A9000000FE00E8
:10130000C865020001000000A0B28800A0B2800001
:10131000801F7800000F2B00801F7800808A20003B
:101320008E13020000000000E4875700808A20002E
:10133000621102000000000080007800808A200016
:10134000A06C020001000000B86C02000100000067
:101350000000E000FCFF3A00A0B280000000E000C6
:1013600003003A00B446020001000000A603370063
:10137000A0B28000E10F500003003A00F80702001D
:1013800001000000A0033700A0B28000E20F50006F
:1013900003003A006A4E0200010000009A03370081
:1013A000A0B28000E30F500003003A0070CB0200AF
:1013B0000000000094033700A0B28000E40F50004A
:1013C00003003A00AE5F0200010000008E03370008
:1013D000A0B28000E50F500003003A00822802000E
:1013E0000100000088033700A0B28000E60F500023
:1013F00003003A009E26020001000000820337002D
:10140000A0B28000E70F500003003A00DE6A02003D
:10141000010000007C033700A0B28000E80F5000FC
:1014200003003A00AC6E02000100000076033700B2
:10143000A0B28000E90F500003003A00B83102006A
:101440000100000070033700A0B28000EA0F5000D6
:101450000D003A00BA68020001000000BE50020010
:101460000100000007E2A900E442A800E462A8002D
:1014700030002000806E02000100000070CB0200EE
:101480000000000060033700A0B28000EB0F5000A6
:1014900073013A00808A200021102B003C000900D3
:1014A00031587800808A200062110200000000009C
:1014B00080007800808A2000006D0200010000009A
:1014C000186D0200010000000000E000FCFF3A007F
:1014D000808A2000820720008000EB008A11020031
:1014E00000000000808A2000F1132B001B0009007F
:1014F00031587800808A200062110200000000004C
:1015000080007800808A2000006D02000100000049
:10151000186D0200010000000000E000FCFF3A002E
:10152000808A2000820720008000EB008A110200E0
:10153000000000000000EB002045880061652100EC
:101540000040EB0080487800204580008000780053
:10155000C090200000804000846D02000100000067
:101560000000E0000A003200204580004106200013
:1015700080804000808A2000E14078006065210082
:1015800001487800204580000000E80020458800E0
:101590006065210010407800EA4F500004003200DE
:1015A0006065210010407800ED4F5000E6FF3A00E2
:1015B000204580004206200000014100818A200071
:1015C0000040EB0000F17800808A200042062000F5
:1015D0008000EB008A11020000000000C090200093
:1015E000104078000000FB0020079800E004200075
:1015F000AE009000808F5000AD003200E00420006B
:10160000AE009000808F50000D003C008004200050
:10161000AE009000808F5000C1003200D004200046
:10162000AE009000808F50003F0032006004200028
:10163000AE009000808F5000B6003200F7003700F7
:1016400000052000AE009000808F50000D00320099
:1016500000052000AE009000808F5000150035007E
:1016600020052000AE009000808F50009C003200CA
:1016700030052000AE009000808F500047003200FF
:10168000E6003700808A20003CEC020000000000E9
:10169000A08D2000818A2000811F7800B1152B00C9
:1016A000811F78008E13020000000000E4875700BD
:1016B000DF003700C1902000808A2000801F780062
:1016C000B0162B00801F78000100780098110200EE
:1016D00000000000E4875700808A2000A2ED02008D
:1016E000000000000004E00006003200A08D200091
:1016F00011172B0014000900315878005001B10077
:10170000CB003700A08D2000818A2000811F780047
:10171000B1152B00811F78008E130200000000001D
:10172000E4875700C2003700C1902000808A200063
:10173000801F780060182B00801F7800010078005F
:101740009811020000000000E4875700808A200002
:1017500082EE0200000000000004E00006003200FB
:10176000A08D2000C1182B00150009003158780009
:101770006001B100AE003700A08D2000818A2000FA
:10178000811F7800211A2B00811F78008E13020020
:1017900000000000E4875700A5003700C19020003A
:1017A000808A2000801F7800701B2B00801F78002B
:1017B000010078009811020000000000E487570043
:1017C000808A2000A2ED0200000000000004E0007A
:1017D00006003200A08D200011172B001400090014
:1017E000315878005001B10008003700A08D20006A
:1017F000818A2000811F7800B1152B00811F78009D
:101800008E13020000000000E4875700A08D200026
:10181000621102000000000080007800A08D20000E
:10182000006D020001000000186D020001000000C0
:101830000000E000FCFF3A00C1902000808A2000F8
:10184000801F7800D01B2B00801F780001007800DB
:101850008E13020000000000E4875700C0902000B3
:1018600082EE0200000000000004E00006003200EA
:10187000A08D2000C1182B001500090031587800F8
:101880006001B1006A003700C0902000A18D2000E7
:10189000801F7800201A2B00801F7800010078003C
:1018A0008E13020000000000E4875700600037003C
:1018B000808A2000F6EC020000000000A08D2000CD
:1018C000818A2000811F7800211A2B00811F780057
:1018D0008E13020000000000E48757005400370018
:1018E00046EA0200000000003045880030458000D4
:1018F000A18D2000801F7800701C2B00801F7800B5
:10190000010078008E13020000000000E4875700F9
:1019100047003700FAEA02000000000044003700E8
:1019200041012000001E2B00006D0200010000009C
:10193000186D0200010000000000E000FCFF3A000A
:1019400021032000501F2B00006D02000100000049
:10195000186D0200010000000000E000FCFF3A00EA
:10196000A102200080222B00006D02000100000077
:10197000186D0200010000000000E000FCFF3A00CA
:10198000B101200030252B00006D02000100000095
:10199000186D0200010000000000E000FCFF3A00AA
:1019A000D1012000F0262B00006D02000100000094
:1019B000186D0200010000000000E000FCFF3A008A
:1019C00021022000D0282B00006D02000100000041
:1019D000186D0200010000000000E000FCFF3A006A
:1019E00021032000002B2B00006D020001000000ED
:1019F000186D0200010000000000E000FCFF3A004A
:101A0000A18D2000A0C0B30080487800B18D2000D7
:101A10000040EB008048780005003700A08D2000D2
:101A2000312E2B0015000900315878006001B100FB
:101A3000A08D2000621102000000000080007800EC
:101A4000A08D2000006D020001000000186D020052
:101A5000010000000000E000FCFF3A00B5FE370086
:101A6000A0B28000EC0F5000BB013A00C002200081
:101A7000801F780050022000801F78001000200096
:101A8000801F7800B0052000801F7800B001200082
:101A9000801F7800902F2B00801F7800808A200004
:101AA0008E13020000000000EC875700808A20009F
:101AB000621102000000000080007800808A20008F
:101AC000006D020001000000D103200070302B00E7
:101AD000006D020001000000186D0200010000000E
:101AE0000000E000FCFF3A003A6402000100000040
:101AF0006101200050342B00006D02000100000045
:101B0000186D0200010000000000E000FCFF3A0038
:101B1000DE6D02000100000001F5210040B122004D
:101B2000FC6D02000100000000502300C1002000F5
:101B3000A665020001000000400620005C4B020088
:101B40000100000040062000E04B02000100000000
:101B5000BE50020001000000160020008500200099
:101B6000840020000314200002142000010520003E
:101B7000000A2000EC4F02000100000011002000CC
:101B8000100020006650020001000000AA50020070
:101B900001000000701C0200010000001000200085
:101BA000BE1302000100000010002000FE1302001E
:101BB000010000001100200080002000061102003A
:101BC0000100000021002000C0352B00006D020044
:101BD00001000000186D0200010000000000E0009C
:101BE000FCFF3A0020002000BC18020001000000A9
:101BF0008004780010002000BC18020001000000E2
:101C0000000478000000EB00BC1802000100000096
:101C1000891F7800881F7800801F7800B005200099
:101C2000801F7800B0012000801F7800B0052000E0
:101C3000801F7800B0012000801F7800F0352B0055
:101C4000801F7800808A20008E13020000000000B0
:101C5000F0875700808A2000621102000000000017
:101C600080007800808A2000006D020001000000E2
:101C7000186D0200010000000000E000FCFF3A00C7
:101C8000E6C2BF000080FB004600DE00614060004D
:101C90000081FB00E7C2BF000080FB000000D10014
:101CA000614060000080FB00000040008000780080
:101CB000E7C2BF00614060000080FB000080400080
:101CC0000000400080007800E6C2BF000080FB00FA
:101CD0004700DE000080FB00008040000000400064
:101CE00000004100A0B28800A0B28000801F7800F0
:101CF000B0052000801F7800B0012000801F780010
:101D0000C0382B00801F7800808A20008E130200CC
:101D100000000000E8875700808A2000621102005E
:101D20000000000080007800808A2000006D020022
:101D300001000000186D0200010000000000E0003A
:101D4000FCFF3A00BA620200010000008084FB0040
:101D5000AE620200010000000084FB00A2620200EB
:101D6000010000000080FB00891F7800881F7800B8
:101D7000801F7800B0052000801F7800B00120008F
:101D8000801F7800303A2B00801F7800808A200066
:101D90008E13020000000000EC875700808A2000AC
:101DA000621102000000000080007800808A20009C
:101DB000006D020001000000186D0200010000002B
:101DC0000000E000FCFF3A007000200010650200F7
:101DD000010000008004780060002000106502000F
:101DE000010000000005780050002000106502008E
:101DF000010000008005780040002000106502000E
:101E0000010000000006780030002000106502008C
:101E1000010000008006780020002000106502000C
:101E2000010000001007980010002000106502005B
:101E300001000000000478000000EB0010650200C3
:101E400001000000891F78008A1F78008B1F78002E
:101E50008C1F78008D1F78009E009000811F7800F5
:101E6000881F7800801F7800B0052000801F780050
:101E7000B0012000801F7800A03D2B00801F78005B
:101E8000808A20008E13020000000000F6875700B1
:101E9000808A2000621102000000000080007800AB
:101EA000808A2000006D020001000000186D020011
:101EB000010000000000E000FCFF3A00700020007C
:101EC00084650200010000008004780060002000AA
:101ED0008465020001000000000578005000200029
:101EE00084650200010000008005780040002000A9
:101EF0008465020001000000000678003000200028
:101F000084650200010000008006780020002000A7
:101F10008465020001000000000F7800100020001E
:101F20008465020001000000000478000000EB005E
:101F30008465020001000000891F78008A1F780074
:101F40008B1F78008C1F78008D1F78009E00780012
:101F5000811F7800881F7800801F7800B00520005E
:101F6000801F7800B0012000801F780060412B00A6
:101F7000801F7800808A20008E130200000000007D
:101F8000F6875700808A20006211020000000000DE
:101F900080007800808A2000006D020001000000AF
:101FA000186D0200010000000000E000FCFF3A0094
:101FB000200020006263020001000000800478001D
:101FC000100020006263020001000000000478009D
:101FD0000000EB006263020001000000891F78002E
:101FE000881F7800801F7800B0052000801F7800CF
:101FF000B0012000801F780060452B00801F780012
:10200000808A20008E13020000000000EC87570039
:10201000808A200062110200000000008000780029
:10202000808A2000006D020001000000186D02008F
:10203000010000000000E000FCFF3A00808A200060
:102040002A67020001000000DA67020001000000B8
:102050000000E000FCFF3200808A20001040780081
:102060008000FB00800F20000080600010218900AC
:10207000808A2000104078000000FB0067006000AC
:102080004501DD00908A2000104078008000FB00B0
:10209000000E2000008060004380DE000000710020
:1020A00000218900908A2000104078000000FB0089
:1020B0007F0060004300DD00F0208900F0208100F7
:1020C000012181001221810083522100801F7800AC
:1020D000811F7800821F7800B0052000801F7800E3
:1020E000B0012000801F780070472B00801F78000F
:1020F000030078008E13020000000000EC875700F8
:10210000805221006211020000000000800078006F
:1021100080522100006D020001000000186D0200D5
:10212000010000000000E000FCFF3A000000EB00AE
:102130002045880003003700204580000000E800AB
:10214000204588002145800030062000808F500007
:10215000F9FF3400A3FE3700A0B28000ED0F50005D
:102160001B003A00808A200062110200000000007B
:1021700080007800808A2000006D020001000000CD
:102180000000370060652100426D02000100000080
:102190000000E00004003200110020006065210012
:1021A000006D02000100000060652100846D0200E6
:1021B000010000000000E000F2FF320011002000EA
:1021C00060652100A06C020001000000EDFF3700F7
:1021D000A0B28000EE0F500003003A00325502001A
:1021E0000100000008003700A0B28000EF0F50008F
:1021F00003003A005E2A02000100000002003700DE
:102200005C55020001000000FFFF37000600FA00E5
:10221000000F7800110798001E0078002007980032
:102220002E009000E30F5000670032002E00900057
:10223000E30F500007003E002E009000E10F500019
:102240002E0032002E009000E10F500041003E00B1
:102250000D0037002E009000E50F50009400320072
:102260002E009000E50F5000740039002E00900001
:10227000E60F5000AB0032002E009000E70F500038
:10228000C5003200DA0037001E009000E10F500058
:102290000F003600C4C2BF000080FB004600DE0015
:1022A000614060000004A200614060006140600085
:1022B0004601DD00412C200091407800F0CBB300B6
:1022C00000C0600002407000C4E2B7001E01370089
:1022D0001E00900061406000614060004601DD002A
:1022E000412C200091407800F0CBB30000C060008A
:1022F00002407000C4E2B700130137001E009000D6
:10230000E10F50000B003600C4C2BF000080FB008C
:102310004700DE000004A20061406000C700DD004D
:10232000C4C2BF000074A10001407000C4E2B70045
:10233000050137001E00900061406000C700DD000D
:10234000C4C2BF000074A10001407000C4E2B70025
:10235000FD0037001E009000E10F50000F00360016
:10236000C5C2BF000080FB000000D10061406000DA
:102370000004A20061406000614060000041400034
:10238000512C200091407800D0CFB30000C06000F5
:1023900002407000C5E2B700EB0037001E0090005D
:1023A000614060006140600000414000512C20000D
:1023B00091407800D0CFB30000C0600002407000B0
:1023C000C5E2B700E00037001E009000E10F5000AA
:1023D0000F003600C5C2BF000080FB004400DE00D5
:1023E000614060000004A200614060006140600044
:1023F0004401DD00512C200091407800F0CEB30064
:1024000000C0600002407000C5E2B700CE00370097
:102410001E00900061406000614060004401DD00EA
:10242000512C200091407800F0CEB30000C0600035
:1024300002407000C5E2B700C30037001E009000E4
:10244000E10F50000F003600C5C2BF000080FB0046
:102450004200DE00614060000004A20061406000B4
:10246000614060004201DD00512C20009140780065
:10247000B0CFB30000C0600002407000C5E2B700FA
:10248000B10037001E0090006140600061406000B4
:102490004201DD00512C200091407800B0CFB30004
:1024A00000C0600002407000C5E2B700A60037001F
:1024B0001E009000E10F50000F003600C5C2BF00A3
:1024C0000080FB004500DE00614060000004A200C7
:1024D00061406000614060004501DD00512C20003A
:1024E00091407800F0CDB30000C060000240700061
:1024F000C5E2B700940037001E0090006140600004
:10250000614060004501DD00512C200091407800C1
:10251000F0CDB30000C0600002407000C5E2B7001B
:10252000890037001E009000E10F50000F003600B8
:10253000C5C2BF000080FB004600DE0061406000B5
:102540000004A20061406000614060004601DD00BF
:10255000512C200091407800F0CBB30000C0600007
:1025600002407000C5E2B700770037001E009000FF
:1025700061406000614060004601DD00512C200098
:1025800091407800F0CBB30000C0600002407000C2
:10259000C5E2B7006C0037001E009000E10F50004C
:1025A0000B003600C5C2BF000080FB004700DE0004
:1025B0000004A20061406000C700DD00C5C2BF008A
:1025C0000074A10001407000C5E2B7005E00370052
:1025D0001E00900061406000C700DD00C5C2BF0062
:1025E0000074A10001407000C5E2B700560037003A
:1025F0001E00900061406000C700DD00C5C2BF0042
:102600000074A10001407000C5E2B700C5C2BF0060
:102610000080FB004700DE00614060004601DD00F5
:10262000512C200091407800F0CBB30000C0600036
:1026300002407000C5E2B700C5C2BF000080FB00C9
:102640004600DE0061406000614060004501DD0041
:10265000512C200091407800F0CDB30000C0600004
:1026600002407000C5E2B700C5C2BF000080FB0099
:102670004500DE0061406000614060004201DD0015
:10268000512C200091407800B0CFB30000C0600012
:1026900002407000C5E2B700C5C2BF000080FB0069
:1026A0004200DE0061406000614060004401DD00E6
:1026B000512C200091407800F0CEB30000C06000A3
:1026C00002407000C5E2B700C5C2BF000080FB0039
:1026D0004400DE0061406000614060000041400055
:1026E000512C200091407800D0CFB30000C0600092
:1026F00002407000C5E2B700C5C2BF000080FB0009
:102700000000D10061406000C700DD00C4C2BF000E
:102710000074A10001407000C4E2B700C4C2BF0051
:102720000080FB004700DE00614060004601DD00E4
:10273000412C200091407800F0CBB30000C0600035
:1027400002407000C4E2B7000080FA0000000600FA
:102750000000FA00C4C2A900C4E2A900C522A90071
:10276000C582A900C542A900C5A2A900C5C2A90089
:10277000C5E2A9000080FA00000006000200FA008D
:10278000000F7800100020009E0F10000F00360090
:10279000D0C2BF000080FB004200DE00614060004C
:1027A0000004A20061406000614060004201DD0061
:1027B000012D200091407800B0CFB30000C0600030
:1027C00002407000D0E2B7000A0037001E00780017
:1027D00061406000614060004201DD00012D200089
:1027E00091407800B0CFB30000C06000024070009C
:1027F000D0E2B7000080FA00000006000200FA00F4
:10280000000F7800100020009E0F10000F0036000F
:10281000D0C2BF000080FB000000D100614060001A
:102820000004A2006140600061406000004140007F
:10283000012D200091407800D0CFB30000C060008F
:1028400002407000D0E2B7000A0037001E00780096
:10285000614060006140600000414000012D2000A7
:1028600091407800D0CFB30000C0600002407000FB
:10287000D0E2B7000080FA00000006000000FA0075
:10288000C4C2BF000080FB004600DE006140600063
:1028900000C0EA0061406000614060004601DD0068
:1028A000412C200091407800F0CBB30000C06000C4
:1028B00002407000C4E2B700C4C2BF000080FB0049
:1028C0004700DE0000C0EA0061406000C700DD0094
:1028D000C4C2BF000074A10001407000C4E2B70090
:1028E000C5C2BF000080FB000000D1006140600055
:1028F00000C0EA00614060006140600000414000AB
:10290000512C200091407800D0CFB30000C060006F
:1029100002407000C5E2B700C5C2BF000080FB00E6
:102920004400DE006140600000C0EA0061406000D9
:10293000614060004401DD00512C2000914078008E
:10294000F0CEB30000C0600002407000C5E2B700E6
:10295000C5C2BF000080FB004200DE006140600095
:1029600000C0EA0061406000614060004201DD009B
:10297000512C200091407800B0CFB30000C060001F
:1029800002407000C5E2B700C5C2BF000080FB0076
:102990004500DE006140600000C0EA006140600068
:1029A000614060004501DD00512C2000914078001D
:1029B000F0CDB30000C0600002407000C5E2B70077
:1029C000C5C2BF000080FB004600DE006140600021
:1029D00000C0EA0061406000614060004601DD0027
:1029E000512C200091407800F0CBB30000C0600073
:1029F00002407000C5E2B700C5C2BF000080FB0006
:102A00004700DE0000C0EA0061406000C700DD0052
:102A1000C5C2BF000074A10001407000C5E2B7004C
:102A20000080FA00000006000000FA00C4C2BF00E7
:102A30000080FB004600DE006140600000C0EA004C
:102A400061406000614060004601DD00412C2000D3
:102A500091407800F0CBB30000C0600002407000ED
:102A6000C4E2B7000080FA00000006000000FA008F
:102A7000C4C2BF000080FB004700DE0000C0EA00C7
:102A800061406000C700DD00C4C2BF000074A10047
:102A900001407000C4E2B7000080FA0000000600A8
:102AA0000000FA00C5C2BF000080FB000000D1009A
:102AB0006140600000C0EA00614060006140600069
:102AC00000414000512C200091407800D0CFB3004D
:102AD00000C0600002407000C5E2B7000080FA004C
:102AE000000006000000FA00C5C2BF000080FB0025
:102AF0004400DE006140600000C0EA006140600008
:102B0000614060004401DD00512C200091407800BC
:102B1000F0CEB30000C0600002407000C5E2B70014
:102B20000080FA00000006000000FA00C5C2BF00E5
:102B30000080FB004200DE006140600000C0EA004F
:102B400061406000614060004201DD00512C2000C6
:102B500091407800B0CFB30000C060000240700028
:102B6000C5E2B7000080FA00000006000000FA008D
:102B7000C5C2BF000080FB004500DE006140600070
:102B800000C0EA0061406000614060004501DD0076
:102B9000512C200091407800F0CDB30000C06000BF
:102BA00002407000C5E2B7000080FA000000060095
:102BB0000000FA00C5C2BF000080FB004600DE0036
:102BC0006140600000C0EA00614060006140600058
:102BD0004601DD00512C200091407800F0CBB3007D
:102BE00000C0600002407000C5E2B7000080FA003B
:102BF000000006000000FA00C5C2BF000080FB0014
:102C00004700DE0000C0EA0061406000C700DD0050
:102C1000C5C2BF000074A10001407000C5E2B7004A
:102C20000080FA00000006000200FA00000F7800A1
:102C30009E007800401A2000BC5D020001000000E8
:102C40000080FA00000006000000FA00401A200090
:102C5000205E0200010000000080FA000000060073
:102C60000200FA00000F78001E00E00004003500AA
:102C70009E007800401A2000725E020001000000F1
:102C80000080FA00000006000000FA000043220065
:102C9000104078000004E0000E003A008000EB00D5
:102CA0007000200059FD070000432200104078000A
:102CB0000080FB001100200054FD070000432200AB
:102CC000104078008040E80000432200014878006E
:102CD000230037000043220010407800E74F5000E7
:102CE0000F003A0000432200104078000080FB00F3
:102CF0000000E9008000EB0044FD070000432200D3
:102D0000104078000080FB00110020003FFD07000C
:102D1000014322000040EB0080487800100037009B
:102D200000432200104078000080FB000000E90012
:102D30008000EB0035FD07000043220010407800C2
:102D40000080FB001100200030FD0700004322003E
:102D5000104078008040E8000043220001487800DD
:102D60000080FA00000006000200FA001043220072
:102D7000104078000080FB00000F78001E007800F3
:102D8000E20F50001C0032001E007800E20F5000DD
:102D900007003C001E0078000000E0000B0032003D
:102DA0001E007800E10F50000C00320023003700B5
:102DB0001E007800E30F5000160032001E0078005D
:102DC000E40F50001A0032001C00370021002000E0
:102DD0000000EB000DFD0700180037002100200067
:102DE0001000200009FD07002100200070002000D5
:102DF00006FD070011003700210020002000200000
:102E000002FD07002100200060002000FFFC0700F9
:102E10000A0037002100200030002000FBFC0700E2
:102E20002100200050002000F8FC070003003700BC
:102E30002100200040002000F4FC07001043220085
:102E400010407800E34F500006003E00104322007F
:102E5000104078008040E8001043220001487800CC
:102E600003003700114322000040EB008048780047
:102E70000080FA00000006000000FA002043220053
:102E8000104078000004E00013003A0020452200C2
:102E9000104078000004E0000F00320021432200BF
:102EA00010C0B300804878008000EB000000EB0009
:102EB000D6FC070020432200104078000080FB0071
:102EC00011002000D1FC0700214522000040EB004A
:102ED00080487800360037002043220010407800F8
:102EE0000004E00013003A00204522001040780062
:102EF0000004E0000F003A002143220070C0B3003C
:102F0000804878008000EB000000EB00BFFC070069
:102F100020432200104078000080FB0011002000B8
:102F2000BAFC07002145220010C0B3008048780099
:102F30001F0037002043220010407800E74F500068
:102F40000C003A00214322000040EB00804878004A
:102F50008000EB0070002000ACFC07002043220042
:102F6000104078000080FB0011002000A7FC070043
:102F70000F0037002043220010407800E14F50003E
:102F80000B003A00214322000040EB00804878000B
:102F90008000EB00100020009CFC07002043220072
:102FA000104078000080FB001100200097FC070013
:102FB0000080FA00000006000200FA003043220000
:102FC000104078000080FB00000F78001E007800A1
:102FD000E10F5000150032001E007800E10F500094
:102FE00004003C001E0078000000E00008003200F1
:102FF0001A0037001E007800E20F50001200320065
:103000001E007800E30F5000130032001300370059
:10301000210020000000EB007CFC070021002000C4
:103020004000200079FC07000C0037002100200040
:103030001000200075FC0700210020003000200057
:1030400072FC07000500370021002000200020004E
:103050006EFC070001003700BDFD07003043220071
:1030600010407800E24F500006003E00304322003E
:10307000104078008040E80030432200014878008A
:1030800003003700314322000040EB008048780005
:103090000080FA00000006000200FA00404322000F
:1030A000104078000080FB00000F78001E007800C0
:1030B000E10F5000150032001E007800E10F5000B3
:1030C00004003C001E0078000000E0000800320010
:1030D0001A0037001E007800E20F50001200320084
:1030E0001E007800E30F5000130032001300370079
:1030F000210020000000EB0044FC0700210020001C
:103100004000200041FC07000C0037002100200097
:10311000700020003DFC070021002000500020002E
:103120003AFC070005003700210020006000200065
:1031300036FC07000100370085FD070040432200F0
:1031400010407800E24F500006003E00404322004D
:10315000104078008040E800404322000148780099
:1031600003003700414322000040EB008048780014
:103170000080FA00000006000A00FA00100798001C
:103180000000EB00000F7800AE68020001000000B4
:103190000004E0003A003200A04122009040780094
:1031A00000C4B30080CF500008003A00C23B2200A8
:1031B000A13B2200803B2200E23F02000100000010
:1031C000A14122000040EB00804878001E009000E2
:1031D000300798003E009000E10F500011003200CF
:1031E0003E009000E10F5000040039003E009000C6
:1031F000E20F5000150032001E003700D11D810083
:10320000201D8100008F50001E007800C480DE0069
:103210001E0078004680DE00808050002107980064
:103220004C003700C11D8100101D8100008F50002F
:103230001E007800C480DE001E0078004680DE009C
:10324000808050002107980042003700E11D810076
:1032500040228100008F50001E007800C480DE00F4
:103260001E0078004680DE00808050002107980014
:1032700038003700A02920002007980035003700CB
:103280001E009000400798004E009000E10F500093
:10329000140032004E009000E10F5000040039008D
:1032A0004E009000E20F50001B0032002700370054
:1032B0009E009000C2208100200320000088B900F9
:1032C0000200400080004000608B21000080400030
:1032D00090007800101D8100808050002107980028
:1032E0001C0037009E009000C220810020032000B7
:1032F0000088B9000200400080004000608B21007F
:103300000080400090007800201D810080805000E7
:10331000210798000F0037009E009000C220810016
:10332000200320000088B900020040008000400017
:10333000608B2100008040009000780040228100D6
:10334000808050002107980002003700A02920004B
:10335000200798002E0090000080FA000000060070
:103360001400FA0050079800610798006000B80048
:103370003007980041079800AE6802000100000085
:103380000004E0005C003200A04122009040780080
:1033900000C4B30080CF500008003A00C23B2200B6
:1033A000A13B2200803B2200E23F0200010000001E
:1033B000A14122000040EB008048780060442200D8
:1033C000104078000004E0001B0032005E00900016
:1033D000000F98000E089000E10F50000B00320023
:1033E0000E089000E10F5000040039000E08900014
:1033F000E20F5000090032000C0037005440020078
:10340000010000007007980076003700304002008D
:103410000100000070079800720037007840020039
:1034200001000000700798006E003700A0292000FE
:10343000700798006B0037005E009000100F980036
:103440001E089000E10F5000120032001E0890008C
:10345000E10F5000040039001E089000E20F5000F8
:103460001700320021003700D01D8100000F7800C6
:103470001E007800C480DE001E0078004680DE005A
:1034800080805000008020008080400071079800FC
:1034900054003700C01D8100000F78001E00780026
:1034A000C480DE001E0078004680DE008080500070
:1034B000008020008080400071079800490037009C
:1034C000E01D8100000F78001E007800C480DE003F
:1034D0001E0078004680DE008080500000802000C2
:1034E00080804000710798003E003700A02920002E
:1034F000700798003B0037005E009000E20F50001C
:1035000031003E006E0090000000E0002E0032000E
:10351000EE00900020032000808F50002A003E0023
:103520000000EB0020079800C12081006E00900091
:10353000008050003003B000220320001100090079
:103540000280D8008000FD00100798001A003700A4
:10355000DE0090001E019000200320000088B900CA
:103560000200400080004000608B2100008040008D
:10357000100078006101B9003E009000CE0090007C
:103580000000410081804900300798004107980001
:103590002E0090000000E800200798001E00900018
:1035A0000000E80022032000110009000200D800FA
:1035B0008000FD0010079800AE0090006E009000A3
:1035C000808F5000E2FF39006E0090006101B8006A
:1035D0003E009000CE0090000006020000000000B7
:1035E000700798007E0090000080FA00000006003E
:1035F0000000FA00AE680200010000000004E000D4
:103600000A0032000000EB00DBFE0700301D8900DD
:1036100010002000D8FE0700401D89002000200077
:10362000D5FE0700501D890015003700510020000D
:103630000000EB004AFF070080007800101D8100A9
:1036400000805000301D8900510020001000200033
:1036500043FF070080007800201D8100008050009B
:10366000401D890051002000200020003CFF070081
:10367000800078004022810000805000501D8900A9
:103680000080FA00000006000000FA00889FBE00DB
:103690008A9FBE00D6FF0700301D81006103B9007C
:1036A000301D81006102B9008600780004007800B6
:1036B000000DB80005B0B9000B0178000001410011
:1036C00007A0B9000001410082057800401D81007B
:1036D0006104B900401D81006103B90088007800D1
:1036E00006007800000AB80007C0B900050178009C
:1036F0000001410009B0B9000001410082027800D8
:103700000A0542008B854A00501D81006104B90002
:10371000501D81006103B900880078000600780020
:10372000000AB80007C0B900050178000001410097
:1037300009B0B90000014100820278000A0042008D
:103740008B804A006A030200000000001E0602008F
:1037500000000000601D8900711D8900301D81007E
:103760006103B900301D81006102B9008600780054
:1037700004007800000DB80005B0B9000B01780016
:103780000001410007A0B900000141008205780056
:10379000401D81006104B900401D81006103B90032
:1037A0008800780006007800000AB80007C0B90059
:1037B000050178000001410009B0B9000001410095
:1037C000820278000A0042008B804A006A030200ED
:1037D000000000001E060200000000000004BE0001
:1037E000501D8100CF80DE006A030200000000004F
:1037F0000801BE00C003020000000000C20923004F
:1038000053262C007E04020000000000020020006D
:10381000432B2400E804020000000000A01D8900E2
:10382000B11D8900A01D8100B11D81000200200092
:10383000030A2400F4050200000000000000E0007C
:1038400009003500A01D8100B11D8100020020008B
:1038500003322400F8050200000000000000E00030
:1038600001003C00040037006000B800801D8900A2
:10387000911D890016003700401D8100CF80DE00B9
:103880006A030200000000000004BE00301D810039
:10389000CF80DE006A030200000000000801BE00C5
:1038A000C003020000000000C209230053262400C8
:1038B0007E040200000000000200200043332400C8
:1038C000E804020000000000801D8900911D8900AD
:1038D0004F05BE004F04BE000080FA000000060045
:1038E0000000FA006144220010C0B3008048780054
:1038F000210320000000EB0099FE0700101D890045
:10390000210320001000200095FE0700201D8900E3
:10391000AE680200010000000004E0000700320071
:1039200021032000200020008DFE070001002C0054
:1039300001004000402289000600370021032000DA
:103940002000200086FE070001D02F00010040006B
:1039500040228900614422000040EB00804878004A
:103960000080FA00000006000C00FA00881F7800B2
:103970000004780044FF0700601D8100711D810074
:10398000008FBE00801D8100911D810020079800DE
:1039900031079800A01D8100B11D810040079800EB
:1039A000510798008E007800080078001101BE00D1
:1039B0000288BE0064004000E48040001101BE00A7
:1039C0000288BE0064004000E48040001101BE0097
:1039D0000288BE00080078004F0478000080FA00DA
:1039E000000006000000FA0027FF0700A01D81006C
:1039F000B11D81000080FA00000006000000FA00FE
:103A000021FF0700801D8100911D81000080FA00C8
:103A1000000006000000FA001BFF0700601D810087
:103A2000711D81000080FA00000006000600FA0007
:103A3000881F780000047800EDFE0700301D81002B
:103A4000000F7800401D810010079800501D810074
:103A5000200798001E00BE00008CBE00AE00900043
:103A600021049800080078004F0478000080FA00D4
:103A7000000006000000FA00DDFE0700301D810096
:103A80000080FA00000006000000FA00D8FE0700DF
:103A9000401D81000080FA00000006000000FA00CE
:103AA000D3FE0700501D81000080FA0000000600D0
:103AB0001600FA006000B800008FBE00CFFF0700BC
:103AC000008FBE00001D8100CF80DE006A0302006F
:103AD000000000001E01BE00E6040200000000001D
:103AE000B205020000000000200F98002E08900090
:103AF0000000E00003003D00AE0890008100EA00F5
:103B0000210F98002E0990006110B9006A0302008D
:103B10000000000002002000030A2400F805020053
:103B2000000000000000E00001003C0061013700DF
:103B3000C5E2A900C5C2BF000080FB004700DE004F
:103B4000614060004601DD00512C2000914078006A
:103B5000F0CBB30000C0600002407000C5E2B700C7
:103B6000C5C2BF000080FB004600DE00614060006F
:103B7000614060004501DD00512C2000914078003B
:103B8000F0CDB30000C0600002407000C5E2B70095
:103B9000C5C2BF000080FB004500DE006140600040
:103BA000614060004201DD00512C2000914078000E
:103BB000B0CFB30000C0600002407000C5E2B700A3
:103BC000C5C2BF000080FB004200DE006140600013
:103BD000614060004401DD00512C200091407800DC
:103BE000F0CEB30000C0600002407000C5E2B70034
:103BF000C5C2BF000080FB004400DE0061406000E1
:103C00006140600000414000512C2000914078004C
:103C1000D0CFB30000C0600002407000C5E2B70022
:103C2000C5C2BF000080FB000000D1006140600001
:103C3000C700DD00C4C2BF000074A10001407000D5
:103C4000C4E2B700C4C2BF000080FB004700DE0032
:103C5000614060004601DD00412C20009140780069
:103C6000F0CBB30000C0600002407000C4E2B700B7
:103C70000040EB002057980002002C00833A2400FB
:103C80001E00BE00F8050200000000000000E00079
:103C900001003C000200370011C0B300215798001A
:103CA0000041EB001257980002002000431B240043
:103CB0001E00BE00F4050200000000000000E0004D
:103CC000010034000200370010C0B3001057980004
:103CD000AE5090001E51900002C070000004A2007F
:103CE0000004E00012003A000040EB00005798008A
:103CF00002002800634224001E00BE008806020065
:103D0000000000000000E00001003A00020037005F
:103D100011C0B300015798000E5090000004A2009B
:103D20000004E00002003A00C4C2A800DD00370031
:103D30000041EB00724F980002002000431B24005A
:103D40001E00BE00F8050200000000000000E000B8
:103D500001003C000200370010C0B300704F980013
:103D60007E4890000004A2000004E00012003A0027
:103D70008040EB00614F980002002000732824006F
:103D80001E00BE00F4050200000000000000E0007C
:103D9000010034000200370012C0B300624F9800E7
:103DA0006E4890000004A2000004E00002003A0007
:103DB000C5E2A800BB0037000040EB00504F980060
:103DC00002002000732824001E00BE00F805020037
:103DD000000000000000E00001003C00020037008D
:103DE00011C0B300514F98005E4890000004A2003B
:103DF0000004E00012003A000041EB00424F98003E
:103E000002002000132E24001E00BE00F405020054
:103E1000000000000000E000010034000200370054
:103E200010C0B300404F98004E4890000004A2001C
:103E30000004E00002003A00C5C2A8009900370063
:103E40008040EB00314F980002002000132E240028
:103E50001E00BE00F8050200000000000000E000A7
:103E600001003C000200370012C0B300324F98003E
:103E70003E4890000004A2000004E00012003A0056
:103E80000040EB00204F980002002800D3312400AE
:103E90001E00BE00F4050200000000000000E0006B
:103EA000010034000200370011C0B300214F980018
:103EB0002E4890000004A2000004E00002003A0036
:103EC000C5A2A800770037000041EB00124F980010
:103ED00002002800D33124001E00BE00F8050200B5
:103EE000000000000000E00001003C00020037007C
:103EF00010C0B300104F98001E4890000004A200AC
:103F00000004E00012003A008040EB00014F9800EE
:103F100002002800A33424001E00BE00F4050200A5
:103F2000000000000000E000010034000200370043
:103F300012C0B300024F98000E4890000004A20087
:103F40000004E00002003A00C542A8005500370016
:103F50000040EB007047980002002800A3342400C2
:103F60001E00BE00F8050200000000000000E00096
:103F700001003C000200370011C0B30071479800F7
:103F80007E4090000004A2000004E00012003A000D
:103F90000041EB00624798000200280073372400BC
:103FA0001E00BE00F4050200000000000000E0005A
:103FB000010034000200370010C0B30060479800D1
:103FC0006E4090000004A2000004E00002003A00ED
:103FD000C582A800330037008040EB0051479800AD
:103FE00002002800733724001E00BE00F8050200FE
:103FF000000000000000E00001003C00020037006B
:1040000012C0B300524798005E4090000004A20026
:104010000004E00012003A000040EB004047980026
:1040200002002400233924001E00BE00F405020013
:10403000000000000000E000010034000200370032
:1040400011C0B300414798004E4090000004A20008
:104050000004E00002003A00C522A8001100370069
:1040600002002400233924001E00BE00F8050200CF
:10407000000000000000E00001003C0009003700E3
:1040800002002C00833A24001E00BE00F40502004A
:10409000000000000000E0000100340001003700D3
:1040A000C4E2A8001E00BE00B2050200000000002D
:1040B000001D89000080FA00000006000200FA00DE
:1040C000004F7800C865020001000000A0B288001F
:1040D00010C0B3009E4F100004003A00A1652100FB
:1040E00010C0B3008048780003003700A1652100AC
:1040F0000040EB00804878000000EB0000158800CD
:104100000000EB00101588000000EB00201588006F
:104110000000EB0030158800A0B28000EA0F5000CC
:1041200003003A00A802A900A822A9000200370053
:10413000A802A800A822A800A842A900A862A90075
:10414000A882A900A8A2A900A8C2A900A8E2A90063
:10415000A902A900A922A900A942A900A962A9004F
:10416000A982A900A9A2A900A9C2A900A9E2A9003F
:10417000AA02A900AA22A900AA42A800AA62A8002D
:10418000AA82A800AAA2A900AAC2A900AAE2A9001C
:10419000AB02A900AB22A900AB42A900AB62A90007
:1041A000AB82A900ABA2A900ABC2A900ABE2A900F7
:1041B000112A200091407800C0CFB30000C06000F9
:1041C000A1E2B700A042A800012A20009140780097
:1041D00000CEB30000C07000A0E2B700212A20008A
:1041E0009140780030CCB30000C060000034A000E3
:1041F000A2E2B700A342A800512A20009140780013
:1042000000CEB30000C060000004A000A5E2B7002B
:10421000A0652100104078000004E0000700320093
:10422000412A20009140780000CCB30000C060001B
:104230003041B300A4E2B70007003700412A200054
:104240009140780000CCB30000C0600071C2B300A0
:1042500001407000A4E2B7008560A9008D60A8004D
:10426000A1E2A800A0652100104078000004E00051
:1042700005003A0000000000C1208100000320007A
:10428000808F5000FBFF3600AE6802000100000086
:104290000004E000020032000000EB004022890030
:1042A0000080FA0000000600809FBE00821F780098
:1042B0003400F80000002000A00188001000FA007F
:1042C000816521000040EB00804878009165210065
:1042D0000040EB00804878008560A900A0412200E2
:1042E00090407800F0C3B30080CF500005003E003E
:1042F000A0412200104078008040E800A041220048
:1043000001487800E0208100E10F40000300320006
:10431000E02081000000E800E0208900A065210085
:10432000104078000004E0002E0032000028200039
:10433000000F7800B12081001E0078001000780086
:104340000001780081804000E0652100008040008D
:10435000020878001E8FE800B12081001E0078005E
:10436000100078000001780001804000810C2000DE
:1043700080804000E0652100008040000208780055
:104380001E8FE800B12081001E0078001000780028
:104390000001780001804000011920008080400069
:1043A000E065210000804000020878001E8FE800D0
:1043B000B02081000000E800B0208900B120810019
:1043C00030062000808F5000400236000000EB00D5
:1043D000B02089009165210010C0B30080487800AA
:1043E0003A023700C001200050158800212A200021
:1043F0009140780030CCB30000C060000034A000D1
:10440000A2E2B700412A20009140780000CCB3001E
:1044100000C0600071C2B30001407000A4E2B700A8
:10442000C065210090407800D0C3B30080CF500019
:104430000F003A00C00F200050158800212A2000EC
:104440009140780030CCB30000C060004041B30020
:10445000A2E2B700412A20009140780000CCB300CE
:1044600000C060003041B300A4E2B700F2003700A2
:10447000C065210090407800E0C3B30080CF5000B9
:1044800075003A00A0B28000EA0F500045003A00E3
:10449000B065210010407800E34F50000D003E0051
:1044A000212A20009140780030CCB30000C0600089
:1044B0000044A000A2E2B700412A20009140780009
:1044C00000CCB30000C060007041B300A4E2B700AC
:1044D0000D003700212A20009140780030CCB30035
:1044E00000C060000034A000A2E2B700412A200012
:1044F0009140780000CCB30000C0600071C2B300EE
:1045000001407000A4E2B700B065210010407800BF
:104510000080FB00700798007E009000E20F5000C2
:1045200017003200FE009000E28F500007003C00B0
:104530007E0090000000E0000B003200FE009000C2
:10454000E18F50000B003200BB0037007E0090006E
:10455000E30F50000D003200FE009000E48F500089
:104560000D003200B4003700C01121005015880042
:10457000B1003700C021220050158800AE0037007E
:10458000C041240050158800AB003700C0812800CE
:1045900050158800A8003700300020005015880012
:1045A000A5003700212A20009140780030CCB300CC
:1045B00000C060000044A000A2E2B700412A200031
:1045C0009140780000CCB30000C060007041B3009F
:1045D000A4E2B700B0652100104078000080FB0025
:1045E000600798006E009000E10F5000110032004B
:1045F000EE009000E18F500004003C006E0090003F
:104600000000E000080032008B003700EE00900050
:10461000E28F50000A0032006E009000E30F50005D
:104620000A00320084003700C011210050158800B4
:1046300081003700C0212200501588007E0037001D
:10464000C0412400501588007B003700C08128003D
:104650005015880078003700C065210010407800B0
:10466000E24F500074003A00A0B28000EA0F500000
:1046700045003A00B065210010407800E34F50003B
:104680000D003E00212A20009140780030CCB3007C
:1046900000C060000044A000A2E2B700412A200050
:1046A0009140780000CCB30000C060007041B300BE
:1046B000A4E2B7000D003700212A200091407800C5
:1046C00030CCB30000C060000034A000A2E2B7000C
:1046D000412A20009140780000CCB30000C0600067
:1046E00071C2B30001407000A4E2B700B0652100C0
:1046F000104078000080FB0050079800DE0090001A
:10470000E28F5000170032005E009000E20F500070
:1047100007003C00DE0090000100E0000B003200CA
:104720005E009000E10F50000B00320042003700A5
:10473000DE009000E38F50000D0032005E0090001C
:10474000E40F50000D0032003B003700C011210083
:104750005015880038003700C0212200501588000D
:1047600035003700C0412400501588003200370062
:10477000C0812800501588002F003700300020002D
:10478000501588002C003700212A20009140780025
:1047900030CCB30000C060000044A000A2E2B7002B
:1047A000412A20009140780000CCB30000C0600096
:1047B0007041B300A4E2B700B0652100104078005A
:1047C0000080FB0040079800CE009000E18F500071
:1047D000110032004E009000E10F500004003C0038
:1047E000CE0090000100E000080032001200370007
:1047F0004E009000E20F50000A003200CE00900000
:10480000E38F50000A0032000B003700C011210076
:104810005015880008003700C0212200501588007C
:1048200005003700C0412400501588000200370001
:10483000C08128005015880000282000000F780053
:10484000B065210010407800E34F5000E6003E00C4
:10485000B12081001E00780010007800000178006F
:1048600081804000E065210000804000020878005F
:104870001E8FE800B12081001E0078001000780033
:104880000001780001804000810C20008080400001
:10489000E065210000804000020878001E8FE800DB
:1048A000B12081001E00780010007800000178001F
:1048B000018040000119200080804000E065210057
:1048C00000804000020878001E8FE800B0208100C0
:1048D0000000E800B0208900B120810030062000EF
:1048E000808F5000050036000000EB00B0208900EA
:1048F0009165210010C0B30080487800C065210098
:1049000090407800E0C3B30080CF500028003A0008
:10491000C02081000000E800C0208900C120810083
:1049200010032000808F5000020036000000EB00D2
:10493000C0208900C12081001E007800100078008E
:104940000001780081804000608B210000804000E1
:10495000020878001E8FE800C12081001E00780048
:10496000100078000001780001804000410620001E
:1049700080804000608B21000080400002087800A9
:104980001E8FE800C12081001E0078001000780012
:104990000001780001804000810C200080804000F0
:1049A000608B21000080400002087800B2003700D0
:1049B000C065210090407800F0C3B30080CF500064
:1049C00039003A00B0652100104078000080FB00FB
:1049D000300798003E009000E10F500017003200B1
:1049E000BE009000E18F500004003C003E009000AB
:1049F0000000E000080032009F003700BE00900079
:104A0000E28F5000160032003E009000E30F50008D
:104A10001C003200980037001E007800100078005B
:104A200010CF88001E8FE8001E007800100078006C
:104A300050CF8800E2E2A8008F0037001E00780007
:104A40001000780020CF88001E8FE8001E0078003C
:104A50001000780060CF8800E302A80086003700CD
:104A60001E0078001000780030CF88001E8FE8000C
:104A70001E0078001000780070CF8800E802A800BF
:104A80007D0037001E0078001000780040CF8800BD
:104A90001E8FE8001E0078001000780080CF88008C
:104AA000E822A80074003700C0652100104078009B
:104AB000E34F500070003A00B065210010407800CC
:104AC0000080FB0020079800AE009000E18F5000AE
:104AD0001A0032002E009000E10F500004003C004C
:104AE000AE0090000100E0000800320062003700D4
:104AF0002E009000E20F50001C003200AE0090002B
:104B0000E38F5000250032005B0037001E00780064
:104B100010007800B0CF88001E8FE8001E007800DB
:104B200010007800F0CF8800E2E2A900B165210012
:104B300010C0B300804878004F0037001E00780096
:104B400010007800C0CF88001E8FE8001E0078009B
:104B50001000780000D08800E302A900B1652100B0
:104B600020C0B30080487800430037001E00780062
:104B700010007800D0CF88001E8FE8001E0078005B
:104B80001000780010D08800E802A900B16521006B
:104B900030C0B30080487800370037001E0078002E
:104BA00010007800E0CF88001E8FE8001E0078001B
:104BB0001000780020D08800E822A900A0B2800070
:104BC000EA0F500004003A00B165210040C0B30074
:104BD0008048780028003700B16521000040EB00D4
:104BE00080487800240037001E007800100078000C
:104BF0001E8FE800C065210090407800F0C3B3002C
:104C000080CF50000B003A001E00780010007800A2
:104C1000A0CF88001E8FE8001E00780010007800EA
:104C200090CF88001E8FE800D042A800D022A800B4
:104C300011003700C065210010407800E34F50009C
:104C40000D003A001E0078001000780040D0880067
:104C50001E8FE8001E0078001000780030D0880019
:104C60001E8FE800D042A900D022A900B165210022
:104C70000040EB0080487800C065210010407800BB
:104C8000304798000040EB0020479800F0C3B30085
:104C9000BE40900080CF50000200360010C0B3002C
:104CA000204798003E4090008040E800C065210009
:104CB00001487800AE4090000104E000030032009B
:104CC000C16521000040EB0080487800816521002B
:104CD00010C0B300804878000080FA003400F9006A
:104CE0004F0178004F00BE00004006000000FA00AF
:104CF00080652100104078000080FB000080FA00F1
:104D0000000006000000FA009065210010407800C5
:104D10000080FB000080FA00000006000000FA009E
:104D2000A1E2A8000080FA00000006000000FA00DE
:104D3000A1E2A9000080FA00000006001A00FA00B3
:104D4000889FBE000080EB00400F98000000EB0041
:104D5000000F78007801470013002000E1FF2F00CA
:104D6000F00720008469020001000000000F7800B5
:104D70001E007800630F60000000EB00300F980009
:104D8000310020009E8F1000020032001E00E00063
:104D900005003A0010002000200F9800C0032000FA
:104DA000100F980004003700C0032000200F980067
:104DB00010002000100F980080002000000F9800C5
:104DC000AE0890001E0890000088B9007007980097
:104DD000BE500200010000008E0990000E0A9000F3
:104DE0009E0890000E0890000088B90080037800AB
:104DF000AE0890000E0890000088B900000478000A
:104E00009E0890000E0890000088B900800078008D
:104E1000001E2000010050002200200011000900A7
:104E20000200D80080047800AE0890000E089000C0
:104E30000088B900800078000028200001005000A0
:104E400022002000110009000200D8003E0B900053
:104E500083027800870178000801780089007800D3
:104E6000EC4F0200010000001100200010002000A3
:104E70006650020001000000AA500200010000007C
:104E8000808A20002A67020001000000A8130200A7
:104E9000010000000000EB00BE1302000100000052
:104EA0000000EB00FE13020001000000DA670200C0
:104EB000010000000000E000FCFF3200808A2000BA
:104EC000500798000000EB00300798000000EB004E
:104ED000200798000000EB00100798000040EB004E
:104EE000004F98000000EB006007980016003700A4
:104EF0005E00900090407800114F98005E00900096
:104F00000000E800500798001E4890008080FB00D9
:104F10003E00900001004000300798009E4890003D
:104F20000E48900080CF5000040036001E489000CC
:104F3000004F9800EE009000110798006E0090005E
:104F40000000E800600798006E009000FD0F500020
:104F5000E7FF3400160037005E00900090407800B4
:104F6000114F98005E0090000000E8005007980084
:104F70001E4890008080FB002E0090000100400041
:104F8000200798009E4890000E48900080CF500067
:104F9000040036001E489000004F9800EE0090007C
:104FA000110798006E0090000000E800600798006C
:104FB000EE0090001E089000808F5000E6FF350044
:104FC0001E009000F30F500005003E00110020006D
:104FD0007000200006110200010000000D003700E3
:104FE0009E00900070022000808F500005003E005F
:104FF000110020000000EB0006110200010000007B
:1050000004003700110020001000200006110200EB
:1050100001000000300020009E0F1000030032004D
:10502000210020009E8F10000E003A001E0090000C
:105030006A00B9008000780040ED2F000080400039
:105040005C4B0200010000009E00900060FF2F00FA
:105050000088B900C012B000E04B0200010000005F
:105060000D0037009E00900060FF2F000088B900FF
:10507000C012B0005C4B0200010000001E00900056
:105080006A00B9008000780040ED2F0000804000E9
:10509000E04B0200010000000E4890000080FB0081
:1050A0009E009000811F7800801F78002E009000E5
:1050B000801F7800BE009000811F7800605E2B008A
:1050C000801F7800808A20008E13020000000000FC
:1050D000EA875700808A2000621102000000000069
:1050E00080007800808A2000A06C0200010000008F
:1050F0008038210001002000A665020001000000A8
:105100005FFF37001200FA00889FBE000000EB002E
:10511000000F980040012000700798004001200017
:10512000600798008000200050079800FE00900063
:105130006E0090000088B90040079800BE50020041
:1051400001000000DE0190005E029000EE00900081
:105150005E0090000088B90080037800FE00900097
:105160005E0090000088B90000047800EE00900016
:105170005E0090000088B90080007800001E2000CA
:105180000100500022002000110009000200D80098
:1051900080047800FE0090005E0090000088B90056
:1051A000800078000028200001005000220020002C
:1051B000110009000200D8000E0B90008302780055
:1051C000870178000801780089007800EC4F020020
:1051D00001000000110020001000200066500200B5
:1051E00001000000AA50020001000000701C020033
:1051F00001000000808A20002A67020001000000F0
:10520000A8130200010000000000EB00BE13020022
:10521000010000000000EB00FE130200010000008E
:105220000000EB006263020001000000FE0F50006E
:105230000A003C0010002000626302000100000030
:10524000FE0F500005003C002000200062630200B9
:1052500001000000FE0F5000030034001000200089
:10526000BE130200010000000000EB001065020008
:10527000010000008000780000192000808F50009D
:1052800004003400110020000000EB0006110200B1
:105290000100000010002000106502000100000065
:1052A0008000780000192000808F50000400340036
:1052B0001100200010002000061102000100000073
:1052C000200020001065020001000000800078002E
:1052D00000192000808F50000400340011002000CD
:1052E0002000200006110200010000003000200014
:1052F0001065020001000000800078000019200005
:10530000808F500004003400110020003000200085
:10531000061102000100000040002000106502009C
:10532000010000008000780000192000808F5000EC
:10533000040034001100200040002000061102008B
:105340000100000050002000106502000100000074
:105350008000780000192000808F50000400340085
:105360001100200050002000061102000100000082
:10537000600020001065020001000000800078003D
:1053800000192000808F500004003400110020001C
:1053900060002000061102000100000070002000E3
:1053A0001065020001000000800078000019200054
:1053B000808F500004003400110020007000200095
:1053C0000611020001000000DA670200010000007F
:1053D0000000E000FCFF32006000B80010079800F9
:1053E00021079800808A2000000F78000000EB0061
:1053F000300798000E0037001E007800104078003B
:105400000081FB00030020001E009000AE00900011
:105410000000410081804900100798002107980092
:105420001E0FE8003E0090000000E80030079800E2
:10543000BE0090004E009000808F5000EEFF3500BF
:105440001E009000AE009000809FBE0040612B00C7
:10545000801F7800808A20008E1302000000000068
:10546000E6875700808A20006211020000000000D9
:1054700080007800808A2000A06C020001000000FB
:105480001E019000AE01900000B82B00010020002A
:10549000800F5100818F590003003600100020005A
:1054A000FE130200010000008038210001002000EE
:1054B000A6650200010000004EFF37002A00FA0036
:1054C00040062000000F78006A00470041632B006F
:1054D00007000900311878000001B1007A00470088
:1054E00041622B0007000900311878000001B1006B
:1054F000A8130200010000000000EB00BE13020030
:10550000010000000000EB00FE130200010000009B
:105510000000EB0010650200010000008000780030
:1055200080252000808F50000400340011002000EE
:105530000000EB0006110200010000001000200036
:105540001065020001000000800078008025200026
:10555000808F500004003400110020001000200053
:10556000061102000100000020002000106502006A
:10557000010000008000780080252000808F50000E
:105580000400340011002000200020000611020059
:105590000100000030002000106502000100000042
:1055A0008000780080252000808F500004003400A7
:1055B0001100200030002000061102000100000050
:1055C000400020001065020001000000800078000B
:1055D00080252000808F500004003400110020003E
:1055E00040002000061102000100000050002000D1
:1055F0001065020001000000800078008025200076
:10560000808F500004003400110020005000200062
:105610000611020001000000600020001065020079
:10562000010000008000780080252000808F50005D
:105630000400340011002000600020000611020068
:105640000100000070002000106502000100000051
:105650008000780080252000808F500004003400F6
:10566000110020007000200006110200010000005F
:105670000000EB00106502000100000080007800CF
:1056800080252000808F500023003C001000200067
:1056900010650200010000008000780080252000D5
:1056A000808F50001C003C0020002000106502008C
:1056B000010000008000780080252000808F5000CD
:1056C00015003C00500020001065020001000000A1
:1056D0008000780080252000808F50000E003C0064
:1056E00060002000106502000100000080007800CA
:1056F00080252000808F500007003C0070002000B3
:105700001065020001000000800078008025200064
:10571000808F50006900340010002000BE1302008A
:1057200001000000800C200020079800800C200061
:10573000100798000000EB00400798002C0037008D
:105740004E00900010650200010000003007980034
:105750003E009000801F780040642B00801F78007E
:10576000808A20008E13020000000000E4875700AA
:10577000808A200062110200000000008000780092
:10578000808A2000A06C0200010000004E00900002
:10579000EA00470000004000E08078003E009000F2
:1057A0004480DE000088B900800078002E00900060
:1057B00001004000200798004E009000FA004700CA
:1057C00000004000E08078003E0090004480DE0051
:1057D0000088B900800078001E00900001004000A1
:1057E000100798004E0090000000E8004007980065
:1057F0004E009000E70F5000D1FF34009E00900053
:10580000811F78002E009000801F780090642B008C
:10581000801F7800808A20008E13020000000000A4
:10582000E6875700808A2000621102000000000015
:1058300080007800808A2000A06C02000100000037
:10584000AE00900000322000808F50000200340033
:1058500000322000200798009E00900000322000B7
:10586000808F5000020034000032200010079800A2
:10587000AE00900000CE2F00808F500002003D004F
:1058800000CE2F00200798009E00900000CE2F0031
:10589000808F500002003D0000CE2F0010079800BE
:1058A0002E0090005C4B0200010000001E009000E2
:1058B000E04B0200010000001B003700C02B20005D
:1058C0005C4B0200010000001E0FE800C02B20000E
:1058D0009E0F10000200340040062000000F7800E8
:1058E0001E007800E04B0200010000009E007800DE
:1058F000811F7800A0652B00801F7800808A20001F
:105900008E13020000000000E4875700808A200008
:10591000621102000000000080007800808A2000F0
:10592000A06C02000100000000E224000100200041
:10593000A665020001000000EDFE37000000FA003D
:105940006020810038420200010000001020890020
:1059500021208900A813020001000000102081000E
:10596000212081006011B800F8050200000000004D
:105970000000E00001003C0097003700102081008B
:105980002120810002002000831D2400F805020070
:10599000000000000000E00001003C000D003700A6
:1059A000110020000000EB000611020001000000C1
:1059B0001020810021208100020020008325240086
:1059C000F8050200000000000000E00005003C00B7
:1059D00011003700614022000040EB008048780051
:1059E0001301370011002000700020000611020092
:1059F0000100000010208100212081000200200011
:105A0000232A2400F8050200000000000000E00046
:105A100005003C0011003700614022000040EB000F
:105A2000804878000201370011002000600020004B
:105A300006110200010000001020810021208100D9
:105A400002002000832D2400F80502000000000061
:105A50000000E00005003C0011003700614022001A
:105A60000040EB0080487800F10037001100200072
:105A700050002000061102000100000010208100EB
:105A8000212081000200200073302400F80502006C
:105A9000000000000000E00005003C00110037009D
:105AA000614022000040EB0080487800E0003700B1
:105AB000110020004000200006110200010000003B
:105AC00010208100212081000200200023322400C8
:105AD000F8050200000000000000E00005003C00A6
:105AE00011003700614022000040EB008048780040
:105AF000CF00370011002000300020000611020006
:105B000001000000102081002120810002002000FF
:105B1000D3332400F8050200000000000000E0007C
:105B200005003C0011003700614022000040EB00FE
:105B300080487800BE0037001100200020002000BF
:105B400006110200010000001020810021208100C8
:105B50000200200083352400F80502000000000048
:105B60000000E00005003C00170037006140220003
:105B70000040EB0080487800AD00370011002000A5
:105B80001000200006110200010000006040220009
:105B9000104078000004E000A5003A005044800066
:105BA0000000E000FDFF3A0001F5210040B12200B5
:105BB000FC6D0200010000006140220010C0B30033
:105BC000804878009A003700614022000040EB00D6
:105BD0008048780096003700102081002120810045
:105BE00002002000831D2C00F405020000000000CC
:105BF0000000E000010035000D003700110020001A
:105C00000000EB00061102000100000010208100DE
:105C1000212081000200200083252C00F4050200D1
:105C2000000000000000E000050035001100370012
:105C3000614022000040EB00804878007C00370083
:105C400011002000100020000611020001000000D9
:105C5000102081002120810002002000232A2C0036
:105C6000F4050200000000000000E000050035001F
:105C700011003700614022000040EB0080487800AE
:105C80006B003700110020002000200006110200E8
:105C9000010000001020810021208100020020006E
:105CA000832D2C00F4050200000000000000E0003D
:105CB0000500350011003700614022000040EB0074
:105CC000804878005A003700110020003000200082
:105CD0000611020001000000102081002120810037
:105CE0000200200073302C00F405020000000000C8
:105CF0000000E0000500350011003700614022007F
:105D00000040EB0080487800490037001100200077
:105D10004000200006110200010000001020810058
:105D2000212081000200200023322C00F405020013
:105D3000000000000000E000050035001100370001
:105D4000614022000040EB008048780038003700B6
:105D50001100200050002000061102000100000088
:105D6000102081002120810002002000D3332C006C
:105D7000F4050200000000000000E000050035000E
:105D800011003700614022000040EB00804878009D
:105D900027003700110020006000200006110200DB
:105DA000010000001020810021208100020020005D
:105DB00083352C00F4050200000000000000E00024
:105DC0000500350017003700614022000040EB005D
:105DD0008048780016003700110020007000200075
:105DE000061102000100000060402200104078000F
:105DF0000004E0000E003A00504480000000E00083
:105E0000FDFF3A0001F5210040B12200FC6D0200C7
:105E1000010000006140220010C0B30080487800FB
:105E200003003700614022000040EB00804878000A
:105E30000080FA00000006000000FA0050208100F7
:105E40003842020001000000102089002120890052
:105E5000A813020001000000102081002120810011
:105E60006011B800F8050200000000000000E0002A
:105E700001003C004B0037001020810021208100F0
:105E800002002000A3332400F805020000000000F7
:105E90000000E00001003C00180037001100200065
:105EA0006000200006110200010000001100200027
:105EB0007000200006110200010000001100200007
:105EC0000000EB000611020001000000110020009C
:105ED0001000200006110200010000001100200047
:105EE0002000200006110200010000001000200028
:105EF000FE13020001000000740037001020810032
:105F00002120810002002000832F2400F8050200D8
:105F1000000000000000E00001003C00100037001D
:105F20001100200070002000061102000100000096
:105F3000110020000000EB0006110200010000002B
:105F400011002000100020000611020001000000D6
:105F50000000EB00FE130200010000005B003700B0
:105F600010208100212081000200200083272400CE
:105F7000F8050200000000000000E00001003C0005
:105F800052003700110020000000EB000611020053
:105F9000010000000000EB00FE1302000100000001
:105FA0004A003700102081002120810002002000DB
:105FB000A3332C00F4050200000000000000E00004
:105FC000010035001800370011002000600020009B
:105FD0000611020001000000110020005000200006
:105FE0000611020001000000110020004000200006
:105FF0000611020001000000110020003000200006
:106000000611020001000000110020002000200005
:10601000061102000100000010002000FE13020023
:10602000010000002900370010208100212081009C
:1060300002002000832F2C00F40502000000000065
:106040000000E000010035001000370011002000C2
:106050005000200006110200010000001100200085
:106060004000200006110200010000001100200085
:106070003000200006110200010000000000EB00CB
:10608000FE13020001000000100037001020810004
:10609000212081000200200083272C00F40502004B
:1060A000000000000000E00001003500070037009C
:1060B0001100200040002000061102000100000035
:1060C0000000EB00FE130200010000000080FA0057
:1060D000000006000000FA00402081003842020063
:1060E000010000001020890021208900A81302006F
:1060F0000100000010208100212081006011B80003
:10610000F8050200000000000000E00001003C0073
:106110004B00370010208100212081000200200068
:10612000A3332400F8050200000000000000E00096
:1061300001003C0018003700110020000000EB00B7
:1061400006110200010000001100200010002000D4
:1061500006110200010000001100200020002000B4
:106160000611020001000000110020003000200094
:106170000611020001000000110020004000200074
:10618000061102000100000010002000BE130200F2
:1061900001000000740037001020810021208100E0
:1061A00002002000832F2400F805020000000000F8
:1061B0000000E00001003C0010003700110020004A
:1061C0001000200006110200010000001100200054
:1061D0002000200006110200010000001100200034
:1061E0003000200006110200010000000000EB005A
:1061F000BE130200010000005B0037001020810088
:10620000212081000200200083272400F8050200DD
:10621000000000000000E00001003C0052003700D8
:1062200011002000200020000611020001000000E3
:106230000000EB00BE130200010000004A0037001E
:10624000102081002120810002002000A3332C00B7
:10625000F4050200000000000000E000010035002D
:1062600018003700110020000000EB0006110200AA
:106270000100000011002000700020000611020043
:106280000100000011002000600020000611020043
:106290000100000011002000500020000611020043
:1062A0000100000011002000400020000611020043
:1062B0000100000010002000BE13020001000000D9
:1062C00029003700102081002120810002002000D9
:1062D000832F2C00F4050200000000000000E00005
:1062E0000100350010003700110020007000200070
:1062F00006110200010000001100200060002000D3
:1063000006110200010000001100200050002000D2
:1063100006110200010000000000EB00BE130200A5
:1063200001000000100037001020810021208100B2
:106330000200200083272C00F4050200000000006A
:106340000000E000010035000700370011002000C8
:106350006000200006110200010000000000EB00B8
:10636000BE130200010000000080FA0000000600D9
:106370000A00FA000000EB00100798000040EB0054
:10638000004F7800DE6D02000100000000003700C1
:10639000C2402200A140220080402200B6400200FC
:1063A0000100000040208100100798001E009000AE
:1063B0000000E00003003D001E0090000000EA0025
:1063C000100798000040EB00004F7800502081003B
:1063D000400798004E0090000000E00003003D00E0
:1063E000CE0090008100EA00410798001E00900056
:1063F000CE009000808F50000A00340050208100B1
:10640000100798001E0090000000E00003003D000F
:106410001E0090000000EA001007980010C0B300B2
:10642000004F780060208100300798003E00900007
:106430000000E00003003D00BE0090008100EA0083
:10644000310798001E009000BE009000808F500021
:106450000200340020C0B300004F78001E80FB0013
:1064600020079800AE009000E18F50000900320034
:106470002E009000E20F500008003200AE009000A5
:106480000100E00001003200C1FF370011FF0700EA
:10649000BFFF370068FE0700BDFF370027FD07007C
:1064A000BBFF37000200FA00004F7800CE68020000
:1064B000010000001E41780031C0B300C0CDB30020
:1064C0003C69020001000000D868020001000000E1
:1064D0000080FA00000006000400FA00004F780077
:1064E00011479800224798001E407800EDFF0700F2
:1064F000CE680200010000002E4190009E409000F6
:10650000C0CDB3003C69020001000000D868020061
:10651000010000000080FA00000006000400FA00FC
:1065200020479800314798002E409000DDFF07007B
:10653000CE68020001000000BE409000C0CDB30054
:10654000E268020001000000004F7800D8680200F5
:10655000010000001E80FB000080FA000000060021
:106560000400FA00204798002E409000CDFF07005D
:10657000CE6802000100000031C0B300C0CDB300FE
:10658000E268020001000000004F7800D8680200B5
:10659000010000001E80FB000080FA0000000600E1
:1065A0000200FA000040EB00BEFF0700CE680200C8
:1065B00001000000B1C5B300C0CDB300E268020025
:1065C00001000000004F78001E407800104798003E
:1065D000D868020001000000F1C7B3001E4090001F
:1065E00001406000104798009E409000F0CBB3003F
:1065F00000C06000104798009E40900070CFB3002C
:1066000000C0600010479800CE6802000100000042
:106610001E419000B1C5B300C0CDB3003C6902007B
:1066200001000000D8680200010000001E80FB008D
:106630000080FA00000006000200FA000040EB00B3
:10664000004F7800D6FF0700004F780080C2B300EB
:106650009B0107001E80FB000080FA00000006007E
:106660000200FA00004F78001E417800A1C6B30076
:106670000040EB0098FF07000080FA0000000600D1
:106680000200FA00004F78001E41780071CBB30081
:1066900010C0B30090FF07000080FA000000060061
:1066A0000600FA00004F78001E80FB0020079800CB
:1066B00000042000AE009000808F500016003200D1
:1066C00000082000AE009000808F50001F003200B4
:1066D00000022000AE009000808F500001003200C8
:1066E0002700370010C0B300E5FF07001E41780007
:1066F00031C9B30010C0B30077FF07001E41780016
:1067000041C9B30010C0B30073FF07000000EB00E5
:10671000100798001C00370030C0B300D8FF0700F6
:106720001E41780031C9B30010C0B3006AFF0700F2
:106730001E41780041C9B30010C0B30066FF0700D6
:106740008000EB00110798000F00370070C0B30005
:10675000CBFF07001E41780031C9B30010C0B30061
:106760005DFF07001E41780041C9B30010C0B300AF
:1067700059FF07000000EB001007980002003700E7
:106780008080EB00110798001E0090000080FA0046
:10679000000006000600FA00004F78001E80FB0093
:1067A0002007980000042000AE009000808F500069
:1067B0001600320000082000AE009000808F5000CC
:1067C0001F00320000022000AE009000808F5000B9
:1067D00001003200270037000040EB00A8FF07004F
:1067E0001E41780031C9B30010C0B3003AFF070062
:1067F0001E41780041C9B30010C0B30036FF070046
:106800000000EB00100798001C00370010C0B30018
:106810009BFF07001E41780031C9B30010C0B300D0
:106820002DFF07001E41780041C9B30010C0B3001E
:1068300029FF07008000EB00110798000F003700C8
:1068400030C0B3008EFF07001E41780031C9B3008D
:1068500010C0B30020FF07001E41780041C9B300FB
:1068600010C0B3001CFF07000000EB0010079800E9
:10687000020037008080EB00110798001E00900096
:106880000080FA00000006000600FA00004F7800C1
:10689000114798001E80FB00200798002E009000F2
:1068A000E10F50000F0032002E009000E20F500068
:1068B000140032002E0090000000E00001003200C1
:1068C0001800370032C4B300E1C4B30010C0B300F5
:1068D00001FF07001E40900071FF0700100798009D
:1068E0001200370002C3B300E1C4B30010C0B3000C
:1068F000F9FE07001E409000A6FF07001007980051
:106900000A00370022C0B300E1C4B30010C0B300D6
:10691000F1FE07001E4090009EFF07001007980040
:10692000020037000080EB00100798001E00900066
:106930000080FA00000006000A00FA002007980014
:1069400031079800AE0090003E009000808F50000C
:10695000030039000080EB00400798001E0037005C
:10696000BE00900070302000808F50000300360081
:106970000080EB0040079800170037002E009000C1
:106980000000E900200798002E00900020479800A2
:106990002E0090004800DE00304798003E00900036
:1069A000004F78003E0090004800DE00104798003D
:1069B0002E41900091C0B3000040EB00C6FE0700DE
:1069C0003E41900081C0B3000040EB00C2FE0700D2
:1069D0000000EB00400798004E0090000080FA0095
:1069E000000006000800FA00200798003107980010
:1069F0000000EB000080FA00000006000A00FA0028
:106A00002007980031079800AE0090003E009000EB
:106A1000808F5000030039000080EB004007980091
:106A200023003700BE00900030202000808F5000EF
:106A3000030036000080EB00400798001C00370080
:106A40002E009000204798002E0090004800DE00A5
:106A5000304798003E009000004F78003E009000C4
:106A60004800DE00104798003E41900001C1B3008D
:106A70000040EB0098FE07002E41900011C1B300CA
:106A80000040EB0094FE07001E41900021C1B300BE
:106A90000040EB0090FE07001E41780031C1B300BA
:106AA0000040EB008CFE07000000EB004007980060
:106AB0004E0090000080FA00000006000200FA007C
:106AC000000F78001E00E00008003A0002C8B30082
:106AD00041C0B30010C0B3007FFE070022C0B30066
:106AE00061C0B30010C0B3007BFE07000080FA0055
:106AF000000006000600FA00100798002107980021
:106B0000C1C6B3000040EB0084FE0700004F7800D0
:106B10001E0090000000E0000300320000C8B30037
:106B20001E4F700002003700F0C7B3001E4F600018
:106B30002E0090000000E0000300320000C4B3000B
:106B40001E4F700002003700F0CBB3001E4F6000F4
:106B50001E417800C1C6B3000040EB005EFE070096
:106B60000080FA00000006000600FA0010079800F6
:106B70002107980080C9B300004F78001E009000E4
:106B80000000E00001003A001E24A0002E0090004A
:106B90000000E0000A003A001E04A0000041EB00E3
:106BA00081C4B30020C0B3004BFE07000041EB00DE
:106BB00091C4B30020C0B30047FE070008003700AF
:106BC00082C0B30081C4B30020C0B30042FE0700FE
:106BD000C2C0B30091C4B30020C0B3003EFE0700A2
:106BE0001E41780041C0B30020C0B3003AFE070048
:106BF0000080FA00000006000400FA00004F780050
:106C000011479800224798001E41780031C2B30016
:106C10000040EB0030FE07001E41900041C2B3006F
:106C20000040EB002CFE07002E41900051C2B30043
:106C30000040EB0028FE07000080FA00000006007C
:106C40000400FA00008FBE001E00BE004808DE00EF
:106C5000010020000041780021C1B30020C0B30032
:106C60001DFE07001E00BE004008DE0001002000DF
:106C70000041780031C1B30020C0B30016FE070008
:106C80001E00BE004809DD004800DE000000710063
:106C9000C808DE000041780041C1B30020C0B30045
:106CA0000DFE07001E0078000041780051C1B300BE
:106CB00020C0B30008FE07000080FA0000000600B4
:106CC0000200FA00004F78001E417800E1C9B300CD
:106CD00010C0B30000FE07000080FA0000000600AC
:106CE0004A2400000200000002000000FFFF000034
:106CF0007622000046000000000000001E24000074
:106D00000600000002000000FFFFFF00FFFFFF0081
:106D1000A4080000B40D00000000000024240000BE
:106D20000600000000000000BC220000420000003D
:106D3000020000000000F600FFE2FF000F0000006C
:106D400000000000F1FF1E00000A00000A001E0003
:106D500000F1FF0000000000000F0000E2FFF6005D
:106D6000FF08000004000200000000000000FC001A
:106D7000FFF8FF00F0FFF000FFF8FF00FCFF00004D
:106D8000000000000200040000080000FE220000D5
:106D900032000000000000000A1A0000800200001B
:106DA000000000008023000020000000020000001E
:106DB000F6FFF600FFFBFF000000000000050000EA
:106DC0000A000A00000A00000A0005000000000096
:106DD0000000FB00FFF6FF00F6FF0000D2230000DA
:106DE00010000000000000008A1C0000C401000028
:106DF000000000004C240000020000000000000021
:106E000088080000080000000200000000000000E8
:106E10000000000000000000A008000002000000C8
:106E2000000000000E240000080000000000000028
:106E30000008000044000000020000000000000004
:106E40000000000000000000000000000000000042
:106E50000000000000000000000000000000000032
:106E60000000000000000000000000000000000022
:106E70000000000000000000000000000000000012
:106E80000000000000000000000000000000000002
:106E90000000000000000000900800000600000054
:106EA0000200000000000000000000004408000094
:106EB000440000000200000000000000000000008C
:106EC00000000000000000000000000000000000C2
:106ED00000000000000000000000000000000000B2
:106EE00000000000000000000000000000000000A2
:106EF0000000000000000000000000000000000092
:106F00000000000000000000000000000000000081
:106F100000000000960800000600000002000000CB
:106F200000000000000000004E24000002000000ED
:106F300002000000000000005024000002000000D9
:106F400000000000422400000400000002000000D5
:106F50000200FF00FF0000002A24000006000000DD
:106F600000000000462400000400000002000000B1
:106F70000000D00007000000A02300001E00000059
:106F800000000000162400000800000002000000BD
:106F90000000000000000000000000005816000083
:106FA000B2030000000000005224000002000000B4
:106FB0000200000001000000302400000600000074
:106FC00000000000E22300001000000000000000AC
:106FD000FE200000D80000000200000004030500AD
:106FE00053060300075308000009D1000A000B00F4
:106FF000070C03000D510E00010FE70012021300F1
:1070000002151000164017004018400019401A00E1
:10701000031BE6001C001D00701E0A001F1B200041
:10702000443B000046804800604996004A004B00FF
:107030007D4C00004E084F000A50700059005A0065
:10704000005B00005CAC5D0002760000771A7800FF
:107050002A7937007A427B00567C68007D877E0063
:10706000A37FBC0080D48100EA8E38008FA59000F9
:107070000D919300922D93000694830095AA96009B
:107080004D97250098259B00009C96009F80A000AE
:1070900080A1B600A29DA300ABA48000A500A6001D
:1070A00007A70100A8E7A90000AA0100AD9FAE0054
:1070B00022AF8C00B007B100CCB20000B370B900B1
:1070C00003BAE600BB07BC00CCBD0000BE0CC1008B
:1070D00010C2E000C310C400E0C58000C680C70035
:1070E00001C8A500C902CA007ACB0000CCA7CD0018
:1070F00001CE4700D43CD50001D88000BE2300005B
:107100001400000000000000AE1F0000500100004D
:10711000000000009C0800000400000000000000C7
:1071200036240000060000000200000000000000FD
:1071300000000000022400000C000000020000001B
:10714000000000000000000000000000000000003F
:10715000A20800000200000000000000F22300006E
:107160001000000000000000542400000200000095
:107170000000000056240000020000000000000093
:10718000582400000200000000000000D62100008A
:10719000A00000000200000001000000000000004C
:1071A00000000A0000000000000000000064000071
:1071B0000000000000000000E803000000000000E4
:1071C00000001000270000000000000000A0860062
:1071D000010000000000000040420F00000000001D
:1071E0000000800096980000000000000000E10010
:1071F000F50500000000000000CA9A003B000000F6
:1072000000000000E40B5400020000000000E80051
:1072100076481700000000000010A500D4E8000028
:1072200000000000A0724E0018090000000040009D
:107230007A10F3005A0000000080C600A47E8D0082
:107240000300000000C16F00F28623000000000070
:107250008A5D78004563010000006400A7B3B600B2
:10726000E00D000000E889000423C7008A00000048
:10727000302300002A00000002000000286E750084
:107280006C6C290000303100323334003536370061
:107290003839410042434400454600003031320055
:1072A0003334350036373800396162006364650075
:1072B000660000004E1E0000600100000200000099
:1072C0000000000000000000F03F00000000A000EF
:1072D0009999B9003F0000000040E1007A843F0026
:1072E00000000000E04D6200503F00000000E000A0
:1072F000E2361A003F0000000080B500F8E43E00CE
:1073000000000000A0F7C600B03E00000000A00092
:10731000F2D77A003E00000000E08E0079453E0082
:1073200000000000E00B2E00113E00000000E00015
:10733000DF7CDB003D0000000000A1009CC73B009B
:1073400000000000004C4800B439000000000000BC
:10735000206CA100370000000000000000000000C9
:10736000000000000000000000000000000000001D
:10737000000000000000000000000000000000000D
:1073800000000000000000000000000000000000FD
:1073900000000000000000000000000000000000ED
:1073A00000000000000000000000000000000000DD
:1073B0000000F0003F00000000000000002440003A
:1073C0000000000000000000594000000000000024
:1073D00000408F00400000000000000088C3400013
:1073E0000000000000006A00F840000000000000FB
:1073F00080842E00410000000000D0001263410094
:10740000000000000084D700974100000000000049
:1074100065CDCD004100000000205F00A0024200C9
:1074200000000000801DAF00154400000000400077
:10743000593E2900460000000000000000F07F00D7
:107440000000000000000000F07F000000000000CD
:107450000000F0007F0000000000000000F07F004E
:107460000000000000000000F07F000000000000AD
:107470000000F0007F0000000000000000F07F002E
:107480000000000000000000F07F0000000000008D
:107490000000F0007F0000005A23000026000000DA
:1074A000020000005C233E00240000003E2409008E
:1074B0000000000002003C00240000003C24060004
:1074C00002010000000000000000000000000600B3
:1074D00002020000000000003C2400000600000042
:1074E000000000005A24000002000000000000001C
:1074F0005C24000002000000000000005E24000088
:1075000002000000000000006024000002000000F3
:107510000200000001000000000000000200FA006C
:10752000004F7800CE680200010000001E41780084
:1075300031C0B300C0CDB3003C69020001000000BF
:10754000D8680200010000000080FA000000060078
:107550000400FA00004F7800114798002247980075
:107560001E407800EDFF0700CE6802000100000019
:107570002E4190009E409000C0CDB3003C690200B7
:1075800001000000D8680200010000000080FA003D
:10759000000006000400FA002047980031479800D8
:1075A0002E409000DDFF0700CE68020001000000C1
:1075B000BE409000C0CDB300E268020001000000B0
:1075C000004F7800D8680200010000001E80FB0018
:1075D0000080FA00000006000200FA00004F780068
:1075E0001E41780011C9B3000040EB00D8FF07002E
:1075F0000080FA00000006000200FA00004F780048
:107600001E41780081C6B30010C0B300D0FF070050
:107610000080FA00000006000600FA00004F780023
:107620001E80FB002007980000042000AE009000A0
:10763000808F50001A00320000082000AE00900039
:10764000808F50002700320000022000AE00900022
:10765000808F5000010032003300370010C0B300AB
:10766000E5FF07001E41780001C8B30010C0B30059
:10767000B7FF07001E41780011C8B30010C0B30067
:10768000B3FF070012C0B30021C8B30010C0B3009D
:10769000AFFF07000000EB00100798002400370040
:1076A00030C0B300D4FF07001E41780001C8B3000A
:1076B00010C0B300A6FF07001E41780011C8B30038
:1076C00010C0B300A2FF070012C0B30021C8B3006E
:1076D00010C0B3009EFF07008000EB001107980068
:1076E0001300370070C0B300C3FF07001E417800CD
:1076F00001C8B30010C0B30095FF07001E41780019
:1077000011C8B30010C0B30091FF070012C0B3004E
:1077100021C8B30010C0B3008DFF07000000EB00CC
:1077200010079800020037008080EB0011079800D6
:107730001E0090000080FA00000006000600FA001B
:10774000004F78001E80FB002007980000042000F6
:10775000AE009000808F50001A0032000008200018
:10776000AE009000808F5000270032000002200001
:10777000AE009000808F50000100320033003700CF
:107780000040EB009CFF07001E41780001C8B300D9
:1077900010C0B3006EFF07001E41780011C8B3008F
:1077A00010C0B3006AFF070012C0B30021C8B300C5
:1077B00010C0B30066FF07000000EB001007980040
:1077C0002400370010C0B3008BFF07001E41780073
:1077D00001C8B30010C0B3005DFF07001E41780070
:1077E00011C8B30010C0B30059FF070012C0B300A6
:1077F00021C8B30010C0B30055FF07008000EB00A4
:10780000110798001300370030C0B3007AFF07005B
:107810001E41780001C8B30010C0B3004CFF070040
:107820001E41780011C8B30010C0B30048FF070024
:1078300012C0B30021C8B30010C0B30044FF07005A
:107840000000EB0010079800020037008080EB007A
:10785000110798001E0090000080FA00000006004A
:107860000600FA00004F7800114798001E80FB00C8
:10787000200798002E009000E10F50000F0032000A
:107880002E009000E20F5000140032002E009000F5
:107890000000E0000100320018003700D2C0B30041
:1078A00081C3B30010C0B30029FF07001E40900041
:1078B00059FF0700100798001200370082C0B3007C
:1078C00081C3B30010C0B30021FF07001E40900029
:1078D0009AFF0700100798000A00370022C0B30083
:1078E00081C3B30010C0B30019FF07001E40900011
:1078F00092FF070010079800020037000080EB009D
:10790000100798001E0090000080FA00000006009A
:107910000A00FA002007980031079800AE00900096
:107920003E009000808F5000030039000080EB0083
:10793000400798001E003700BE009000F031200084
:10794000808F5000030036000080EB004007980055
:10795000170037002E0090000000E9002007980073
:107960002E009000204798002E0090004800DE0076
:10797000304798003E009000004F78003E00900095
:107980004800DE00104798002E41900011C5B3005A
:1079900010C0B300EEFE07003E41900001C5B300E9
:1079A00010C0B300EAFE07000000EB00400798009B
:1079B0004E0090000080FA00000006000800FA0067
:1079C00020079800310798000000EB000080FA00C3
:1079D000000006000A00FA0020079800310798000E
:1079E000AE0090003E009000808F500003003900F0
:1079F0000080EB004007980023003700BE00900095
:107A0000301F2000808F5000030036000080EB0004
:107A1000400798001C0037002E0090002047980077
:107A20002E0090004800DE00304798003E00900095
:107A3000004F78003E0090004800DE00104798009C
:107A40003E41900001C6B30010C0B300C0FE070065
:107A50002E41900011C6B30010C0B300BCFE070059
:107A60001E41900021C6B30010C0B300B8FE07004D
:107A70001E41780031C6B30010C0B300B4FE070049
:107A80000000EB00400798004E0090000080FA00D4
:107A9000000006000200FA00000F780012C0B300D8
:107AA000A1C5B30020C0B300A9FE070012C4B300F3
:107AB00021C3B30010C0B300A5FE07001E00E00004
:107AC00011003A0000C1EB0081C8B30010C0B30040
:107AD0009FFE070000C1EB0091C8B30010C0B300C7
:107AE0009BFE070082C0B300A1C8B30010C0B30062
:107AF00097FE070000C1EB00B1C8B30010C0B3008F
:107B000093FE07001000370002C2B30081C8B30023
:107B100010C0B3008EFE070002C8B30091C8B300C6
:107B200010C0B3008AFE070082C0B300A1C8B30032
:107B300010C0B30086FE070000C1EB00B1C8B3005F
:107B400010C0B30082FE07000080FA0000000600AB
:107B50000600FA00100798002107980001C9B30039
:107B60000040EB008BFE0700004F78001E009000E5
:107B70000000E0000300320000C8B3001E4F700098
:107B800002003700F0C7B3001E4F60002E009000C7
:107B90000000E0000300320000C4B3001E4F70007C
:107BA00002003700F0CBB3001E4F60001E4178008A
:107BB00001C9B3000040EB0065FE07000080FA0039
:107BC000000006000600FA00100798002107980040
:107BD00080C9B300004F78001E0090000000E00054
:107BE00001003A001E24A0002E0090000000E000DA
:107BF0000A003A001E04A0000041EB0051C5B3008A
:107C000020C0B30052FE07000041EB0061C5B30085
:107C100020C0B3004EFE07000800370082C0B3004A
:107C200051C5B30020C0B30049FE0700C2C0B30075
:107C300061C5B30020C0B30045FE07001E417800B7
:107C400041C0B30020C0B30041FE07000080FA002D
:107C5000000006000400FA00004F78001147980069
:107C6000224798001E41780041CAB30020C0B300EB
:107C700037FE07001E41900051CAB30020C0B30078
:107C800033FE07002E41900061CAB30020C0B3004C
:107C90002FFE07000080FA00000006000400FA0032
:107CA000008FBE001E00BE004808DE00010020005C
:107CB00000417800C1C2B30020C0B30024FE070019
:107CC0001E00BE004008DE000100200000417800D8
:107CD000D1C2B30020C0B3001DFE07001E00BE00CD
:107CE0004809DD004800DE0000007100C808DE0021
:107CF00000417800E1C2B30020C0B30014FE0700C9
:107D00001E00780000417800F1C2B30020C0B3002B
:107D10000FFE07000080FA00000006000400FA00D1
:107D2000004F78001147980022479800CE68020063
:107D3000010000002E4190009E4090001E407800FF
:107D40003C69020001000000D86802000100000048
:107D50000080FA00000006000400FA0020479800A6
:107D600031479800CE68020001000000BE4090003C
:107D70002E409000E268020001000000004F7800F1
:107D8000D8680200010000001E80FB000080FA009D
:107D9000000006000A00FA004047980031079800EA
:107DA000024F9800134F98000040EB0020479800C6
:107DB0000000EB00000F78004E00370010C0B30049
:107DC00020479800484302000100000080407800EE
:107DD0002E40900001406000204798004E409000E7
:107DE0009645020001000000804078002E4090007F
:107DF000014060002047980001C8B3000E48900081
:107E000000C070009645020001000000804078002C
:107E10002E409000014060002047980090430200EF
:107E200001000000804078002E409000014060007A
:107E3000204798004E4090000040E8009645020020
:107E400001000000804078002E409000014060005A
:107E5000204798000000EB00000F78001A00370060
:107E60009E0078003E00900000804000E644020042
:107E700001000000804078002E409000014060002A
:107E8000204798001E4890000080FB000000E90099
:107E90009E0F500006003A007C44020001000000E2
:107EA000AE40900000C060002047980005003700F9
:107EB0001244020001000000AE40900000C06000CB
:107EC000204798001E0FE8001E4890000080FB002D
:107ED0009E0F5000E2FF3E00D84302000100000068
:107EE0002E4090000004E00005003A00E442020049
:107EF000010000002E4090000004E000AFFF3200BF
:107F00002E4090000000FB000080FA0000000600F8
:107F10000000FA00CE68020001000000F2C9B300C0
:107F200001C2B300C0C3B3003C69020001000000FD
:107F300002C5B30051C2B300C0C3B3003C69020024
:107F400001000000F2CCB30001C2B30040CDB30089
:107F50003C6902000100000002C2B30011C2B3007C
:107F600040CDB3003C690200010000000041EB007D
:107F700031C2B30040CDB3003C69020001000000F3
:107F8000D8680200010000000080FA00000006002E
:107F90000200FA00000F7800CE6802000100000025
:107FA00063C0B30082C2B3009E007800C0C3B300B8
:107FB00078FF0700D8680200010000000080FA0086
:107FC000000006000C00FA003007980041079800F6
:107FD00052079800CE6802000100000063C0B300A1
:107FE00082C2B3008E007800C0C3B30069FF0700EF
:107FF000D8680200010000001E4090000080FB00D5
:10800000C800DD001E4078000080FB00808040003A
:108010003E009000010878003E4090000080FB0088
:10802000C800DD002E4090000080FB0080804000F2
:108030004E009000010878005E4090000080FB0038
:10804000C800DD004E4090000080FB0080804000B2
:108050005E009000010878000080FA000000060031
:108060000200FA00CE680200010000008E007800D5
:1080700023C0B30082C2B300C0C3B30045FF0700F2
:10808000D8680200010000001E4090000000FB00C4
:10809000C800DD001E4078000000FB0000804000AA
:1080A0000080FA00000006000200FA00CE6802001C
:1080B000010000008E00780023C0B300A2C2B3000C
:1080C000C0C3B30033FF0700D868020001000000FE
:1080D0001E4090000000FB00C800DD001E4078003C
:1080E0000000FB00008040000080FA000000060055
:1080F0000200FA00CE680200010000008E00780045
:1081000023C0B300C2C2B300C0C3B30021FF070045
:10811000D8680200010000001E4090000000FB0033
:10812000C800DD001E4078000000FB000080400019
:108130000080FA00000006000200FA00000F78003C
:10814000CE6802000100000063C0B30082C2B30029
:108150009E00780040CDB3000EFF0700D8680200F3
:10816000010000000080FA00000006000C00FA0088
:10817000300798004107980052079800CE68020027
:108180000100000063C0B30082C2B3008E0078001B
:1081900040CDB300FFFE0700D868020001000000D8
:1081A0001E4090000080FB00C800DD001E407800EB
:1081B0000080FB0080804000B02181008080500062
:1081C0003E009000010878003E4090000080FB00D7
:1081D000C800DD002E4090000080FB008080400041
:1081E000C0218100808050004E009000010878007E
:1081F0005E4090000080FB00C800DD004E40900013
:108200000080FB0080804000D021810080805000F1
:108210005E009000010878000080FA00000006006F
:108220000200FA00CE680200010000008E00780013
:1082300023C0B30082C2B30040CDB300D5FE070017
:10824000D8680200010000001E4090000000FB0002
:10825000C800DD001E4078000000FB008080400068
:10826000B0218100008050000080FA00000006006C
:108270000200FA00CE680200010000008E007800C3
:1082800023C0B300A2C2B30040CDB300C1FE0700BB
:10829000D8680200010000001E4090000000FB00B2
:1082A000C800DD001E4078000000FB008080400018
:1082B000C0218100008050000080FA00000006000C
:1082C0000200FA00CE680200010000008E00780073
:1082D00023C0B300C2C2B30040CDB300ADFE07005F
:1082E000D8680200010000001E4090000000FB0062
:1082F000C800DD001E4078000000FB0080804000C8
:10830000D0218100008050000080FA0000000600AB
:108310000000FA0061C2B30040CDB3008EFE07003A
:108320000000FB000080FA00000006004200FA0096
:1083300000279800E80047000000EB008008780064
:10834000E80047000000EB0090009800E8004700BC
:108350000000EB00A00098000000EB00000F780088
:108360000000EB00000F78002A0037000E80E800C4
:1083700071FF070068004700100178000E80E800D8
:10838000104090000080FB00C800DD000E80E80077
:10839000104078000080FB00008040008000410019
:1083A000680047000108780068004700100190004D
:1083B0000E80E800304090000080FB00C800DD0027
:1083C0000E80E800204090000080FB00008040000C
:1083D00080004100680047001100980068004700D5
:1083E000200190000E80E800504090000080FB00CB
:1083F000C800DD000E80E800404090000080FB00D7
:108400000080400080004100680047002100980083
:108410001E0FE8000E2090009E0F1000D3FF3500C5
:1084200068004700100078000E219000110009003C
:108430000200D800B02189006800470010009000B9
:108440000E219000110009000200D800C02189000F
:1084500068004700200090000E21900011000900E4
:108460000200D800D02189000080FA000000060038
:108470000200FA00000F78001E007800CF80DE00B6
:108480006A0302000000000092C22500F3C023002E
:108490007E040200000000000080FA0000000600D8
:1084A0000200FA00000F78001E007800CF80DE0086
:1084B0006A0302000000000072CF2C002371230029
:1084C0007E040200000000000080FA0000000600A8
:1084D0000000FA000000370006C2BF0061406000E3
:1084E0000004E000FCFF3A0006C2BF0064406000E8
:1084F0000004E000F8FF3A0006C2BF0068406000D8
:108500000004E000F4FF3A0006C2BF0070406000C3
:108510000004E000F0FF3A0009C2BF000044B200CE
:108520000004E000ECFF3A000080FA0000000600C2
:108530000400FA00600920002010880007E2A9006A
:1085400007E2A80085C0A90085A0A900B109200004
:108550009140780080CFB30000C060005040B3006D
:108560009BE0B7008DA0A90000712200010020004F
:10857000008FBE00040037000080EB008080EB001D
:108580001E0F40005E9748001E00BE00E00F500026
:10859000E08F5800F8FF3A00100020000080FA0039
:1085A000000006000000FA0007E2A90085C0A9004B
:1085B00085A0A9008DC0A9008DA0A90010002000F1
:1085C0000080FA00000006000400FA006000B80015
:1085D000008FBE0007E2A90085C0A90085A0A90000
:1085E0008DA0A9000000EB0040108800007122005F
:1085F00001002000008FBE00040037000080EB0067
:108600008080EB001E0F40005E9748001E00BE00F9
:10861000E00F5000E08F5800F8FF3A00C4FF070059
:108620000F0007000071220001002000008FBE0033
:10863000040037000080EB008080EB001E0F40003C
:108640005E9748001E00BE00E00F5000E08F58000B
:10865000F8FF3A00100020000080FA000000060039
:108660000000FA0085C0A9008DC0A80010002000FD
:108670000080FA00000006000000FA0085C0A90092
:108680008DC0A900100020000080FA000000060044
:108690000600FA00E140220010C0B30080487800D4
:1086A00008C2BF00704060000004E0001700320004
:1086B0000602A8000071220001002000008FBE0009
:1086C0000B003700E0402200104078000004E0007A
:1086D00003003A0010002000200798000D0037002A
:1086E0000080EB008080EB001E0F40005E9748008A
:1086F0001E00BE00E00F5000E08F5800F1FF3A006E
:108700008000EB0021079800020037000000EB001A
:10871000200798002E0090000080FA00000006005C
:108720000600FA00E140220060C0B30080487800F3
:1087300008C2BF00684060000004E000170032007B
:108740000622A8000071220001002000008FBE0058
:108750000B003700E0402200104078000004E000E9
:1087600003003A0010002000200798000D00370099
:108770000080EB008080EB001E0F40005E974800F9
:108780001E00BE00E00F5000E08F5800F1FF3A00DD
:108790008000EB0021079800020037000000EB008A
:1087A000200798002E0090000080FA0000000600CC
:1087B0000600FA00E140220050C0B3008048780073
:1087C0000642A8000071220001002000008FBE00B8
:1087D0000B003700E0402200104078000004E00069
:1087E00003003A0010002000200798000A0037001C
:1087F0000080EB008080EB001E0F40005E97480079
:108800001E00BE00E00F5000E08F5800F1FF3A005C
:108810008000EB00210798002E0090000080FA00F5
:10882000000006000600FA00E140220030C0B3005C
:108830008048780006C2BF00614060000004E0008C
:1088400010003A0006C2BF00644060000004E0006F
:108850000C003A0006C2BF00684060000004E0005F
:1088600008003A0006C2BF00704060000004E0004B
:1088700004003A0006C2BF00624060000004E0004D
:10888000030032000000EB002007980017003700BB
:1088900006A2A9000682A8000071220001002000A3
:1088A000008FBE000B003700E0402200104078002F
:1088B0000004E00003003A001100200021079800A6
:1088C0000A0037000080EB008080EB001E0F4000A4
:1088D0005E9748001E00BE00E00F5000E08F580079
:1088E000F1FF3A008000EB00210798002E00900075
:1088F0000080FA00000006000600FA00E1402200B5
:1089000030C0B3008048780006C2BF0061406000FC
:108910000004E00010003A0006C2BF00644060009E
:108920000004E0000C003A0006C2BF00684060008E
:108930000004E00008003A0006C2BF00704060007A
:108940000004E00004003A0006C2BF00624060007C
:108950000004E000030032000000EB002007980054
:108960001700370006A2A8000682A80000712200A6
:1089700001002000008FBE000B003700E040220005
:10898000104078000004E00003003A0011002000CD
:10899000210798000A0037000080EB008080EB0080
:1089A0001E0F40005E9748001E00BE00E00F500002
:1089B000E08F5800F1FF3A008000EB00210798009B
:1089C0002E0090000080FA00000006000A00FA0065
:1089D0003007980000712200010020001007980065
:1089E000210798000040EB00004F7800E140220092
:1089F00040C0B300804878000071220001002000D0
:108A000010079800210798001D00370006C2BF001C
:108A1000614060000004E00013003A0006C2BF009D
:108A2000644060000004E0000F003A0006C2BF008E
:108A3000684060000004E0000B003A0006C2BF007E
:108A4000704060000004E00007003A0009C2BF0067
:108A50000044B2000004E00003003A0010C0B3007C
:108A6000004F78000B0037001E009000AE00900011
:108A700061005000E080580010079800210798001E
:108A80001E009000AE009000E00F5000E08F5800F4
:108A9000DEFF3A001E04E00003003A000000EB0095
:108AA000400798001E0037000662A800006A2800F0
:108AB00011002000100798002107980011003700CE
:108AC000E0402200104078000004E00007003A0077
:108AD00000108000804078003E009000014878003F
:108AE00010002000400798000D0037001E00900085
:108AF000AE00900061005000E08058001007980020
:108B0000210798001E009000AE009000E00F50007A
:108B1000E08F5800EAFF3A000000EB0040079800A1
:108B20004E0090000080FA00000006000800FA00E5
:108B300040479800E140220020C0B3008048780000
:108B40004E4090000000FB001010880000712200D1
:108B500001002000008FBE000B003700E040220023
:108B6000104078000004E00003003A0010002000EC
:108B7000300798000A0037000080EB008080EB008F
:108B80001E0F40005E9748001E00BE00E00F500020
:108B9000E08F5800F1FF3A008000EB0031079800A9
:108BA0003E0090000080FA0000000600809FBE009A
:108BB0003400F80000002000A00188000000FA0046
:108BC00085C0A900E14022000040EB008048780009
:108BD0000080FA003400F9004F00BE00004006009B
:108BE0001400FA006000B800400798005107980090
:108BF0006000B80020079800310798006000B800B6
:108C0000008FBE000000EB00100F98003A00370004
:108C10000000EB00BC18020001000000000F9800EB
:108C200010002000BC18020001000000700798002E
:108C300020002000BC18020001000000600798001E
:108C40000E0890006101B9004E009000DE00900017
:108C500000004100818049004007980051079800BA
:108C60007E0090006101B9002E009000BE009000CF
:108C700000004100818049002007980031079800DA
:108C80006E009000CF80DE001E0F40005E9748000F
:108C90006E009000801F78007E019000821F780097
:108CA0000E089000801F780080542B00801F7800F1
:108CB000808A20008E13020000000000E887570021
:108CC000808A20006211020000000000800078000D
:108CD000808A2000A06C02000100000080BB200000
:108CE00001002000A6650200010000001E0890009F
:108CF0000000E800100F98001E089000FF0F5000C1
:108D0000C3FF34004E009000DE0090004B09DD00F0
:108D10004500DE0000007100C588DE0020218900CA
:108D20002E009000BE0090004B09DD004500DE00E3
:108D300000007100C588DE00302189001E00BE00E1
:108D40004B09DD004500DE0000007100C588DE0033
:108D50008000780080D12F000080400040218900F1
:108D60000080FA00000006001800FA00889FBE008C
:108D70008A9FBE00DE6D020001000000110020008D
:108D800080002000061102000100000094FF07008F
:108D9000402181003121810022218100801F780043
:108DA000811F7800821F780050552B00801F7800AB
:108DB000808A20008E13020000000000E887570020
:108DC000808A20006211020000000000800078000C
:108DD000808A2000A06C0200010000008000EB00EF
:108DE0008000200006110200010000000000EB00DE
:108DF00040079800803E20000100200050079800A6
:108E000061079800000037000000EB00BC1802006A
:108E100001000000300F980010002000BC18020074
:108E200001000000200F980020002000BC18020064
:108E300001000000100F9800212181003E089000E1
:108E400001005000300F9800312181002E08900061
:108E500001005000200F9800412181001E08900061
:108E600001005000100F98001E0890000000E00064
:108E700006003D009E08900080DA2F00808F500091
:108E8000020034000000EB00100F98003E08900034
:108E90006103B9003E0890006102B90086007800C5
:108EA00004007800000DB80005B0B9000B0178008F
:108EB0000001410007A0B9000001410082057800CF
:108EC0002E0890006104B9002E0890006103B900DB
:108ED0008800780006007800000AB80007C0B900D2
:108EE000050178000001410009B0B900000141000E
:108EF000820278000A0542008B854A001E08900015
:108F00006104B9001E0890006103B9008800780070
:108F100006007800000AB80007C0B9000501780013
:108F20000001410009B0B90000014100820278004F
:108F30000A0042008B804A0070079800010F9800D9
:108F40005E009000EE009000C289DE004E0ADD0057
:108F50004201DE00020172007E0090008E08900047
:108F60000200400083804800500798006107980085
:108F7000504480000000E0000C003A004E009000D9
:108F80000000E000090032000000EB0040079800FC
:108F90008000EB00800020000611020001000000AC
:108FA0000000EB00BE130200010000005E01900013
:108FB000EE019000703E200001002000800F510063
:108FC000818F59002F003C004E009000E10F5000AF
:108FD0008DFF320010002000400798001000200094
:108FE00040448800504480000000E000FDFF3A004B
:108FF0007E0090008E089000809FBE009E0890002A
:10900000811F78002E0A9000841F78003E0890008F
:10901000801F78005E009000EE009000809FBE00F0
:1090200060572B00801F7800808A20008E1302007A
:1090300000000000F0875700808A200062110200C3
:109040000000000080007800808A2000A06C0200F0
:109050000100000001F5210040B12200FC6D02007A
:109060000100000010002000BE13020001000000FB
:109070008000EB00800020000611020001000000CB
:1090800061FF37005E019000EE019000009020002B
:10909000D1032000800F5100818F59005AFF340006
:1090A0004E009000E20F500057FF320020002000D9
:1090B0004007980010002000404488005044800081
:1090C0000000E000FDFF3A007E0090008E08900056
:1090D000809FBE009E089000811F78002E0A90009D
:1090E000841F78003E089000801F78005E0090008A
:1090F000EE009000809FBE00E0592B00801F78009A
:10910000808A20008E13020000000000F0875700C4
:10911000808A2000621102000000000080007800B8
:10912000808A2000A06C0200010000003E08900030
:10913000630F60001E00E00005003A00018420007B
:109140000000EB00FC6D0200010000000C00370085
:10915000110020009E8F100005003A00016E2000D3
:1091600040842000FC6D0200010000000400370074
:1091700041D5200060F22000FC6D020001000000DB
:109180000000EB00BE130200010000003E0890004A
:10919000CF80DE006A030200000000000004BE0071
:1091A0002E089000CF80DE006A030200000000005D
:1091B0000801BE00C0030200000000001007980074
:1091C000210798003E089000CF80DE006A0302006D
:1091D000000000000004BE002E089000CF80DE00DA
:1091E0006A030200000000000801BE00C003020084
:1091F00000000000B2FD200093042400FA030200E6
:109200000000000002002000030824007E04020089
:1092100000000000B2FD200093FC2300E8040200DF
:1092200000000000B2FD200093EC2300E8040200DF
:1092300000000000A205020000000000B2050200CC
:109240000000000030079800030037003E00900047
:1092500068005000300798003E009000E80F500072
:10926000FAFF3C00030037003E0090006800400019
:10927000300798003E0090000000E000FAFF350043
:109280003E029000841F78001E009000AE00900007
:10929000809FBE00AE089000811F78003E0A9000BB
:1092A000841F7800205C2B00801F7800808A2000BB
:1092B0008E13020000000000EC875700808A200017
:1092C000621102000000000080007800808A200007
:1092D000A06C0200010000003E0090001100200080
:1092E0000611020001000000C7FE37000400FA006A
:1092F000701F81000000E00020003200111F81007B
:1093000080DA2F00808F50001C003500111F810073
:1093100080252000808F500018003C00D602A90054
:10932000D622A900D642A900D662A9000000EB000F
:10933000701F8900101F810000017800120798003B
:109340001E0190000200E00003003D001E0190009D
:109350000201EA0012079800007122001E0190002D
:10936000110009000200D800EF005000801A200010
:10937000725E0200010000004E003700101F8100E5
:109380000000E0000C003400501F81000000E800E5
:10939000501F8900301F81000000E900301F890044
:1093A000301F81000000E0000E003D003000200072
:1093B000301F89000B003700501F81000000E900BA
:1093C000501F8900301F81000000E800301F890015
:1093D000301F8100E30F5000020034000000EB005A
:1093E000301F8900301F8100000F78001E017800B7
:1093F000E10F5100130032001E007800E10F500011
:1094000004003C001E0178000200E0000800320069
:109410001A0037001E007800E20F50000E003200E4
:109420001E017800E30F51001000320013003700D6
:10943000D602A900D622A800D642A900D662A8006A
:109440000E003700D602A900D622A800D642A800F6
:10945000D662A90009003700D602A800D622A900CA
:10946000D642A800D662A90004003700D602A800A0
:10947000D622A900D642A900D662A800111F8100F9
:1094800080DA2F00808F50000A003500111F810004
:1094900080252000808F500006003C001000200036
:1094A000701F8900F1002000801A2000725E020007
:1094B000010000000080FA00000006000400FA002D
:1094C000801F81000000E00020003200211F810089
:1094D00080DA2F00808F50001C003500211F810092
:1094E00080252000808F500018003C00D682A90003
:1094F000D6A2A900D6C2A900D6E2A9000000EB00BE
:10950000801F8900201F8100000178001207980049
:109510001E0190000200E00003003D001E019000CB
:109520000201EA0012079800007122001E0190005B
:10953000110009000200D800EF005000C01A2000FE
:10954000725E0200010000004E003700201F810003
:109550000000E0000C003D00601F81000000E900F9
:10956000601F8900401F81000000E900401F890042
:10957000401F81000000E0000E003D003000200090
:10958000401F89000B003700601F81000000E800C9
:10959000601F8900401F81000000E800401F890013
:1095A000401F8100E30F5000020034000000EB0078
:1095B000401F8900401F8100000F78001E017800C5
:1095C000E10F5100130032001E007800E10F50003F
:1095D00004003C001E0178000200E0000800320098
:1095E0001A0037001E007800E20F50000E00320013
:1095F0001E017800E30F5100100032001300370005
:10960000D682A900D6A2A800D6C2A900D6E2A80098
:109610000E003700D682A900D6A2A800D6C2A800A4
:10962000D6E2A90009003700D682A800D6A2A90078
:10963000D6C2A800D6E2A90004003700D682A8004E
:10964000D6A2A900D6C2A900D6E2A800211F810097
:1096500080DA2F00808F50000A003500211F810022
:1096600080252000808F500006003C001000200064
:10967000801F8900F1002000C01A2000725E0200E5
:10968000010000000080FA00000006000000FA005F
:109690008000EB00801A2000BC5D02000100000089
:1096A0008000EB00C01A2000BC5D02000100000039
:1096B0000080FA00000006000200FA00000F7800A7
:1096C0001E00E0000B003A000000EB00101F8900B4
:1096D0008000EB00801A2000725E02000100000092
:1096E000D602A900D622A900D642A900D662A900B6
:1096F0003100370080C12F009E0F10000B003D008D
:1097000080C12F00101F8900121F8100008F2D00C3
:10971000110009000200D80080007800801A2000A3
:10972000725E02000100000023003700803E20002E
:109730009E0F10000B003400803E2000101F890097
:10974000121F810000712200110009000200D800E0
:1097500080007800801A2000725E02000100000084
:10976000150037001E007800101F89001E00E00061
:1097700009003D00008F2D001E0178001100090036
:109780000200D80080007800801A2000725E02007B
:109790000100000008003700007122001E0178005F
:1097A000110009000200D80080007800801A200013
:1097B000725E0200010000000080FA000000060056
:1097C0000200FA00000F78001E00E0000B003A00D3
:1097D0000000EB00201F89008000EB00C01A200071
:1097E000725E020001000000D682A900D6A2A90084
:1097F000D6C2A900D6E2A9003100370080C12F00EF
:109800009E0F10000B003D0080C12F00201F89001B
:10981000221F8100008F2D00110009000200D800D6
:1098200080007800C01A2000725E02000100000073
:1098300023003700803E20009E0F10000B003400F4
:10984000803E2000201F8900221F8100007122001D
:10985000110009000200D80080007800C01A200022
:10986000725E020001000000150037001E00780043
:10987000201F89001E00E00009003D00008F2D0020
:109880001E017800110009000200D8008000780055
:10989000C01A2000725E02000100000008003700BC
:1098A000007122001E017800110009000200D8009A
:1098B00080007800C01A2000725E020001000000E3
:1098C0000080FA00000006000800FA00000F78008F
:1098D000110798001E007800300798003E019000A4
:1098E0000200E00003003D003E0090000000EA009E
:1098F000300798001E019000220798002E0090006B
:109900000000E00003003D002E0190000201EA008B
:10991000220798003E0090002E0190008200400037
:10992000803E2000808F500006003C001E0090000A
:109930001E00100060FF07001E0090001E00400087
:109940009FFF07000080FA00000006000000FA00F8
:10995000501F81000080FA00000006000200FA009B
:10996000000F78001E007800501F89000080FA0068
:10997000000006000000FA00601F81000080FA006D
:10998000000006000200FA00000F78001E007800B8
:10999000601F89000080FA00000006002400FA0021
:1099A000889FBE008A1F78000000EB001007980017
:1099B000090037001E009000E40047004200DD006F
:1099C000010140006000B8000089BE001E00900048
:1099D0000000E800100798001E009000E70F5000FC
:1099E000F4FF34000000EB00000F78001E00370089
:1099F0000000EB0010079800130037001E059000D0
:109A00001E009000E40047004200DD00010040001D
:109A10001004BE001E00900010650200010000004E
:109A2000CF80DE000801400089814800E400470043
:109A30004250DD00010040000288BE001E00900080
:109A40000000E800100798001E009000E70F50008B
:109A5000EAFF34000071220001002000A665020028
:109A6000010000001E0FE800F00120009E0F100012
:109A7000DFFF34000000EB001007980025003700DE
:109A80009E0190001E009000E40047004200DD00AF
:109A9000010040001000BE004B09DD004500DE0063
:109AA00000007100C588DE0000017800838041005D
:109AB000203D220000804000020878001E00900037
:109AC00080004000203D220000804000100078000F
:109AD000801F7800E0682B00801F7800808A2000BB
:109AE0008E13020000000000E4875700808A2000E7
:109AF000621102000000000080007800808A2000CF
:109B0000A06C0200010000001E0090000000E800B0
:109B1000100798001E009000E70F5000D8FF340097
:109B2000808A200031692B00130009003158780029
:109B3000808A20006211020000000000800078008E
:109B4000808A2000A06C020001000000006A28004A
:109B500011002000A6650200010000004F057800FA
:109B60004F04BE000080FA00000006000000FA006A
:109B7000E6C2BF000080FB004600DE0061406000DE
:109B80000081FB00E7C2BF000080FB000000D100A5
:109B9000614060000080FB00000040008000780011
:109BA000E7C2BF00614060000080FB000080400011
:109BB0000000400080007800E6C2BF000080FB008B
:109BC0004700DE000080FB000080400000004000F5
:109BD000000041000080FA00000006000400FA00C6
:109BE000881F7800100798000000EB00000F780035
:109BF000110037001E00780000004000800078004F
:109C00001E009000008440001E00780010650200D5
:109C100001000000000178001E0078008000400074
:109C2000203D22000080400010007800000051001C
:109C3000000C78001E0FE800700020009E0F10003E
:109C4000ECFF36004F0478000080FA0000000600A8
:109C50000400FA00000F78001107980000CE2F00D2
:109C60009E0F100002003D0000CE2F00000F780074
:109C7000003220009E0F100002003400003220004D
:109C8000000F78009E00900000CE2F00808F5000C3
:109C900002003D0000CE2F00100798009E009000AB
:109CA00000322000808F500002003400003220007B
:109CB000100798001E0078005C4B020001000000B5
:109CC0001E009000E04B0200010000000080FA003E
:109CD000000006001A00FA001668020001000000E9
:109CE000464B0200010000002CFF07000000EB00C3
:109CF000000F78006A004700B8FF07000000EB0083
:109D00001007980099FF0700610060000004E00060
:109D10003E0032008000EB006000200006110200CF
:109D200001000000110020002000200006110200A8
:109D3000010000000000EB00200798000A00370037
:109D40002E009000EA00470000004000E08078000C
:109D500020032000808F500006003C002E00900061
:109D60000000E800200798002E009000E70F500048
:109D7000F3FF34002E009000E80F500003003A007B
:109D800010002000100798005D00370060FF2F00D2
:109D9000001C890060FF2F00701C8900A0002000BB
:109DA000801C8900A0002000F01C89006A00470088
:109DB000A0009000C0122000808F5000500034009E
:109DC0006A0047009000900080F32F0080804000E0
:109DD0006A004700110098006A004700A000900048
:109DE00080DA2F00808040006A0047002100980040
:109DF0006A004700B0009000C0F92F00808040004A
:109E00006A004700310098003D0037001100200033
:109E10006000200006110200010000008000EB003D
:109E20002000200006110200010000000000EB00ED
:109E3000200798000A0037002E009000EA00470033
:109E400000004000E080780020032000808F500058
:109E500006003C002E0090000000E800200798005B
:109E60002E009000E70F5000F3FF34002E0090000A
:109E7000E80F500003003A0010002000100798007F
:109E80001F003700A0002000001C8900A000200057
:109E9000701C890060FF2F00801C890060FF2F006C
:109EA000F01C89006A004700D0009000C01220001A
:109EB000808F5000120034006A004700C0009000FC
:109EC000C0F92F00808040006A00470041009800E0
:109ED0006A004700D000900080DA2F0080804000A8
:109EE0006A004700510098006A004700E0009000B7
:109EF00080F32F00808040006A00470061009800D6
:109F0000800C200040079800800C2000300798004B
:109F10001E0090000000E00027003A000000EB0067
:109F200020079800210037002E009000800040009C
:109F30000038220000804000100178002E009000C0
:109F4000EA00470000004000608078004480DE00A6
:109F50000090B900800078004E00900001004000A1
:109F6000400798002E009000800040000039220039
:109F700000804000100178002E009000EA004700A9
:109F800000004000608078004480DE000090B9004E
:109F9000800078003E0090000100400030079800EB
:109FA0002E0090000000E800200798002E0090008E
:109FB000E70F5000DCFF3400BE0090004E00900020
:109FC00023FF070080A9230001002000A6650200EE
:109FD0000100000047FF37001200FA00000F780070
:109FE000110798002207980033079800440798004B
:109FF000550798006607980060228100000F9800BE
:10A00000000326008E089000808F5000140032005C
:10A01000000328008E089000808F50001B00320043
:10A02000000323008E089000808F50000100320052
:10A03000210037006E039000DE0290004E02900077
:10A04000BE0190002E0190009E0090001E0078003E
:10A05000065B02000100000070079800180037003E
:10A060006E039000DE0290004E029000BE01900050
:10A070002E0190009E0090001E0078008655020080
:10A0800001000000700798000D0037006E0390007B
:10A09000DE0290004E029000BE0190002E01900062
:10A0A0009E0090001E00780046580200010000004B
:10A0B0007007980002003700B00020007007980079
:10A0C0007E0090000080FA00000006000600FA0002
:10A0D000000F780011079800602281002007980087
:10A0E00000032600AE009000808F50000E0032006A
:10A0F00000032800AE009000808F50000F00320057
:10A1000000032300AE009000808F50000100320059
:10A110000E0037009E0090001E00780086F90200B5
:10A1200000000000090037009E0090001E0078002B
:10A13000A83D020001000000040037009E009000CE
:10A140001E0078007A350200010000000080FA004D
:10A15000000006000000FA006122810000032300D5
:10A16000808F5000010032000200370030F70200FB
:10A17000000000000080FA00000006000400FA0061
:10A180001668020001000000BA6802000100000029
:10A19000D1A2A90040062000100798000400370053
:10A1A000000000001E0090000000E9001007980069
:10A1B0001E0090000000E000F9FF3A00D1A2A800C4
:10A1C000400620001007980004003700000000003F
:10A1D0001E0090000000E900100798001E0090008B
:10A1E0000000E000F9FF3A0081E0A900F1048000DE
:10A1F000F0002F008080600000662000008040009A
:10A20000F00488008040EB00C0CDB300E26802009B
:10A21000010000001047980011C0B300C0CDB3008A
:10A22000E268020001000000004F78001E4090002C
:10A230000080FB00C800DD001E80FB000080700075
:10A24000602289006122810000032300808F50007A
:10A2500004003A008000EB000000EB009BFF0700C9
:10A26000110037006122810000032600808F50001A
:10A2700004003A00110020001000200093FF0700A6
:10A28000090037006122810000032800808F500000
:10A2900005003A008000EB000000EB008BFF070098
:10A2A0001C33020001000000AAFF070060228100A9
:10A2B0000080FA00000006000800FA00200798005D
:10A2C0003107980032C0BF000080FB00000F78000B
:10A2D0002E00900032E0B7003E0090001000BA005F
:10A2E000100798001E00780032E0B7001E009000B2
:10A2F0000080FA00000006000600FA0060228100DB
:10A300002007980000032600AE009000808F5000C8
:10A310002100320000032800AE009000808F500022
:10A320002000320000032300AE009000808F500018
:10A33000010032001E003700E1FF2F00F00720006F
:10A34000DDFF070063006000100798001E0090000A
:10A35000E20F50000A0032009E009000E38F500090
:10A360000A0032001E009000E10F50000100320090
:10A370000900370011002000010F78000E0037009F
:10A3800020002000000F78000B0037008000EB0059
:10A39000010F78000800370010002000000F78003F
:10A3A0000500370011002000010F7800020037007F
:10A3B0000080EB00000F78001E0078000080FA009B
:10A3C000000006000600FA00000F78001107980050
:10A3D000602281002007980000032600AE00900054
:10A3E000808F50000E00320000032800AE00900065
:10A3F000808F50000F00320000032300AE00900059
:10A40000808F5000010032000E0037009E00900047
:10A410001E00780004FE0200000000000900370062
:10A420009E0090001E007800E23D02000100000046
:10A43000040037009E0090001E007800B435020032
:10A44000010000000080FA00000006000600FA008B
:10A45000004F780011479800224798006022810041
:10A460002007980000032600AE009000808F500067
:10A470001100320000032800AE009000808F5000D1
:10A480001300320000032300AE009000808F5000C4
:10A4900001003200130037002E4290009E419000D0
:10A4A0001E4190009E40780080C2B3004EFA020028
:10A4B000000000000B0037002E4190009E409000ED
:10A4C0001E4078002A3E020001000000050037000F
:10A4D0002E4190009E4090001E407800FC35020006
:10A4E000010000000080FA00000006000600FA00EB
:10A4F000008FBE0060228100200798000003260024
:10A50000AE009000808F50000D0032000003280044
:10A51000AE009000808F50000D0032000003230039
:10A52000AE009000808F5000010032000B00370019
:10A530001E00BE00A4FC020000000000070037005F
:10A540001E00BE004E3E0200010000000300370066
:10A550001E00BE0020360200010000000080FA004C
:10A56000000006000000FA00602281000080FA006E
:10A57000000006000600FA00889FBE008A9FBE0009
:10A580000000EB00101889004D0037001018810002
:10A59000413022004200DD00010140006000B800AF
:10A5A0000089BE000000EB00001889001C00370085
:10A5B0001B18810010188100413022004200DD008C
:10A5C000010040001004BE00101881000118810035
:10A5D0004300DD000100400080004000E02D22002B
:10A5E0000080400010057800001881003E650200E0
:10A5F0000100000000D0B900CF80DE00080140005B
:10A6000089814800413022004258DD0001004000AD
:10A610000288BE00001881000000E80000188900D0
:10A6200000188100E70F5000E1FF3400101881008E
:10A63000000F780010188100413022004200DD0038
:10A64000010040001000BE0010079800210798008C
:10A650001E019000AE019000E00F5100E08F590004
:10A6600006003D001E009000AE0090006300400018
:10A67000E080480010079800210798001E01900014
:10A68000AE0190004E1ADD004210DE0000007200A4
:10A69000C298DE0062222000000141001E00780006
:10A6A0001E00780080004000C03022000080400082
:10A6B00002087800101881000000E80010188900D6
:10A6C00010188100E10F5000B0FF340071188100B4
:10A6D00010032000808F500012003C007118810090
:10A6E000E0FC2F00808F50000E00340061188100C4
:10A6F00010032000808F50000A003C006118810088
:10A70000E0FC2F00808F500006003400701881009C
:10A710007400B90070188900601881007400B900D5
:10A720006018890071188100803E2000808F5000E1
:10A7300003003400803E20007018890006003700B6
:10A740007118810080C12F00808F500002003D00F1
:10A7500080C12F007018890061188100803E2000A0
:10A76000808F500003003400803E20006018890074
:10A77000060037006118810080C12F00808F5000D3
:10A7800002003D0080C12F00601889007018810010
:10A790005C4B02000100000060188100E04B0200E9
:10A7A000010000004F05BE004F04BE000080FA000B
:10A7B000000006001000FA00889FBE008A9FBE00BD
:10A7C0006007980071079800400620005007980025
:10A7D000D0CC2C00C1D4230030079800410798004A
:10A7E0003000200020079800DE0090006E009000EE
:10A7F0000080500010079800E0158100CF80DE0037
:10A800006A030200000000000005BE001E00900068
:10A81000CF80DE006A030200000000003E019000CD
:10A82000CE0190007E040200000000000004BE0083
:10A830002E009000CF80DE006A03020000000000BE
:10A840000001BE000800BE00FA0302000000000084
:10A850000001BE000A00BE00E80402000000000083
:10A86000B205020000000000E0158900E11581003A
:10A870001E009000808040007E0090000088B9009B
:10A88000000F7800703E20009E0F10001100340071
:10A89000703E20007E019000110009000200D800E7
:10A8A000800078001E00900000805000E0158900B4
:10A8B000E1158100C0032000808F500002003400A9
:10A8C000C0032000E0158900703E2000000F7800D2
:10A8D0001200370080C12F009E0F10000F003C00B7
:10A8E00090C12F007E019000110009000200D800E5
:10A8F000800078001E00900000804000E015890074
:10A90000E0158100EA0F400002003D0060FF2F00CB
:10A91000E015890090C12F00000F78001E0078001C
:10A920004F05BE004F04BE000080FA000000060084
:10A930000A00FA0030079800410798000000EB0079
:10A94000200798000000EB0010079800AE00900070
:10A950003E009000008F50009E0078004E00900056
:10A960000088B900100798009E009000703E2000FB
:10A97000808F500003003400703E200010079800C4
:10A98000060037009E00900080C12F00808F50008D
:10A9900002003C0090C12F00100798001E0090009C
:10A9A0000080FA00000006000400FA00889FBE0044
:10A9B000700020003E6502000100000000047800E5
:10A9C0000000EB003E6502000100000000004400B2
:10A9D00022002000110009000200D80061002000C0
:10A9E00074FF0700100798000000EB003E650200AE
:10A9F0000100000000047800100020003E65020005
:10AA00000100000080044400700020003E65020048
:10AA10000100000000047800600020003E65020094
:10AA200001000000000044000080540041002000AC
:10AA3000BFFF0700000F78001E0090001E005000AE
:10AA40005C4B0200010000001E0090001E00400050
:10AA5000E04B0200010000004F04BE000080FA003D
:10AA6000000006000000FA00166802000100000065
:10AA7000464B0200010000000040EB005E20020097
:10AA8000010000003A64020001000000419C200027
:10AA900000192000BC5D020001000000A128200078
:10AAA00040192000BC5D020001000000925D020020
:10AAB00001000000FFFF37000000FA0016680200E6
:10AAC00001000000464B0200010000000040EB00C6
:10AAD0005E200200010000003A6402000100000054
:10AAE0004138200080192000BC5D020001000000F8
:10AAF000A1282000C0192000BC5D02000100000058
:10AB0000925D020001000000FFFF37002400FA0000
:10AB1000000F9800110F9800220F9800330F980033
:10AB2000440F9800550F9800660F98000E0890008B
:10AB300070004000000F98001E0890006800400060
:10AB4000100F98005E0890000000E0000300320043
:10AB50004E0890000000E00003003A000080EB0087
:10AB6000700F98002A0137008E0890002E08900080
:10AB700080804000002D2000808F500003003600B0
:10AB80008080EB00710F9800210137009E08900033
:10AB90003E08900080804000801E2000808F500082
:10ABA000030036000080EB00700F9800180137009A
:10ABB0002E0890004E099000110009000280D80074
:10ABC0008000FD000000E000030032008080EB0008
:10ABD000710F98000E0137003E0890005E0990004A
:10ABE000110009000280D8008000FD000000E00094
:10ABF000030032000080EB00700F98000401370062
:10AC00005E089000630060000000E00039003A0038
:10AC10004E089000630060000000E00011003A0060
:10AC200000082000000F7800400020001007980066
:10AC30005E0890004200DE00300798004E08900049
:10AC40004200DE00200798001E08900064005000BB
:10AC5000100F98000E08900064005000000F98003C
:10AC60005A0037004E089000610060000000E000CC
:10AC700011003A0000042000000F7800200020009E
:10AC8000100798005E0890000000D100300798007F
:10AC90004E0890000000D100200798001E08900088
:10ACA0000080E900100F98000E0890000080E90075
:10ACB000000F98004500370000022000000F7800C8
:10ACC0001000200010079800DE089000310798005F
:10ACD0004E089000200798001E0890000000E90030
:10ACE000100F98000E0890000000E900000F980077
:10ACF000360037005E089000610060000000E00050
:10AD000024003A004E089000610060000000E0005E
:10AD100011003A0000042000000F780020002000FD
:10AD2000100798005E0890000000D10030079800DE
:10AD30004E0890000000D100200798001E089000E7
:10AD40000080E900100F98000E0890000080E900D4
:10AD5000000F98001D00370000022000000F78004F
:10AD60001000200010079800DE08900031079800BE
:10AD70004E089000200798001E0890000000E9008F
:10AD8000100F98000E0890000000E900000F9800D6
:10AD90000E0037001000200010079800000220006D
:10ADA000000F7800CE089000210798005E08900000
:10ADB000300798001E0890000000E900100F98006E
:10ADC0000E0890000000E900000F98002E0090008F
:10ADD0000000E900600798003E0090000000E900D4
:10ADE000700798002E0890004E099000110009008D
:10ADF0000280D800500798003E0890005E0990003D
:10AE0000110009000280D80040079800102D200092
:10AE10001E019000110009000200D8008000780097
:10AE20001E0190000E089000811F7800110009009B
:10AE30000280D80001017800CF007800883C020031
:10AE4000010000000000E000030032008080EB0001
:10AE5000710F98006E003700901E20001E019000B8
:10AE6000110009000200D800800078001E01900047
:10AE70001E089000811F7800110009000280D80090
:10AE800001017800CF007800DE3C020001000000E4
:10AE90000000E000030032000080EB00700F98001B
:10AEA0005B003700811E20001E089000EA3C020073
:10AEB000010000000000E000030032008080EB0091
:10AEC000710F9800520037006E0890000000E000FB
:10AED0001B003A001E0078000017980000042000B4
:10AEE0008E109000808F50000D003200000820006E
:10AEF0008E109000808F50000D0032000002200064
:10AF00008E109000808F5000010032002600370024
:10AF100000C9B300EC3A0200010000002200370033
:10AF200000C5B300EC3A0200010000001E0037002B
:10AF300000C1B300EC3A0200010000001A00370023
:10AF40001E00780010179800000420009E1090004A
:10AF5000808F50000D003200000820009E109000ED
:10AF6000808F50000D003200000220009E109000E3
:10AF7000808F5000010032000B00370000CBB3007F
:10AF8000EC3A0200010000000700370000C9B300DE
:10AF9000EC3A0200010000000300370000C5B300D6
:10AFA000EC3A0200010000001E00780080407800AA
:10AFB0006E089000303C0200010000000000E0003C
:10AFC000030032000080EB00700F98001000370083
:10AFD0006E08900011000700000178007E029000CA
:10AFE000EE019000DE0090004E00900042670200EB
:10AFF000010000000000E000030032008080EB0050
:10B00000710F9800020037000000EB00700F9800ED
:10B010007E0890000080FA00000006000600FA009A
:10B02000000F78001E007800200798002E00900086
:10B03000E10F50000A0032002E009000E20F500095
:10B040000A0032002E0090000000E00001003200F3
:10B050000900370010002000100798000800370092
:10B060002000200010079800050037002000200075
:10B070001007980002003700100020001007980009
:10B080001E0090000080FA00000006002400FA0074
:10B09000000F9800110F9800220F9800330F9800AE
:10B0A000440F9800550F9800660F98000E08900006
:10B0B00064004000000F98001E08900064004000EB
:10B0C000100F98005E0890000000E00003003200BE
:10B0D0004E0890000000E00003003A00100020003D
:10B0E000700F98002A0137008E0890002E089000FB
:10B0F00080804000402C2000808F500003003600EC
:10B1000021002000710F9800210137009E08900057
:10B110003E08900080804000401E2000808F50003C
:10B120000300360030002000700F9800180137002F
:10B130002E0890004E099000110009000280D800EE
:10B140008000FD000000E00003003200410020000C
:10B15000710F98000E0137003E0890005E099000C4
:10B16000110009000280D8008000FD000000E0000E
:10B170000300320050002000700F980004013700D7
:10B180005E089000630060000000E00039003A00B3
:10B190004E089000630060000000E00011003A00DB
:10B1A00000082000000F78004000200010079800E1
:10B1B0005E0890004200DE00300798004E089000C4
:10B1C0004200DE00200798001E0890006400500036
:10B1D000100F98000E08900064005000000F9800B7
:10B1E0005A0037004E089000610060000000E00047
:10B1F00011003A0000042000000F78002000200019
:10B20000100798005E0890000000D10030079800F9
:10B210004E0890000000D100200798001E08900002
:10B220000080E900100F98000E0890000080E900EF
:10B23000000F98004500370000022000000F780042
:10B240001000200010079800DE08900031079800D9
:10B250004E089000200798001E0890000000E900AA
:10B26000100F98000E0890000000E900000F9800F1
:10B27000360037005E089000610060000000E000CA
:10B2800024003A004E089000610060000000E000D9
:10B2900011003A0000042000000F78002000200078
:10B2A000100798005E0890000000D1003007980059
:10B2B0004E0890000000D100200798001E08900062
:10B2C0000080E900100F98000E0890000080E9004F
:10B2D000000F98001D00370000022000000F7800CA
:10B2E0001000200010079800DE0890003107980039
:10B2F0004E089000200798001E0890000000E9000A
:10B30000100F98000E0890000000E900000F980050
:10B310000E003700100020001007980000022000E7
:10B32000000F7800CE089000210798005E0890007A
:10B33000300798001E0890000000E900100F9800E8
:10B340000E0890000000E900000F98002E00900009
:10B350000000E900600798003E0090000000E9004E
:10B36000700798002E0890004E0990001100090007
:10B370000280D800500798003E0890005E099000B7
:10B38000110009000280D80040079800502C2000CE
:10B390001E019000110009000200D8008000780012
:10B3A0001E0190000E089000811F78001100090016
:10B3B0000280D80001017800CF0078009C340200A0
:10B3C000010000000000E0000300320061002000E6
:10B3D000710F98006E003700501E20001E01900073
:10B3E000110009000200D800800078001E019000C2
:10B3F0001E089000811F7800110009000280D8000B
:10B4000001017800CF007800F23402000100000052
:10B410000000E0000300320070002000700F980070
:10B420005B003700411E20001E089000FE34020021
:10B43000010000000000E000030032008100200055
:10B44000710F9800520037006E0890000000E00075
:10B450001B003A001E00780000179800000420002E
:10B460008E109000808F50000D00320000082000E8
:10B470008E109000808F50000D00320000022000DE
:10B480008E109000808F500001003200260037009F
:10B4900040C0B3003033020001000000220037003A
:10B4A00020C0B30030330200010000001E0037004E
:10B4B0000040EB0030330200010000001A003700AA
:10B4C0001E00780010179800000420009E109000C5
:10B4D000808F50000D003200000820009E10900068
:10B4E000808F50000D003200000220009E1090005E
:10B4F000808F5000010032000B00370050C0B300B5
:10B5000030330200010000000700370040C0B300E4
:10B5100030330200010000000300370020C0B300F8
:10B5200030330200010000001E00780080407800E7
:10B530006E08900044340200010000000000E000AA
:10B540000300320090002000700F980010003700B8
:10B550006E08900011000700000178007E02900044
:10B56000EE019000DE0090004E0090004267020065
:10B57000010000000000E00003003200A1002000F4
:10B58000710F9800020037000000EB00700F980068
:10B590007E0890000080FA00000006000600FA0015
:10B5A000000F78001E007800200798002E00900001
:10B5B000E10F50000A0032002E009000E20F500010
:10B5C0000A0032002E0090000000E000010032006E
:10B5D000090037001000200010079800080037000D
:10B5E00020002000100798000500370020002000F0
:10B5F0001007980002003700100020001007980084
:10B600001E0090000080FA00000006002200FA00F0
:10B6100070079800010F9800120F9800230F9800F0
:10B62000340F9800450F9800560F98007E00900048
:10B63000200DB000700798000E08900067004000D1
:10B64000000F98004E0890000000E0000300320058
:10B650003E0890000000E00003003A000080EB008C
:10B66000600F980010013700FE0090001E08900047
:10B670008080400020352000808F5000030036007D
:10B680008080EB00610F9800070137008E08900062
:10B690002E08900080804000701E2000808F500097
:10B6A000030036000080EB00600F9800FE003700BA
:10B6B0001E0890003E099000110009000280D80089
:10B6C0008000FD000000E000030032008080EB00FD
:10B6D000610F9800F40037002E0890004E0990008A
:10B6E000110009000280D8008000FD000000E00089
:10B6F000030032000080EB00600F9800EA00370082
:10B700004E089000630060000000E00033003A0043
:10B710003E089000630060000000E0000F003A0067
:10B7200030032000000F78004E0890004200DE0039
:10B73000200798003E0890004200DE0010079800A5
:10B740000E08900064005000000F98007E009000EA
:10B750006400500070079800500037003E089000C9
:10B76000610060000000E0000F003A0010012000BE
:10B77000000F78004E0890000000D10020079800CC
:10B780003E0890000000D100100798000E089000BD
:10B790000080E900000F98007E0090000080E90022
:10B7A000700798003D00370040042000000F78002B
:10B7B000CE089000210798003E08900010079800DE
:10B7C0000E0890000000E900000F98007E00900035
:10B7D0000000E90070079800300037004E08900024
:10B7E000610060000000E00020003A003E08900088
:10B7F000610060000000E0000F003A00100120002E
:10B80000000F78004E0890000000D100200798003B
:10B810003E0890000000D100100798000E0890002C
:10B820000080E900000F98007E0090000080E90091
:10B83000700798001900370040042000000F7800BE
:10B84000CE089000210798003E089000100798004D
:10B850000E0890000000E900000F98007E009000A4
:10B860000000E900700798000C0037004004200039
:10B87000000F7800BE089000110798004E08900055
:10B88000200798000E0890000000E900000F9800C3
:10B890007E0090000000E900700798001E009000F4
:10B8A0000000E900500798002E0090000000E90019
:10B8B000600798001E0890003E09900011000900E2
:10B8C0000280D800400798002E0890004E09900092
:10B8D000110009000280D800300798005E0890002F
:10B8E0009CF70200000000000000E00003003200AE
:10B8F0008080EB00610F98006B0037001E0078001D
:10B90000E0F70200000000000000E0000300320049
:10B910000080EB00600F9800630037005E08900025
:10B920000000E0001A003A009E007800710F9800B5
:10B9300030032000FE089000808F5000100032007D
:10B9400040042000FE089000808F50000400320068
:10B950007E089000F10F50000500320025003700EE
:10B96000000320000EF80200000000002100370054
:10B97000000220000EF80200000000001D00370049
:10B980000000EB000EF80200000000001900370074
:10B990009E00780001179800300320008E10900060
:10B9A000808F500010003200400420008E10900064
:10B9B000808F5000040032000E109000F10F5000F4
:10B9C000050032000B003700000420000EF80200D2
:10B9D0000000000007003700000320000EF80200FE
:10B9E0000000000003003700000220000EF80200F3
:10B9F00000000000313520007E00900058F8020061
:10BA0000000000000000E000030032008080EB0036
:10BA1000610F980024003700811E20000E0890005E
:10BA2000B4F80200000000000000E0000300320053
:10BA30000080EB00600F98001B0037007E00900034
:10BA40000001E800711E20000E0890000AF90200B3
:10BA5000000000000000E000030032008080EB00E6
:10BA6000610F9800100037005E0890001100070079
:10BA7000000178006E029000DE019000CE00900080
:10BA80003E00900042670200010000000000E0005C
:10BA9000030032000080EB00600F980002003700C6
:10BAA0008000EB00610F98006E0890000080FA00A3
:10BAB000000006000600FA00000F78001E00780063
:10BAC000200798002E009000E10F50000A0032007D
:10BAD0002E009000E20F50000A0032002E0090006D
:10BAE0000000E000010032000900370010002000D3
:10BAF0001007980008003700200020001007980069
:10BB000005003700200020001007980002003700D1
:10BB100010002000100798001E0090000080FA001E
:10BB2000000006000000FA000000EB00800888001A
:10BB30000111200091407800F0CCB30000C06000FB
:10BB400010E1B7000000EB0030088800205C200006
:10BB50006008880084C0A9008CC0A80011E1A8007A
:10BB60000080FA00000006000000FA0011E1A900C0
:10BB70000080FA00000006000800FA001007980094
:10BB80002107980080228100000F78000B00370009
:10BB90001E007800B00090001E009000808F5000C2
:10BBA00003003A00110020003107980021003700FF
:10BBB0001E007800C0009000010F78001E00E00019
:10BBC000F3FF3A00A0002000FC110200000000007A
:10BBD000000F78001E00E00003003A001000200073
:10BBE0008613020000000000AE0090001E007800E6
:10BBF000010878009E0078000000EB00900098009B
:10BC00009E00780010C0B300C04098001E0078006D
:10BC10009E00900031009800812281001E00780073
:10BC2000410098001E007800802289001100200049
:10BC3000310798003E0090000080FA0000000600E6
:10BC40000800FA00200798000000EB001007980099
:10BC500080228100000F78001B0037001E00780052
:10BC6000B00090002E009000808F500011003A002C
:10BC70001E0090000000E000050032001E00780069
:10BC8000C00090001E0090004100980003003700A3
:10BC90001E00780040009000802289001E0078007D
:10BCA000201302000000000011002000310798005E
:10BCB000090037001E007800100798001E00780069
:10BCC000C0009000010F78001E00E000E3FF3A0082
:10BCD00020002000300798003E0090000080FA000D
:10BCE000000006000800FA001007980021079800DD
:10BCF00080228100000F78000E0037001E007800BF
:10BD0000B00090001E009000808F500006003A00A6
:10BD1000AE0090001E00780001087800110020009D
:10BD200031079800070037001E007800C00090001F
:10BD3000010F78001E00E000F0FF3A002000200014
:10BD4000300798003E0090000080FA0000000600D6
:10BD50000600FA001007980080228100000F78008A
:10BD60000E0037001E007800B00090001E0090000A
:10BD7000808F500006003A009E0078000000EB0023
:10BD8000900098001100200021079800070037005C
:10BD90001E007800C0009000010F78001E00E00037
:10BDA000F0FF3A0020002000200798002E009000AD
:10BDB0000080FA00000006000600FA001007980054
:10BDC00080228100000F78000E0037001E007800EE
:10BDD000B00090001E009000808F500006003A00D6
:10BDE0009E0078000040EB00C04098001100200049
:10BDF00021079800070037001E007800C00090005F
:10BE0000010F78001E00E000F0FF3A002000200043
:10BE1000200798002E0090000080FA000000060025
:10BE20000600FA001007980080228100000F7800B9
:10BE30000E0037001E007800B00090001E00900039
:10BE4000808F500006003A009E00780010C0B300BA
:10BE5000C04098001100200021079800070037001B
:10BE60001E007800C0009000010F78001E00E00066
:10BE7000F0FF3A0020002000200798002E009000DC
:10BE80000080FA00000006003600F800809FBE0027
:10BE9000829FBE00849FBE00869FBE003400F800D3
:10BEA00000002000A00188000200FA00802281002A
:10BEB000000F780084C0A9001E0037001E00780023
:10BEC00040409000E14F500017003A001E007800FB
:10BED000100078000000E000130032001E0078001F
:10BEE000100090008000E8001E007800110098000B
:10BEF0001E00780010009000800078001E0078007E
:10BF0000100078000000E900808F50000600360025
:10BF10001E00780030009000000001009E007800B4
:10BF20000000EB00900098001E007800C000900018
:10BF3000010F78001E00E000E0FF3A000080FA00E8
:10BF40003400F9004F03BE004F02BE004F01BE0097
:10BF50004F00BE003600F900004006001400FA0051
:10BF60000040EB00704F98000040EB00604F9800DD
:10BF70000000EB00600798006000B80040079800E0
:10BF8000510798006000B80020079800310798001A
:10BF90006000B800008FBE0000003700AE680200ED
:10BFA000010000000004E000660032007E489000BE
:10BFB000E14F500063003A006E4890000080FB00A3
:10BFC000100F98001E089000E10F50001A00320078
:10BFD0001E089000E10F500004003C001E08900075
:10BFE0000000E00008003200ECFF37001E0890005F
:10BFF000E20F5000190032001E089000E30F5000BD
:10C0000027003200E5FF3700600920005C4B02008A
:10C010000100000060092000E04B02000100000068
:10C020000000EB00AE4C02000100000010C0B300A5
:10C03000604F9800D9FF3700A64C020001000000B5
:10C0400080007800F0312000808F5000D3FF340052
:10C0500020C0B300604F9800D0FF37000000EB0015
:10C06000AE4C020001000000C0F92F005C4B020042
:10C070000100000040062000E04B0200010000002B
:10C080006A660200010000006000B80040079800E6
:10C090005107980030C0B300604F9800BFFF3700D1
:10C0A0006041020001000000600798006E009000EF
:10C0B0005042020001000000008FBE00A266020094
:10C0C0000100000020079800310798001E01BE0003
:10C0D0002E009000BE0090007E04020000000000D0
:10C0E0000001BE004E009000DE009000E804020057
:10C0F000000000004007980051079800020020004F
:10C10000432B24004E009000DE009000F805020052
:10C11000000000000000E00001003D009FFF37002C
:10C120000000EB005C4B0200010000000000EB008F
:10C13000E04B0200010000000040EB00604F98005F
:10C1400096FF37006E4890000080FB00000F9800BB
:10C150000E089000E10F50001A0032000E08900007
:10C16000E10F500004003C000E0890000000E000C9
:10C170000800320089FF37000E089000E20F5000DF
:10C18000190032000E089000E30F50002700320023
:10C1900082FF3700600920005C4B020001000000B4
:10C1A00060092000E04B0200010000000000EB00ED
:10C1B000AE4C02000100000010C0B300604F9800B8
:10C1C00076FF3700A64C02000100000080007800D6
:10C1D000F0312000808F500070FF340020C0B30089
:10C1E000604F98006DFF37000000EB00AE4C02007E
:10C1F00001000000C0F92F005C4B020001000000AC
:10C2000040062000E04B0200010000006A660200C8
:10C21000010000006000B800400798005107980036
:10C2200030C0B300604F98005CFF3700A64C02009E
:10C2300001000000CF80DE006A0302000000000061
:10C24000400798005107980002002000533A2C0044
:10C250004E009000DE009000F40502000000000097
:10C260000000E000010034004CFF37000000EB004C
:10C270005C4B0200010000000000EB00E04B0200FC
:10C28000010000000040EB00604F980043FF3700C2
:10C290000000FA00DEC2A8008200A8008400A90005
:10C2A0008C00A8000080FA00000006003600F800AC
:10C2B000809FBE00829FBE00849FBE00869FBE00FE
:10C2C0003400F80000002000A00188000000FA00FF
:10C2D0008C00A90051012000001A2000BC5D020062
:10C2E00001000000B14222000040EB0080487800CD
:10C2F000B042220090407800A0422200014878001D
:10C30000A042220090407800C042220001487800FC
:10C310000080FA003400F9004F03BE004F02BE0057
:10C320004F01BE004F00BE003600F900004006007D
:10C330000200FA0020228100E10F40001E003A00B6
:10C34000E0C2BF000044B2000004E0000800320078
:10C350008C00A8008400A900001A2000205E0200C2
:10C36000010000000080EB00202289006D003700F2
:10C3700091002000001A2000725E020001000000FF
:10C38000B14222000040EB0080487800B042220019
:10C3900090407800A042220001487800A04222008C
:10C3A00090407800C0422200014878000000EB0075
:10C3B000202289005B00370020228100E10F50001D
:10C3C00010003A00E0C2BF000080FB004600DE0023
:10C3D0006140600080407800C0422200014878003F
:10C3E00021012000001A2000725E020001000000FE
:10C3F00011002000100020000611020001000000C2
:10C400004800370020228100E10F50001500340061
:10C4100020228100E60F500012003C00E0C2BF0065
:10C420000080FB004600DE0061406000104798007D
:10C430001E4090008080FB002022810066001000DA
:10C440000008DD0010479800A042220090407800CC
:10C450001E40900080C04000A042220001487800A9
:10C460003000370020228100E60F50001300340016
:10C4700020228100EC0F500010003C00E0C2BF0001
:10C480000080FB004600DE0061406000004F780045
:10C490009E80FB00202281006C0010000008DD005F
:10C4A000004F7800B0422200104078009E404000CB
:10C4B000B0422200014878001A0037002022810093
:10C4C000ED0F500017003A008000EB001000200034
:10C4D00006110200010000008C00A8008400A900E1
:10C4E000001A2000205E0200010000000080EB0026
:10C4F00020228900C042220090407800204422007F
:10C5000001487800A042220090407800D0422200EA
:10C5100001487800B042220090407800E0422200BA
:10C520000148780020228100E10F40000300320022
:10C53000202281000000E800202289000080FA000B
:10C54000000006000000FA0020442200104078009D
:10C550000080FB000080FA00000006000000FA00E6
:10C56000D0422200104078000080FB000080FA00DA
:10C57000000006000000FA00E042220010407800AF
:10C580000080FB000080FA00000006000200FA00B4
:10C59000000F78009E007800B22081004006200045
:10C5A0000088B9000200400080004000E0652100E2
:10C5B00000804000100078000080FA0000000600B3
:10C5C0000C00FA0040079800510798006000B8007E
:10C5D00020079800310798004E009000E20F5000AD
:10C5E00030003E005E0090000000E0002D003200B0
:10C5F000DE00900040062000808F500029003E00A1
:10C600000000EB0010079800B12081005E00900050
:10C61000008050005006B0004206200011000900C2
:10C620000280D8008000FD00000F7800190037005C
:10C63000CE0090001E017800400620000088B9005E
:10C640000200400080004000E065210000804000C2
:10C65000100078006101B9002E009000BE0090002B
:10C6600000004100818049002007980031079800B0
:10C670001E0090000000E800100798001E00E8006F
:10C6800042062000110009000200D8008000FD00D1
:10C69000000F78009E0090005E009000808F500098
:10C6A000E3FF39005E0090006101B8002E009000A9
:10C6B000BE00900000060200000000000080FA00AA
:10C6C000000006000800FA00300798000000EB00A8
:10C6D0001007980070382100000F78000000EB0070
:10C6E000200798002E003700BE0090002E01900019
:10C6F000400620000088B900020040008000400091
:10C70000E065210000804000900078001E0090004D
:10C71000808F50000B003400BE0090002E0190006E
:10C72000400620000088B900020040008000400060
:10C73000E06521000080400090007800110798001B
:10C7400014003700BE0090002E019000400620002B
:10C750000088B9000200400080004000E065210030
:10C7600000804000100078009E0F500009003D003E
:10C77000BE0090002E019000400620000088B90005
:10C780000200400080004000E06521000080400081
:10C79000100F78002E0090000000E800200798009D
:10C7A000AE00900030062000808F5000CEFF340095
:10C7B0001E0090001E0050000080FA0000000600DD
:10C7C0000800FA0010079800210798003207980027
:10C7D0003E0090000000E00024003200BE00900007
:10C7E00040062000808F500020003E000000EB003B
:10C7F000000F7800190037003E0090001E00500026
:10C8000000004000800078002E0090000080400072
:10C810000082E9009E019000B12081001E00780096
:10C820000080400042062000110009000280D8006C
:10C830008000FD0000017800400620000098B9004B
:10C840000200400080004000E065210000804000C0
:10C8500010007800000A78001E0FE8009E007800A3
:10C860003E009000808F5000E3FF39000080FA0006
:10C87000000006003000FA00889FBE008A1F780082
:10C880000000EB00300798000000EB002007980044
:10C890000F0037003E00900080004000E03B220087
:10C8A000808040000000EB00800878003E0090008F
:10C8B000E80047004200DD00010140006000B800D0
:10C8C0000089BE003E0090000000E800300798009C
:10C8D0003E009000E90F5000EEFF340027003700C3
:10C8E0000000EB00300798001E0037003E05900066
:10C8F0003E009000E80047004200DD0001004000DB
:10C900001004BE003E00900045000700CF80DE000E
:10C910000801400089814800E80047004250DD00DE
:10C92000010040000288BE006000B800008FBE0019
:10C930000400370010002000010020001E0F4000FE
:10C940005E974800703E200001002000BE0F1000DE
:10C95000AE8F1800F7FF34003E0090000000E800A2
:10C96000300798003E009000E90F5000DFFF3400D0
:10C970002E0090000000E80020079800AE00900014
:10C9800030062000808F5000D5FF34000000EB00FF
:10C99000300798001B0037003E0590003E009000D5
:10C9A000E80047004200DD00010040001000BE002A
:10C9B0006A030200000000000004BE002E00900088
:10C9C000CF80DE006A030200000000000001BE000C
:10C9D0000800BE00FA03020000000000B2050200D9
:10C9E00000000000000178008A004500E03B2200C2
:10C9F00000804000020878003E0090000000E8003F
:10CA0000300798003E009000E90F5000E2FF34002C
:10CA10004F0578004F04BE000080FA0000000600B9
:10CA20000400FA00000F7800900020009E0F100014
:10CA3000030036000000EB00100798000C003700E0
:10CA40001E00780080004000209E210000804000F1
:10CA5000100178001E00780080004000609F2100D7
:10CA6000008040001000780000015100120798007B
:10CA70001E0090000080FA00000006000600FA0088
:10CA8000100798001E009000E90F500003003600C8
:10CA90000000EB0020079800180037001E009000EF
:10CAA00080004000209E210000804000100178009E
:10CAB0001E00900080004000609F21000080400028
:10CAC00010007800000151001E009000800040001E
:10CAD000E03B22000080400010007800000F510071
:10CAE0001E00E000030034001E00780020079800BC
:10CAF000020037000000EB00200798002E00900095
:10CB00000080FA00000006000400FA00000F780020
:10CB1000900020009E0F1000030036000000EB0084
:10CB200010079800060037001E00780080004000C3
:10CB3000209E21000080400010007800100798001F
:10CB40001E0090000080FA00000006000800FA00B5
:10CB500020079800310798006000B800008FBE00E1
:10CB60000400370010002000010020001E0F4000CC
:10CB70005E9748002E009000BE009000BE0F10008F
:10CB8000AE8F1800F7FF35000080FA0000000600A5
:10CB90000000FA00E6C2BF000080FB004600DE0095
:10CBA000614060000081FB00E7C2BF000080FB0025
:10CBB0000000D100614060000080FB0000004000E8
:10CBC00080007800E7C2BF00614060000080FB0089
:10CBD000008040000000400080007800E6C2BF00F6
:10CBE0000080FB004700DE000080FB00008040006A
:10CBF00000004000000041000080FA000000060034
:10CC00000200FA00AE680200010000000004E0002B
:10CC100009003200C020810000004000810C20008B
:10CC200080804000608B2100008040001000780070
:10CC3000000F7800020037000000EB00000F7800C2
:10CC40001E0078000080FA00000006000200FA00D2
:10CC5000AE680200010000000004E000180032008D
:10CC6000C020810000004000810C20008080400036
:10CC7000608B21000080400090007800A07E2F0093
:10CC800000804000CF80DE006A0302000000000048
:10CC900002002000832C24007E040200000000001B
:10CCA00002002000533F2400FA03020000000000AD
:10CCB0008C06020000000000000F78000200370020
:10CCC0000000EB00000F78001E0078000080FA00E2
:10CCD000000006000000FA000000EB00E0208900E0
:10CCE0000080FA00000006000400FA00881F7800A7
:10CCF000E82081006140B9006A03020000000000E2
:10CD0000008FBE000800E00006003D000200200089
:10CD1000037824001E00BE00E804020000000000AA
:10CD2000008FBE001E00BE0032B22D0093D723003C
:10CD30007E040200000000004F0478000080FA002A
:10CD4000000006000800FA00881F7800E820810033
:10CD50006140B9006A03020000000000200798004B
:10CD6000310798000800E00008003D0002002000A4
:10CD7000037824002E009000BE009000E80402001A
:10CD80000000000020079800310798002E00900056
:10CD9000BE00900032B22D0093D723007E04020023
:10CDA00000000000008FBE000000EB00E0208900C2
:10CDB0001E00BE004F0478000080FA00000006004C
:10CDC0003400F800881F780008002000A8018800BF
:10CDD0004F0478000000FA0086C0A9001FE1A800F7
:10CDE00021E1A9000080FA003400F90000400600AB
:10CDF0000000FA0020002000000988000000EB007D
:10CE0000C008880010002000E008880086C0A90043
:10CE10008EC0A80021E1A8000080FA0000000600F2
:10CE20000000FA0020002000F008880070FD80005B
:10CE3000A008880070FD80000000E800D00888008D
:10CE400086A0A9001FE1A9008EA0A8000080FA001A
:10CE5000000006000200FA00000F78000000EB005E
:10CE6000E04488001E00780080FD88000000EB0090
:10CE700090FD8800EAFF0700DDFF07000080FA0050
:10CE8000000006001200FA003007980041079800E1
:10CE90005207980063079800740798000000EB00A1
:10CEA00010079800CE0090005E0090000088B90046
:10CEB000800078006E0090000000E8000088B90053
:10CEC0000000E80080007800A0142000808F50004F
:10CED000030036000080EB00000F9800320037009E
:10CEE0000000EB0020079800210037000000EB0055
:10CEF000000F7800080037001E01900041FB210060
:10CF000010C0B30000F178001E0090000000E8009F
:10CF1000100798001E0FE8005E0090009E0F1000A2
:10CF2000F5FF35000000EB00000F78000800370027
:10CF30001E01900041FB21000040EB0000F1780051
:10CF40001E0090000000E800100798001E0FE80087
:10CF5000EE0090005E0090000088B9009E0F500027
:10CF6000F3FF3C002E0090000000E800200798002E
:10CF7000AE0090004E009000808F5000DBFF350027
:10CF80001E01900041FB210020C0B30000F1780099
:10CF90007E00900070FD88003E009000F044880004
:10CFA0000000EB00000F98000E0890000080FA00CF
:10CFB000000006000000FA0090FD80000080FA00EA
:10CFC000000006000200FA00BA680200010000003A
:10CFD000E442020001000000CE68020001000000EF
:10CFE000F1C0B300C0C3B300E2680200010000005A
:10CFF000004F7800D86802000100000000C4B300B0
:10D000009E4F100004003A00E144220010C0B3001B
:10D010008048780003003700E14422000040EB0024
:10D02000804878000080FA00000006000000FA0046
:10D03000C4C2A900C4E2A900C522A900C582A900F2
:10D04000C542A900C5A2A900C5C2A900C5E2A900A0
:10D05000C0C2A900C0E2A900C122A900C182A900E2
:10D06000C142A900C1A2A900C1C2A900C1E2A90090
:10D07000D022A900CC22A900D042A900CC42A9000C
:10D08000E2E2A900E302A900E802A900E822A9005F
:10D09000DEE2A900DF02A900E402A900E422A9005F
:10D0A000E202A900DE02A900D602A900D622A90048
:10D0B000D642A900D662A900D682A900D6A2A900AC
:10D0C000D6C2A900D6E2A900D202A900D222A900A4
:10D0D000D242A900D262A900D282A900D2A2A9009C
:10D0E000D2C2A900D2E2A900D1A2A900CDA2A90072
:10D0F000E842A900E862A900E442A900E462A900AC
:10D10000DE22A800DEC2A800E4C2A800E4E2A80073
:10D11000E502A800E522A800D302A800D322A800B7
:10D12000D342A800D362A800D382A800D3A2A8004B
:10D13000D3C2A800D3E2A800A2FF0700E044220067
:10D14000104078000004E00002003200883F020036
:10D15000010000000080FA00000006000000FA0054
:10D16000E0442200104078000080FB000080FA00BC
:10D17000000006000000FA009842020001000000D2
:10D180000080FA00000006000000FA00D24202000F
:10D19000010000000080FA00000006000000FA0014
:10D1A00030430200010000000080FA000000060089
:10D1B0000000FA003C430200010000000080FA0079
:10D1C000000006000400FA0020479800314798004C
:10D1D0000040EB00004F78002100370010C0B30082
:10D1E000004F780048430200010000001E4F60001D
:10D1F0002E40900096450200010000001E4F600086
:10D200003E40900096450200010000001E4F600065
:10D2100090430200010000001E4F60002E4090006D
:10D220000040E80096450200010000001E4F60002B
:10D230000E00E800E6440200010000001E4F6000FE
:10D240007C44020001000000D843020001000000FD
:10D250001E04E00004003A00E44202000100000065
:10D260001E04E000DDFF32001E4090000000FB00C5
:10D270000080FA00000006000600FA00204798002F
:10D2800031479800424798000040EB00004F78007B
:10D290001800370010C0B300004F78004843020068
:10D2A000010000001E4F60002E40900096450200D5
:10D2B000010000001E4F60003E40900096450200B5
:10D2C000010000001E4F60004E4090009645020095
:10D2D000010000001E4F6000D84302000100000062
:10D2E0001E4F60001E04E00004003A00E442020009
:10D2F000010000001E04E000E6FF32001E00FB00FB
:10D300000080FA00000006003200F800900188005A
:10D310006118E100040032007018E10002003200E0
:10D32000F0FF2F00030037003119BA008301E90034
:10D33000FDFF3A003200F90000000600849FBE00A5
:10D340004220A900440424006110E1000A003200D8
:10D35000540424007010E10007003200640424002B
:10D36000F5FF2F000510E10003003200F0FF2F0051
:10D370004F02BE00000006003200F800203B88008B
:10D38000113B8800043B88004200F800000E20009A
:10D390004220B70050052000303B8800A00A200042
:10D3A000303B880061E7A80000000000000000009A
:10D3B00061E7AF00FEFF37000000EB004200F9001C
:10D3C0003200F9004F02BE0000000600841F780002
:10D3D0004220A900440024006118E1000600320048
:10D3E000540024007018E100030032004F0278005E
:10D3F000F0FF2F00000006003200F80091018800C5
:10D40000821F78003019BB008301E900FDFF3A005C
:10D41000213B88004F017800123B8800043B8800C4
:10D420004200F800000E20004220B7005005200006
:10D43000303B8800A00A2000303B880061E7A8004C
:10D44000000000000000000061E7AF00FEFF3700B1
:10D450000000EB004200F9003200F9004F027800B2
:10D4600000000600811F7800801F7800F0FF270071
:10D47000C0128800003020000000B300D0128800E5
:10D48000DE02A90000000000E002A90090010900EE
:10D4900000000000E002A80041E2A8004602AE0041
:10D4A000FEFF3700F0FF2700C01288000040200078
:10D4B0003001B300D01288004602AE00FEFF3700F4
:10D4C000F0FF2700C0128800001020000030A000EC
:10D4D0000040A000D01288004602AE00FEFF3700D8
:10D4E000F0FF2700C012880000202000D012880022
:10D4F0004602AE00FEFF3700F0FF2700C012880092
:10D50000006020000010A000D01288004602AE008B
:10D51000FEFF3700F0FF2700C012880000702000D7
:10D52000F005B300D01288004602AE00FEFF3700BF
:10D5300001F0200030128000010060000000E000D7
:10D54000FCFF3A0030128000010060000000E000A3
:10D55000FCFF320030128000010060000000E0009B
:10D56000FCFF3A0030128000010060000000E00083
:10D57000FCFF32004662AE000200370080128000DD
:10D580009012800041E2A900F01E200010128800D5
:10D590004362A8004342A8008920A900A8C0A800AF
:10D5A000A8A0A900A880A9009120A80041E2A80095
:10D5B0004F007800CF007800000006000400FA0059
:10D5C00031052000C0492B00A06C020001000000C2
:10D5D000B86C0200010000000000E000FCFF3A000F
:10D5E000BA68020001000000000037000E00780059
:10D5F000426D0200010000001E4078000040400023
:10D60000004F78000E00E800426D020001000000AB
:10D610001E4090000004E00010003D00CE680200B3
:10D62000010000001E409000804078000174A100BD
:10D630001E407800E26802000100000020479800C8
:10D64000D8680200010000000E80E80011002000F0
:10D65000A06C020001000000E4FF37000E80E8002B
:10D66000426D020001000000CE68020001000000CF
:10D670002E409000004178001E40900080407800CD
:10D680001E4078003C69020001000000D8680200DA
:10D6900001000000D5FF37000400FA0071052000EA
:10D6A000004F2B00A06C020001000000B86C0200CB
:10D6B000010000000000E000FCFF3A00BA68020030
:10D6C000010000000E00E800426D020001000000B1
:10D6D0000E80E800426D020001000000F9FF3700F3
:10D6E0008920A900809FBE00829FBE00801280001A
:10D6F00090128000A0128000B01280008808E20022
:10D7000026003A008C08E200240032003400F800C1
:10D710004400F8004440A80070448000A001880044
:10D7200001458000D86B0200010000001100780064
:10D730000000A100C0128800D86B020001000000A8
:10D74000110078000000A100D0128800D86B020000
:10D7500001000000110078000000A100E012880024
:10D76000D86B020001000000110078000000A10049
:10D77000F01288008CA8ED008CA8ED00014588000F
:10D78000A1018000714488004400F9003400F900D0
:10D790004F01BE004F00BE00004006008A28EF0087
:10D7A00088A8EF004F01BE004F00BE0000400600F9
:10D7B000E280400004003900A1018000E1804000C7
:10D7C000A10188000100280000000600811F7800E8
:10D7D000821F78004100DD00030037004F01780010
:10D7E000CF00780000000600614488000001EB00D3
:10D7F000816A2B00810040000300390002002800EC
:10D8000082804000120020004400F8003400F8003C
:10D810004440A8000000200002004000A001880051
:10D82000000000004E6C02000100000011007800B2
:10D830000000A100C01288004E6C02000100000030
:10D84000110078000000A100D01288004E6C020088
:10D8500001000000110078000000A100E012880023
:10D860004E6C020001000000110078000000A100D1
:10D87000F01288008CA8ED008CA8ED00014588000E
:10D88000A1018000714488003400F900000000000C
:10D890004400F9008920A900D0FF3700E280400051
:10D8A00004003900A1018000E1804000A10188004E
:10D8B00001002800000006008540A900809FBE00EE
:10D8C000821F78009408E200150032009008E20000
:10D8D000160032009208E2001400320081448000F9
:10D8E000420020000F22AF00FEFF3700904480006E
:10D8F0000000E000070032000000E90092A8B70035
:10D900003140780010E2B7000201E900F5FF3A006B
:10D91000020037009028EF000100370081448800A2
:10D920004F0178004F00BE000040060000002000BC
:10D93000A04488004F0178004F00BE000040060060
:10D940009408E200FEFF3A008D40A9008100E90042
:10D9500091448800B040780081108800804488009D
:10D9600011002000A14488008D40A800000006009E
:10D97000A0448000000006008720A900809FBE0010
:10D98000821F78009A08E200150032009608E20033
:10D99000160032009808E20014003200B144800002
:10D9A000420020001922AF00FEFF3700C044800073
:10D9B0000000E000070032000000E90098A8B7006E
:10D9C000314078001AE2B7000201E900F5FF3A00A1
:10D9D000020037009628EF0001003700B1448800AC
:10D9E0004F0178004F00BE000040060000002000FC
:10D9F000D04488004F0178004F00BE000040060070
:10DA00009A08E200FEFF3A008F20A9008100E90099
:10DA1000C1448800B0407800D1108800B04488002C
:10DA200011002000D14488008F20A80000000600CB
:10DA3000D044800000000600809FBE008520A90021
:10DA40000E22A9000E02AB00080032000042800046
:10DA5000F003B200018020008100400012C2BF002C
:10DA6000804878004028EC00F6FF37004F00BE00E9
:10DA7000004006000042800011428000010050007A
:10DA80000000060001428000124280000208E1000E
:10DA900008003200F203B200018020000281400041
:10DAA00092407800014878004228EC0010002000E5
:10DAB000000006000000EB0000000600809FBE0092
:10DAC0008700A9001822A9001802AB000800320044
:10DAD00020448000F003B200418420008100400017
:10DAE0001CC2BF00804878008428EC00F6FF370095
:10DAF0004F00BE00004006002044800031448000FA
:10DB000001005000000006002144800032448000E3
:10DB10000208E10008003200F203B2004184200054
:10DB20000281400092407800014878008628EC008D
:10DB300010002000000006000000EB0000000600BE
:10DB4000801F78004022EF004222EF004422EF00C5
:10DB50004822EF004C22EF00C6E2A800E5A2A9008F
:10DB6000E582A800E5E2A900E5C2A9004002A900FB
:10DB70004022A90040A2A9004122A90040C2A80059
:10DB80004102A9004142A900F00E200010128800B5
:10DB90004362A9004342A800300020002012880000
:10DBA0004C02A8004802A8008920A9009120A900E1
:10DBB00041E2A9004F007800000006000200FA00D0
:10DBC000E202A8000000EB00000F7800010037001F
:10DBD0001E0FE800F07022009E0F1000FCFF3400C2
:10DBE000A06D020001000000326A02000100000086
:10DBF0000080FA00000006000400FA00000F780020
:10DC0000110798008AA8EF008828EF009E00900076
:10DC10001E007800E66B0200010000000080FA00A0
:10DC2000000006000000FA00E202A9000080FA00ED
:10DC30000000060000A0FE0086A0A9001421EF004D
:10DC40000000000081FD800042FB21001300200045
:10DC5000321CE10005003200080035000000000021
:10DC60000000000000000000F9FF3700A01680004F
:10DC70004800DE0080587800F5FF370081FD8800FD
:10DC80009C28EC00E04480009E08E30003003A007A
:10DC90001000200090FD88001FE1A9000080FE0018
:10DCA000004006000C22EF000E22EF000EE2A90059
:10DCB0000EC2A9008520A9008D20A8000DE2A800B1
:10DCC00070002000A01088008540A9008D40A800A9
:10DCD00081E0A900C0048000F1002F0000806000F6
:10DCE0000155200000804000C00488000FE2A80019
:10DCF0000F42A8004028EF004228EF000000060075
:10DD00001622EF001822EF0018E2A90018C2A9009D
:10DD10008700A9008F00A80017E2A800F010880073
:10DD20008720A9008F20A80081E0A90000058000BD
:10DD300001F02F00008060005105200000804000AD
:10DD40000005880019E2A8001942A8008428EF0005
:10DD50008628EF00000006000000FA0016680200A6
:10DD6000010000000040EB005E2002000100000006
:10DD7000701C020001000000581D0200010000009C
:10DD8000FDFF3700FFFFFF00FFFFFF00FFFFFF0069
:10DD9000FFFFFF00FFFFFF00FFFFFF00FFFFFF008F
:10DDA000FFFFFF00FFFFFF00FFFFFF00FFFFFF007F
:10DDB000FFFFFF00FFFFFF00FFFFFF00FFFFFF006F
:10DDC000FFFFFF00FFFFFF00FFFFFF00FFFFFF005F
:10DDD000FFFFFF00FFFFFF00FFFFFF00FFFFFF004F
:10DDE000FFFFFF00FFFFFF00FFFFFF00FFFFFF003F
:10DDF000FFFFFF00FFFFFF00FFFFFF00FFFFFF002F
:10DE00000000000000000000000000000000000012
:10DE10000000000000000000000000000000000002
:10DE200000000000000000000000000000000000F2
:10DE300000000000000000000000000000000000E2
:10DE400000000000000000000000000000000000D2
:10DE500000000000000000000000000000000000C2
:10DE600000000000000000000000000000000000B2
:10DE700000000000000000000000000000000000A2
:10DE80000000000000000000000000000000000092
:10DE90000000000000000000000000000000000082
:10DEA0000000000000000000000000000000000072
:10DEB0000000000000000000000000000000000062
:10DEC0000000000000000000000000000000000052
:10DED0000000000000000000000000000000000042
:10DEE0000000000000000000000000000000000032
:10DEF0000000000000000000000000000000000022
:10DF00000000000000000000000000000000000011
:10DF10000000000000000000000000000000000001
:10DF200000000000000000000000000000000000F1
:10DF300000000000000000000000000000000000E1
:10DF400000000000000000000000000000000000D1
:10DF500000000000000000000000000000000000C1
:10DF600000000000000000000000000000000000B1
:10DF700000000000000000000000000000000000A1
:10DF80000000000000000000000000000000000091
:10DF90000000000000000000000000000000000081
:10DFA0000000000000000000000000000000000071
:10DFB0000000000000000000000000000000000061
:10DFC0000000000000000000000000000000000051
:10DFD0000000000000000000000000000000000041
:10DFE0000000000000000000000000000000000031
:10DFF0000000000000000000000000000000000021
:10E000000000000000000000000000000000000010
:10E010000000000000000000000000000000000000
:10E0200000000000000000000000000000000000F0
:10E0300000000000000000000000000000000000E0
:10E0400000000000000000000000000000000000D0
:10E0500000000000000000000000000000000000C0
:10E0600000000000000000000000000000000000B0
:10E0700000000000000000000000000000000000A0
:10E080000000000000000000000000000000000090
:10E090000000000000000000000000000000000080
:10E0A0000000000000000000000000000000000070
:10E0B0000000000000000000000000000000000060
:10E0C0000000000000000000000000000000000050
:10E0D0000000000000000000000000000000000040
:10E0E0000000000000000000000000000000000030
:10E0F0000000000000000000000000000000000020
:10E10000000000000000000000000000000000000F
:10E1100000000000000000000000000000000000FF
:10E1200000000000000000000000000000000000EF
:10E1300000000000000000000000000000000000DF
:10E1400000000000000000000000000000000000CF
:10E1500000000000000000000000000000000000BF
:10E1600000000000000000000000000000000000AF
:10E17000000000000000000000000000000000009F
:10E18000000000000000000000000000000000008F
:10E19000000000000000000000000000000000007F
:10E1A000000000000000000000000000000000006F
:10E1B000000000000000000000000000000000005F
:10E1C000000000000000000000000000000000004F
:10E1D000000000000000000000000000000000003F
:10E1E000000000000000000000000000000000002F
:10E1F000000000000000000000000000000000001F
:10E20000000000000000000000000000000000000E
:10E2100000000000000000000000000000000000FE
:10E2200000000000000000000000000000000000EE
:10E2300000000000000000000000000000000000DE
:10E2400000000000000000000000000000000000CE
:10E2500000000000000000000000000000000000BE
:10E2600000000000000000000000000000000000AE
:10E27000000000000000000000000000000000009E
:10E28000000000000000000000000000000000008E
:10E29000000000000000000000000000000000007E
:10E2A000000000000000000000000000000000006E
:10E2B000000000000000000000000000000000005E
:10E2C000000000000000000000000000000000004E
:10E2D000000000000000000000000000000000003E
:10E2E000000000000000000000000000000000002E
:10E2F000000000000000000000000000000000001E
:10E30000000000000000000000000000000000000D
:10E3100000000000000000000000000000000000FD
:10E3200000000000000000000000000000000000ED
:10E3300000000000000000000000000000000000DD
:10E3400000000000000000000000000000000000CD
:10E3500000000000000000000000000000000000BD
:10E3600000000000000000000000000000000000AD
:10E37000000000000000000000000000000000009D
:10E38000000000000000000000000000000000008D
:10E39000000000000000000000000000000000007D
:10E3A000000000000000000000000000000000006D
:10E3B000000000000000000000000000000000005D
:10E3C000000000000000000000000000000000004D
:10E3D000000000000000000000000000000000003D
:10E3E000000000000000000000000000000000002D
:10E3F000000000000000000000000000000000001D
:10E40000000000000000000000000000000000000C
:10E4100000000000000000000000000000000000FC
:10E4200000000000000000000000000000000000EC
:10E4300000000000000000000000000000000000DC
:10E4400000000000000000000000000000000000CC
:10E4500000000000000000000000000000000000BC
:10E4600000000000000000000000000000000000AC
:10E47000000000000000000000000000000000009C
:10E48000000000000000000000000000000000008C
:10E49000000000000000000000000000000000007C
:10E4A000000000000000000000000000000000006C
:10E4B000000000000000000000000000000000005C
:10E4C000000000000000000000000000000000004C
:10E4D000000000000000000000000000000000003C
:10E4E000000000000000000000000000000000002C
:10E4F000000000000000000000000000000000001C
:10E50000000000000000000000000000000000000B
:10E5100000000000000000000000000000000000FB
:10E5200000000000000000000000000000000000EB
:10E5300000000000000000000000000000000000DB
:10E5400000000000000000000000000000000000CB
:10E5500000000000000000000000000000000000BB
:10E5600000000000000000000000000000000000AB
:10E57000000000000000000000000000000000009B
:10E58000000000000000000000000000000000008B
:10E59000000000000000000000000000000000007B
:10E5A000000000000000000000000000000000006B
:10E5B000000000000000000000000000000000005B
:10E5C000000000000000000000000000000000004B
:10E5D000000000000000000000000000000000003B
:10E5E000000000000000000000000000000000002B
:10E5F000000000000000000000000000000000001B
:10E60000000000000000000000000000000000000A
:10E6100000000000000000000000000000000000FA
:10E6200000000000000000000000000000000000EA
:10E6300000000000000000000000000000000000DA
:10E6400000000000000000000000000000000000CA
:10E6500000000000000000000000000000000000BA
:10E6600000000000000000000000000000000000AA
:10E67000000000000000000000000000000000009A
:10E68000000000000000000000000000000000008A
:10E69000000000000000000000000000000000007A
:10E6A000000000000000000000000000000000006A
:10E6B000000000000000000000000000000000005A
:10E6C000000000000000000000000000000000004A
:10E6D000000000000000000000000000000000003A
:10E6E000000000000000000000000000000000002A
:10E6F000000000000000000000000000000000001A
:10E700000000000000000000000000000000000009
:10E7100000000000000000000000000000000000F9
:10E7200000000000000000000000000000000000E9
:10E7300000000000000000000000000000000000D9
:10E7400000000000000000000000000000000000C9
:10E7500000000000000000000000000000000000B9
:10E7600000000000000000000000000000000000A9
:10E770000000000000000000000000000000000099
:10E780000000000000000000000000000000000089
:10E790000000000000000000000000000000000079
:10E7A0000000000000000000000000000000000069
:10E7B0000000000000000000000000000000000059
:10E7C0000000000000000000000000000000000049
:10E7D0000000000000000000000000000000000039
:10E7E0000000000000000000000000000000000029
:10E7F0000000000000000000000000000000000019
:10E800000000000000000000000000000000000008
:10E8100000000000000000000000000000000000F8
:10E8200000000000000000000000000000000000E8
:10E8300000000000000000000000000000000000D8
:10E8400000000000000000000000000000000000C8
:10E8500000000000000000000000000000000000B8
:10E8600000000000000000000000000000000000A8
:10E870000000000000000000000000000000000098
:10E880000000000000000000000000000000000088
:10E890000000000000000000000000000000000078
:10E8A0000000000000000000000000000000000068
:10E8B0000000000000000000000000000000000058
:10E8C0000000000000000000000000000000000048
:10E8D0000000000000000000000000000000000038
:10E8E0000000000000000000000000000000000028
:10E8F0000000000000000000000000000000000018
:10E900000000000000000000000000000000000007
:10E9100000000000000000000000000000000000F7
:10E9200000000000000000000000000000000000E7
:10E9300000000000000000000000000000000000D7
:10E9400000000000000000000000000000000000C7
:10E9500000000000000000000000000000000000B7
:10E9600000000000000000000000000000000000A7
:10E970000000000000000000000000000000000097
:10E980000000000000000000000000000000000087
:10E990000000000000000000000000000000000077
:10E9A0000000000000000000000000000000000067
:10E9B0000000000000000000000000000000000057
:10E9C0000000000000000000000000000000000047
:10E9D0000000000000000000000000000000000037
:10E9E0000000000000000000000000000000000027
:10E9F0000000000000000000000000000000000017
:10EA00000000000000000000000000000000000006
:10EA100000000000000000000000000000000000F6
:10EA200000000000000000000000000000000000E6
:10EA300000000000000000000000000000000000D6
:10EA400000000000000000000000000000000000C6
:10EA500000000000000000000000000000000000B6
:10EA600000000000000000000000000000000000A6
:10EA70000000000000000000000000000000000096
:10EA80000000000000000000000000000000000086
:10EA90000000000000000000000000000000000076
:10EAA0000000000000000000000000000000000066
:10EAB0000000000000000000000000000000000056
:10EAC0000000000000000000000000000000000046
:10EAD0000000000000000000000000000000000036
:10EAE0000000000000000000000000000000000026
:10EAF0000000000000000000000000000000000016
:10EB00000000000000000000000000000000000005
:10EB100000000000000000000000000000000000F5
:10EB200000000000000000000000000000000000E5
:10EB300000000000000000000000000000000000D5
:10EB400000000000000000000000000000000000C5
:10EB500000000000000000000000000000000000B5
:10EB600000000000000000000000000000000000A5
:10EB70000000000000000000000000000000000095
:10EB80000000000000000000000000000000000085
:10EB90000000000000000000000000000000000075
:10EBA0000000000000000000000000000000000065
:10EBB0000000000000000000000000000000000055
:10EBC0000000000000000000000000000000000045
:10EBD0000000000000000000000000000000000035
:10EBE0000000000000000000000000000000000025
:10EBF0000000000000000000000000000000000015
:10EC00000000000000000000000000000000000004
:10EC100000000000000000000000000000000000F4
:10EC200000000000000000000000000000000000E4
:10EC300000000000000000000000000000000000D4
:10EC400000000000000000000000000000000000C4
:10EC500000000000000000000000000000000000B4
:10EC600000000000000000000000000000000000A4
:10EC70000000000000000000000000000000000094
:10EC80000000000000000000000000000000000084
:10EC90000000000000000000000000000000000074
:10ECA0000000000000000000000000000000000064
:10ECB0000000000000000000000000000000000054
:10ECC0000000000000000000000000000000000044
:10ECD0000000000000000000000000000000000034
:10ECE0000000000000000000000000000000000024
:10ECF0000000000000000000000000000000000014
:10ED00000000000000000000000000000000000003
:10ED100000000000000000000000000000000000F3
:10ED200000000000000000000000000000000000E3
:10ED300000000000000000000000000000000000D3
:10ED400000000000000000000000000000000000C3
:10ED500000000000000000000000000000000000B3
:10ED600000000000000000000000000000000000A3
:10ED70000000000000000000000000000000000093
:10ED80000000000000000000000000000000000083
:10ED90000000000000000000000000000000000073
:10EDA0000000000000000000000000000000000063
:10EDB0000000000000000000000000000000000053
:10EDC0000000000000000000000000000000000043
:10EDD0000000000000000000000000000000000033
:10EDE0000000000000000000000000000000000023
:10EDF0000000000000000000000000000000000013
:10EE00000000000000000000000000000000000002
:10EE100000000000000000000000000000000000F2
:10EE200000000000000000000000000000000000E2
:10EE300000000000000000000000000000000000D2
:10EE400000000000000000000000000000000000C2
:10EE500000000000000000000000000000000000B2
:10EE600000000000000000000000000000000000A2
:10EE70000000000000000000000000000000000092
:10EE80000000000000000000000000000000000082
:10EE90000000000000000000000000000000000072
:10EEA0000000000000000000000000000000000062
:10EEB0000000000000000000000000000000000052
:10EEC0000000000000000000000000000000000042
:10EED0000000000000000000000000000000000032
:10EEE0000000000000000000000000000000000022
:10EEF0000000000000000000000000000000000012
:10EF00000000000000000000000000000000000001
:10EF100000000000000000000000000000000000F1
:10EF200000000000000000000000000000000000E1
:10EF300000000000000000000000000000000000D1
:10EF400000000000000000000000000000000000C1
:10EF500000000000000000000000000000000000B1
:10EF600000000000000000000000000000000000A1
:10EF70000000000000000000000000000000000091
:10EF80000000000000000000000000000000000081
:10EF90000000000000000000000000000000000071
:10EFA0000000000000000000000000000000000061
:10EFB0000000000000000000000000000000000051
:10EFC0000000000000000000000000000000000041
:10EFD0000000000000000000000000000000000031
:10EFE0000000000000000000000000000000000021
:10EFF0000000000000000000000000000000000011
:10F000000000000000000000000000000000000000
:10F0100000000000000000000000000000000000F0
:10F0200000000000000000000000000000000000E0
:10F0300000000000000000000000000000000000D0
:10F0400000000000000000000000000000000000C0
:10F0500000000000000000000000000000000000B0
:10F0600000000000000000000000000000000000A0
:10F070000000000000000000000000000000000090
:10F080000000000000000000000000000000000080
:10F090000000000000000000000000000000000070
:10F0A0000000000000000000000000000000000060
:10F0B0000000000000000000000000000000000050
:10F0C0000000000000000000000000000000000040
:10F0D0000000000000000000000000000000000030
:10F0E0000000000000000000000000000000000020
:10F0F0000000000000000000000000000000000010
:10F1000000000000000000000000000000000000FF
:10F1100000000000000000000000000000000000EF
:10F1200000000000000000000000000000000000DF
:10F1300000000000000000000000000000000000CF
:10F1400000000000000000000000000000000000BF
:10F1500000000000000000000000000000000000AF
:10F16000000000000000000000000000000000009F
:10F17000000000000000000000000000000000008F
:10F18000000000000000000000000000000000007F
:10F19000000000000000000000000000000000006F
:10F1A000000000000000000000000000000000005F
:10F1B000000000000000000000000000000000004F
:10F1C000000000000000000000000000000000003F
:10F1D000000000000000000000000000000000002F
:10F1E000000000000000000000000000000000001F
:10F1F000000000000000000000000000000000000F
:10F2000000000000000000000000000000000000FE
:10F2100000000000000000000000000000000000EE
:10F2200000000000000000000000000000000000DE
:10F2300000000000000000000000000000000000CE
:10F2400000000000000000000000000000000000BE
:10F2500000000000000000000000000000000000AE
:10F26000000000000000000000000000000000009E
:10F27000000000000000000000000000000000008E
:10F28000000000000000000000000000000000007E
:10F29000000000000000000000000000000000006E
:10F2A000000000000000000000000000000000005E
:10F2B000000000000000000000000000000000004E
:10F2C000000000000000000000000000000000003E
:10F2D000000000000000000000000000000000002E
:10F2E000000000000000000000000000000000001E
:10F2F000000000000000000000000000000000000E
:10F3000000000000000000000000000000000000FD
:10F3100000000000000000000000000000000000ED
:10F3200000000000000000000000000000000000DD
:10F3300000000000000000000000000000000000CD
:10F3400000000000000000000000000000000000BD
:10F3500000000000000000000000000000000000AD
:10F36000000000000000000000000000000000009D
:10F37000000000000000000000000000000000008D
:10F38000000000000000000000000000000000007D
:10F39000000000000000000000000000000000006D
:10F3A000000000000000000000000000000000005D
:10F3B000000000000000000000000000000000004D
:10F3C000000000000000000000000000000000003D
:10F3D000000000000000000000000000000000002D
:10F3E000000000000000000000000000000000001D
:10F3F000000000000000000000000000000000000D
:10F4000000000000000000000000000000000000FC
:10F4100000000000000000000000000000000000EC
:10F4200000000000000000000000000000000000DC
:10F4300000000000000000000000000000000000CC
:10F4400000000000000000000000000000000000BC
:10F4500000000000000000000000000000000000AC
:10F46000000000000000000000000000000000009C
:10F47000000000000000000000000000000000008C
:10F48000000000000000000000000000000000007C
:10F49000000000000000000000000000000000006C
:10F4A000000000000000000000000000000000005C
:10F4B000000000000000000000000000000000004C
:10F4C000000000000000000000000000000000003C
:10F4D000000000000000000000000000000000002C
:10F4E000000000000000000000000000000000001C
:10F4F000000000000000000000000000000000000C
:10F5000000000000000000000000000000000000FB
:10F5100000000000000000000000000000000000EB
:10F5200000000000000000000000000000000000DB
:10F5300000000000000000000000000000000000CB
:10F5400000000000000000000000000000000000BB
:10F5500000000000000000000000000000000000AB
:10F56000000000000000000000000000000000009B
:10F57000000000000000000000000000000000008B
:10F58000000000000000000000000000000000007B
:10F59000000000000000000000000000000000006B
:10F5A000000000000000000000000000000000005B
:10F5B000000000000000000000000000000000004B
:10F5C000000000000000000000000000000000003B
:10F5D000000000000000000000000000000000002B
:10F5E000000000000000000000000000000000001B
:10F5F000000000000000000000000000000000000B
:10F6000000000000000000000000000000000000FA
:10F6100000000000000000000000000000000000EA
:10F6200000000000000000000000000000000000DA
:10F6300000000000000000000000000000000000CA
:10F6400000000000000000000000000000000000BA
:10F6500000000000000000000000000000000000AA
:10F66000000000000000000000000000000000009A
:10F67000000000000000000000000000000000008A
:10F68000000000000000000000000000000000007A
:10F69000000000000000000000000000000000006A
:10F6A000000000000000000000000000000000005A
:10F6B000000000000000000000000000000000004A
:10F6C000000000000000000000000000000000003A
:10F6D000000000000000000000000000000000002A
:10F6E000000000000000000000000000000000001A
:10F6F000000000000000000000000000000000000A
:10F7000000000000000000000000000000000000F9
:10F7100000000000000000000000000000000000E9
:10F7200000000000000000000000000000000000D9
:10F7300000000000000000000000000000000000C9
:10F7400000000000000000000000000000000000B9
:10F7500000000000000000000000000000000000A9
:10F760000000000000000000000000000000000099
:10F770000000000000000000000000000000000089
:10F780000000000000000000000000000000000079
:10F790000000000000000000000000000000000069
:10F7A0000000000000000000000000000000000059
:10F7B0000000000000000000000000000000000049
:10F7C0000000000000000000000000000000000039
:10F7D0000000000000000000000000000000000029
:10F7E0000000000000000000000000000000000019
:10F7F0000000000000000000000000000000000009
:10F8000000000000000000000000000000000000F8
:10F8100000000000000000000000000000000000E8
:10F8200000000000000000000000000000000000D8
:10F8300000000000000000000000000000000000C8
:10F8400000000000000000000000000000000000B8
:10F8500000000000000000000000000000000000A8
:10F860000000000000000000000000000000000098
:10F870000000000000000000000000000000000088
:10F880000000000000000000000000000000000078
:10F890000000000000000000000000000000000068
:10F8A0000000000000000000000000000000000058
:10F8B0000000000000000000000000000000000048
:10F8C0000000000000000000000000000000000038
:10F8D0000000000000000000000000000000000028
:10F8E0000000000000000000000000000000000018
:10F8F0000000000000000000000000000000000008
:10F9000000000000000000000000000000000000F7
:10F9100000000000000000000000000000000000E7
:10F9200000000000000000000000000000000000D7
:10F9300000000000000000000000000000000000C7
:10F9400000000000000000000000000000000000B7
:10F9500000000000000000000000000000000000A7
:10F960000000000000000000000000000000000097
:10F970000000000000000000000000000000000087
:10F980000000000000000000000000000000000077
:10F990000000000000000000000000000000000067
:10F9A0000000000000000000000000000000000057
:10F9B0000000000000000000000000000000000047
:10F9C0000000000000000000000000000000000037
:10F9D0000000000000000000000000000000000027
:10F9E0000000000000000000000000000000000017
:10F9F0000000000000000000000000000000000007
:10FA000000000000000000000000000000000000F6
:10FA100000000000000000000000000000000000E6
:10FA200000000000000000000000000000000000D6
:10FA300000000000000000000000000000000000C6
:10FA400000000000000000000000000000000000B6
:10FA500000000000000000000000000000000000A6
:10FA60000000000000000000000000000000000096
:10FA70000000000000000000000000000000000086
:10FA80000000000000000000000000000000000076
:10FA90000000000000000000000000000000000066
:10FAA0000000000000000000000000000000000056
:10FAB0000000000000000000000000000000000046
:10FAC0000000000000000000000000000000000036
:10FAD0000000000000000000000000000000000026
:10FAE0000000000000000000000000000000000016
:10FAF0000000000000000000000000000000000006
:10FB000000000000000000000000000000000000F5
:10FB100000000000000000000000000000000000E5
:10FB200000000000000000000000000000000000D5
:10FB300000000000000000000000000000000000C5
:10FB400000000000000000000000000000000000B5
:10FB500000000000000000000000000000000000A5
:10FB60000000000000000000000000000000000095
:10FB70000000000000000000000000000000000085
:10FB80000000000000000000000000000000000075
:10FB90000000000000000000000000000000000065
:10FBA0000000000000000000000000000000000055
:10FBB0000000000000000000000000000000000045
:10FBC0000000000000000000000000000000000035
:10FBD0000000000000000000000000000000000025
:10FBE0000000000000000000000000000000000015
:10FBF0000000000000000000000000000000000005
:10FC000000000000000000000000000000000000F4
:10FC100000000000000000000000000000000000E4
:10FC200000000000000000000000000000000000D4
:10FC300000000000000000000000000000000000C4
:10FC400000000000000000000000000000000000B4
:10FC500000000000000000000000000000000000A4
:10FC60000000000000000000000000000000000094
:10FC70000000000000000000000000000000000084
:10FC80000000000000000000000000000000000074
:10FC90000000000000000000000000000000000064
:10FCA0000000000000000000000000000000000054
:10FCB0000000000000000000000000000000000044
:10FCC0000000000000000000000000000000000034
:10FCD0000000000000000000000000000000000024
:10FCE0000000000000000000000000000000000014
:10FCF0000000000000000000000000000000000004
:10FD000000000000000000000000000000000000F3
:10FD100000000000000000000000000000000000E3
:10FD200000000000000000000000000000000000D3
:10FD300000000000000000000000000000000000C3
:10FD400000000000000000000000000000000000B3
:10FD500000000000000000000000000000000000A3
:10FD60000000000000000000000000000000000093
:10FD70000000000000000000000000000000000083
:10FD80000000000000000000000000000000000073
:10FD90000000000000000000000000000000000063
:10FDA0000000000000000000000000000000000053
:10FDB0000000000000000000000000000000000043
:10FDC0000000000000000000000000000000000033
:10FDD0000000000000000000000000000000000023
:10FDE0000000000000000000000000000000000013
:10FDF0000000000000000000000000000000000003
:10FE0000FFFFFF00FFFFFF00FFFFFF00FFFFFF00FE
:10FE1000FFFFFF00FFFFFF00FFFFFF00FFFFFF00EE
:10FE2000FFFFFF00FFFFFF00FFFFFF00FFFFFF00DE
:10FE3000FFFFFF00FFFFFF00FFFFFF00FFFFFF00CE
:10FE4000FFFFFF00FFFFFF00FFFFFF00FFFFFF00BE
:10FE5000FFFFFF00FFFFFF00FFFFFF00FFFFFF00AE
:10FE6000FFFFFF00FFFFFF00FFFFFF006300000038
:10FE70001801040000000000FFFFFF00FFFFFF006B
:10FE8000AF8D200080792200000188000000000072
:10FE900000002800601088000040200070108800DA
:10FEA00070002000A01088000485200032000700A8
:10FEB000114CB1003D003A0012C7B3008210880017
:10FEC000B2C4B300821088008006EB0004852000D5
:10FED00046002000280007000603E900FDFF3A0065
:10FEE0008C4280009342800093018800C819DE0094
:10FEF000F34FB1002F003200160620001E0007004D
:10FF00000603E900FDFF3A000D00E00003003200A7
:10FF1000E2C4B30082108800EBFF3700000EBB0084
:10FF2000100424000060FE000A0007004485200041
:10FF30001F00080003000000345EBB003456BB0005
:10FF400034CEBB000C86E80010002400010007003E
:10FF5000DBFF3700003B880050052000303B880065
:10FF6000A00A2000303B880061E7A80000000000E4
:10FF700000000000000006003A0220000B002000F4
:10FF80000E02AE000400370091108000015A780084
:10FF90008DC64000000006000060FE008B05E900F1
:10FFA000F7FF3A000A05E900F4FF3A000C22EF00DF
:10FFB000AFFF3700C5C2A800C1C2A9000C00E00015
:10FFC000FCFF3200F0FF2F000000E900FEFF3A00C6
:10FFD0000C06E900FBFF3A00C5C2A900F3FF370099
:10FFE000500800008A00000000000000000000002F
:10FFF0000000FE00FFFFFF00FFFFFF00FFFFFF000C
:0200000401F009
:1000000006C700003F000000338700000F310000EA
:0C0010000F3300000700000003C00000D8
:0200000400FFFB
:10E000005C0000001F0000004E0000003B0000000C
:10E010004F0000005A0000003000000031000000F6
:10E0200055550000FFFF0000FFFF0000FFFF00004C
:10E03000FFFF0000FFFF0000FFFF0000FFFF0000E8
:10E04000FFFF0000FFFF0000FFFF0000FFFF0000D8
:10E05000FFFF0000FFFF0000FFFF0000FFFF0000C8
:10E06000FFFF0000FFFF0000FFFF0000FFFF0000B8
:10E07000FFFF0000FFFF0000FFFF0000FFFF0000A8
:10E08000FFFF0000FFFF0000FFFF0000FFFF000098
:10E09000FFFF0000FFFF0000FFFF0000FFFF000088
:10E0A000FFFF0000FFFF0000FFFF0000FFFF000078
:10E0B000FFFF0000FFFF0000FFFF0000FFFF000068
:10E0C000FFFF0000FFFF0000FFFF0000FFFF000058
:10E0D000FFFF0000FFFF0000FFFF0000FFFF000048
:10E0E000FFFF0000FFFF0000FFFF0000FFFF000038
:10E0F000FFFF0000FFFF0000FFFF0000FFFF000028
:10E10000FFFF0000FFFF0000FFFF0000FFFF000017
:10E11000FFFF0000FFFF0000FFFF0000FFFF000007
:10E12000FFFF0000FFFF0000FFFF0000FFFF0000F7
:10E13000FFFF0000FFFF0000FFFF0000FFFF0000E7
:10E14000FFFF0000FFFF0000FFFF0000FFFF0000D7
:10E15000FFFF0000FFFF0000FFFF0000FFFF0000C7
:10E16000FFFF0000FFFF0000FFFF0000FFFF0000B7
:10E17000FFFF0000FFFF0000FFFF0000FFFF0000A7
:10E18000FFFF0000FFFF0000FFFF0000FFFF000097
:10E19000FFFF0000FFFF0000FFFF0000FFFF000087
:10E1A000FFFF0000FFFF0000FFFF0000FFFF000077
:10E1B000FFFF0000FFFF0000FFFF0000FFFF000067
:10E1C000FFFF0000FFFF0000FFFF0000FFFF000057
:10E1D000FFFF0000FFFF0000FFFF0000FFFF000047
:10E1E000FFFF0000FFFF0000FFFF0000FFFF000037
:10E1F000FFFF0000FFFF0000FFFF0000FFFF000027
:10E20000FFFF0000FFFF0000FFFF0000FFFF000016
:10E21000FFFF0000FFFF0000FFFF0000FFFF000006
:10E22000FFFF0000FFFF0000FFFF0000FFFF0000F6
:10E23000FFFF0000FFFF0000FFFF0000FFFF0000E6
:10E24000FFFF0000FFFF0000FFFF0000FFFF0000D6
:10E25000FFFF0000FFFF0000FFFF0000FFFF0000C6
:10E26000FFFF0000FFFF0000FFFF0000FFFF0000B6
:10E27000FFFF0000FFFF0000FFFF0000FFFF0000A6
:10E28000FFFF0000FFFF0000FFFF0000FFFF000096
:10E29000FFFF0000FFFF0000FFFF0000FFFF000086
:10E2A000FFFF0000FFFF0000FFFF0000FFFF000076
:10E2B000FFFF0000FFFF0000FFFF0000FFFF000066
:10E2C000FFFF0000FFFF0000FFFF0000FFFF000056
:10E2D000FFFF0000FFFF0000FFFF0000FFFF000046
:10E2E000FFFF0000FFFF0000FFFF0000FFFF000036
:10E2F000FFFF0000FFFF0000FFFF0000FFFF000026
:10E30000FFFF0000FFFF0000FFFF0000FFFF000015
:10E31000FFFF0000FFFF0000FFFF0000FFFF000005
:10E32000FFFF0000FFFF0000FFFF0000FFFF0000F5
:10E33000FFFF0000FFFF0000FFFF0000FFFF0000E5
:10E34000FFFF0000FFFF0000FFFF0000FFFF0000D5
:10E35000FFFF0000FFFF0000FFFF0000FFFF0000C5
:10E36000FFFF0000FFFF0000FFFF0000FFFF0000B5
:10E37000FFFF0000FFFF0000FFFF0000FFFF0000A5
:10E38000FFFF0000FFFF0000FFFF0000FFFF000095
:10E39000FFFF0000FFFF0000FFFF0000FFFF000085
:10E3A000FFFF0000FFFF0000FFFF0000FFFF000075
:10E3B000FFFF0000FFFF0000FFFF0000FFFF000065
:10E3C000FFFF0000FFFF0000FFFF0000FFFF000055
:10E3D000FFFF0000FFFF0000FFFF0000FFFF000045
:10E3E000FFFF0000FFFF0000FFFF0000FFFF000035
:10E3F000FFFF0000FFFF0000FFFF0000FFFF000025
:10E40000FFFF0000FFFF0000FFFF0000FFFF000014
:10E41000FFFF0000FFFF0000FFFF0000FFFF000004
:10E42000FFFF0000FFFF0000FFFF0000FFFF0000F4
:10E43000FFFF0000FFFF0000FFFF0000FFFF0000E4
:10E44000FFFF0000FFFF0000FFFF0000FFFF0000D4
:10E45000FFFF0000FFFF0000FFFF0000FFFF0000C4
:10E46000FFFF0000FFFF0000FFFF0000FFFF0000B4
:10E47000FFFF0000FFFF0000FFFF0000FFFF0000A4
:10E48000FFFF0000FFFF0000FFFF0000FFFF000094
:10E49000FFFF0000FFFF0000FFFF0000FFFF000084
:10E4A000FFFF0000FFFF0000FFFF0000FFFF000074
:10E4B000FFFF0000FFFF0000FFFF0000FFFF000064
:10E4C000FFFF0000FFFF0000FFFF0000FFFF000054
:10E4D000FFFF0000FFFF0000FFFF0000FFFF000044
:10E4E000FFFF0000FFFF0000FFFF0000FFFF000034
:10E4F000FFFF0000FFFF0000FFFF0000FFFF000024
:10E50000FFFF0000FFFF0000FFFF0000FFFF000013
:10E51000FFFF0000FFFF0000FFFF0000FFFF000003
:10E52000FFFF0000FFFF0000FFFF0000FFFF0000F3
:10E53000FFFF0000FFFF0000FFFF0000FFFF0000E3
:10E54000FFFF0000FFFF0000FFFF0000FFFF0000D3
:10E55000FFFF0000FFFF0000FFFF0000FFFF0000C3
:10E56000FFFF0000FFFF0000FFFF0000FFFF0000B3
:10E57000FFFF0000FFFF0000FFFF0000FFFF0000A3
:10E58000FFFF0000FFFF0000FFFF0000FFFF000093
:10E59000FFFF0000FFFF0000FFFF0000FFFF000083
:10E5A000FFFF0000FFFF0000FFFF0000FFFF000073
:10E5B000FFFF0000FFFF0000FFFF0000FFFF000063
:10E5C000FFFF0000FFFF0000FFFF0000FFFF000053
:10E5D000FFFF0000FFFF0000FFFF0000FFFF000043
:10E5E000FFFF0000FFFF0000FFFF0000FFFF000033
:10E5F000FFFF0000FFFF0000FFFF0000FFFF000023
:10E60000FFFF0000FFFF0000FFFF0000FFFF000012
:10E61000FFFF0000FFFF0000FFFF0000FFFF000002
:10E62000FFFF0000FFFF0000FFFF0000FFFF0000F2
:10E63000FFFF0000FFFF0000FFFF0000FFFF0000E2
:10E64000FFFF0000FFFF0000FFFF0000FFFF0000D2
:10E65000FFFF0000FFFF0000FFFF0000FFFF0000C2
:10E66000FFFF0000FFFF0000FFFF0000FFFF0000B2
:10E67000FFFF0000FFFF0000FFFF0000FFFF0000A2
:10E68000FFFF0000FFFF0000FFFF0000FFFF000092
:10E69000FFFF0000FFFF0000FFFF0000FFFF000082
:10E6A000FFFF0000FFFF0000FFFF0000FFFF000072
:10E6B000FFFF0000FFFF0000FFFF0000FFFF000062
:10E6C000FFFF0000FFFF0000FFFF0000FFFF000052
:10E6D000FFFF0000FFFF0000FFFF0000FFFF000042
:10E6E000FFFF0000FFFF0000FFFF0000FFFF000032
:10E6F000FFFF0000FFFF0000FFFF0000FFFF000022
:10E70000FFFF0000FFFF0000FFFF0000FFFF000011
:10E71000FFFF0000FFFF0000FFFF0000FFFF000001
:10E72000FFFF0000FFFF0000FFFF0000FFFF0000F1
:10E73000FFFF0000FFFF0000FFFF0000FFFF0000E1
:10E74000FFFF0000FFFF0000FFFF0000FFFF0000D1
:10E75000FFFF0000FFFF0000FFFF0000FFFF0000C1
:10E76000FFFF0000FFFF0000FFFF0000FFFF0000B1
:10E77000FFFF0000FFFF0000FFFF0000FFFF0000A1
:10E78000FFFF0000FFFF0000FFFF0000FFFF000091
:10E79000FFFF0000FFFF0000FFFF0000FFFF000081
:10E7A000FFFF0000FFFF0000FFFF0000FFFF000071
:10E7B000FFFF0000FFFF0000FFFF0000FFFF000061
:10E7C000FFFF0000FFFF0000FFFF0000FFFF000051
:10E7D000FFFF0000FFFF0000FFFF0000FFFF000041
:10E7E000FFFF0000FFFF0000FFFF0000FFFF000031
:10E7F000FFFF0000FFFF0000FFFF0000FFFF000021
:10E80000FFFF0000FFFF0000FFFF0000FFFF000010
:10E81000FFFF0000FFFF0000FFFF0000FFFF000000
:10E82000FFFF0000FFFF0000FFFF0000FFFF0000F0
:10E83000FFFF0000FFFF0000FFFF0000FFFF0000E0
:10E84000FFFF0000FFFF0000FFFF0000FFFF0000D0
:10E85000FFFF0000FFFF0000FFFF0000FFFF0000C0
:10E86000FFFF0000FFFF0000FFFF0000FFFF0000B0
:10E87000FFFF0000FFFF0000FFFF0000FFFF0000A0
:10E88000FFFF0000FFFF0000FFFF0000FFFF000090
:10E89000FFFF0000FFFF0000FFFF0000FFFF000080
:10E8A000FFFF0000FFFF0000FFFF0000FFFF000070
:10E8B000FFFF0000FFFF0000FFFF0000FFFF000060
:10E8C000FFFF0000FFFF0000FFFF0000FFFF000050
:10E8D000FFFF0000FFFF0000FFFF0000FFFF000040
:10E8E000FFFF0000FFFF0000FFFF0000FFFF000030
:10E8F000FFFF0000FFFF0000FFFF0000FFFF000020
:10E90000FFFF0000FFFF0000FFFF0000FFFF00000F
:10E91000FFFF0000FFFF0000FFFF0000FFFF0000FF
:10E92000FFFF0000FFFF0000FFFF0000FFFF0000EF
:10E93000FFFF0000FFFF0000FFFF0000FFFF0000DF
:10E94000FFFF0000FFFF0000FFFF0000FFFF0000CF
:10E95000FFFF0000FFFF0000FFFF0000FFFF0000BF
:10E96000FFFF0000FFFF0000FFFF0000FFFF0000AF
:10E97000FFFF0000FFFF0000FFFF0000FFFF00009F
:10E98000FFFF0000FFFF0000FFFF0000FFFF00008F
:10E99000FFFF0000FFFF0000FFFF0000FFFF00007F
:10E9A000FFFF0000FFFF0000FFFF0000FFFF00006F
:10E9B000FFFF0000FFFF0000FFFF0000FFFF00005F
:10E9C000FFFF0000FFFF0000FFFF0000FFFF00004F
:10E9D000FFFF0000FFFF0000FFFF0000FFFF00003F
:10E9E000FFFF0000FFFF0000FFFF0000FFFF00002F
:10E9F000FFFF0000FFFF0000FFFF0000FFFF00001F
:10EA0000FFFF0000FFFF0000FFFF0000FFFF00000E
:10EA1000FFFF0000FFFF0000FFFF0000FFFF0000FE
:10EA2000FFFF0000FFFF0000FFFF0000FFFF0000EE
:10EA3000FFFF0000FFFF0000FFFF0000FFFF0000DE
:10EA4000FFFF0000FFFF0000FFFF0000FFFF0000CE
:10EA5000FFFF0000FFFF0000FFFF0000FFFF0000BE
:10EA6000FFFF0000FFFF0000FFFF0000FFFF0000AE
:10EA7000FFFF0000FFFF0000FFFF0000FFFF00009E
:10EA8000FFFF0000FFFF0000FFFF0000FFFF00008E
:10EA9000FFFF0000FFFF0000FFFF0000FFFF00007E
:10EAA000FFFF0000FFFF0000FFFF0000FFFF00006E
:10EAB000FFFF0000FFFF0000FFFF0000FFFF00005E
:10EAC000FFFF0000FFFF0000FFFF0000FFFF00004E
:10EAD000FFFF0000FFFF0000FFFF0000FFFF00003E
:10EAE000FFFF0000FFFF0000FFFF0000FFFF00002E
:10EAF000FFFF0000FFFF0000FFFF0000FFFF00001E
:10EB0000FFFF0000FFFF0000FFFF0000FFFF00000D
:10EB1000FFFF0000FFFF0000FFFF0000FFFF0000FD
:10EB2000FFFF0000FFFF0000FFFF0000FFFF0000ED
:10EB3000FFFF0000FFFF0000FFFF0000FFFF0000DD
:10EB4000FFFF0000FFFF0000FFFF0000FFFF0000CD
:10EB5000FFFF0000FFFF0000FFFF0000FFFF0000BD
:10EB6000FFFF0000FFFF0000FFFF0000FFFF0000AD
:10EB7000FFFF0000FFFF0000FFFF0000FFFF00009D
:10EB8000FFFF0000FFFF0000FFFF0000FFFF00008D
:10EB9000FFFF0000FFFF0000FFFF0000FFFF00007D
:10EBA000FFFF0000FFFF0000FFFF0000FFFF00006D
:10EBB000FFFF0000FFFF0000FFFF0000FFFF00005D
:10EBC000FFFF0000FFFF0000FFFF0000FFFF00004D
:10EBD000FFFF0000FFFF0000FFFF0000FFFF00003D
:10EBE000FFFF0000FFFF0000FFFF0000FFFF00002D
:10EBF000FFFF0000FFFF0000FFFF0000FFFF00001D
:10EC0000FFFF0000FFFF0000FFFF0000FFFF00000C
:10EC1000FFFF0000FFFF0000FFFF0000FFFF0000FC
:10EC2000FFFF0000FFFF0000FFFF0000FFFF0000EC
:10EC3000FFFF0000FFFF0000FFFF0000FFFF0000DC
:10EC4000FFFF0000FFFF0000FFFF0000FFFF0000CC
:10EC5000FFFF0000FFFF0000FFFF0000FFFF0000BC
:10EC6000FFFF0000FFFF0000FFFF0000FFFF0000AC
:10EC7000FFFF0000FFFF0000FFFF0000FFFF00009C
:10EC8000FFFF0000FFFF0000FFFF0000FFFF00008C
:10EC9000FFFF0000FFFF0000FFFF0000FFFF00007C
:10ECA000FFFF0000FFFF0000FFFF0000FFFF00006C
:10ECB000FFFF0000FFFF0000FFFF0000FFFF00005C
:10ECC000FFFF0000FFFF0000FFFF0000FFFF00004C
:10ECD000FFFF0000FFFF0000FFFF0000FFFF00003C
:10ECE000FFFF0000FFFF0000FFFF0000FFFF00002C
:10ECF000FFFF0000FFFF0000FFFF0000FFFF00001C
:10ED0000FFFF0000FFFF0000FFFF0000FFFF00000B
:10ED1000FFFF0000FFFF0000FFFF0000FFFF0000FB
:10ED2000FFFF0000FFFF0000FFFF0000FFFF0000EB
:10ED3000FFFF0000FFFF0000FFFF0000FFFF0000DB
:10ED4000FFFF0000FFFF0000FFFF0000FFFF0000CB
:10ED5000FFFF0000FFFF0000FFFF0000FFFF0000BB
:10ED6000FFFF0000FFFF0000FFFF0000FFFF0000AB
:10ED7000FFFF0000FFFF0000FFFF0000FFFF00009B
:10ED8000FFFF0000FFFF0000FFFF0000FFFF00008B
:10ED9000FFFF0000FFFF0000FFFF0000FFFF00007B
:10EDA000FFFF0000FFFF0000FFFF0000FFFF00006B
:10EDB000FFFF0000FFFF0000FFFF0000FFFF00005B
:10EDC000FFFF0000FFFF0000FFFF0000FFFF00004B
:10EDD000FFFF0000FFFF0000FFFF0000FFFF00003B
:10EDE000FFFF0000FFFF0000FFFF0000FFFF00002B
:10EDF000FFFF0000FFFF0000FFFF0000FFFF00001B
:10EE0000FFFF0000FFFF0000FFFF0000FFFF00000A
:10EE1000FFFF0000FFFF0000FFFF0000FFFF0000FA
:10EE2000FFFF0000FFFF0000FFFF0000FFFF0000EA
:10EE3000FFFF0000FFFF0000FFFF0000FFFF0000DA
:10EE4000FFFF0000FFFF0000FFFF0000FFFF0000CA
:10EE5000FFFF0000FFFF0000FFFF0000FFFF0000BA
:10EE6000FFFF0000FFFF0000FFFF0000FFFF0000AA
:10EE7000FFFF0000FFFF0000FFFF0000FFFF00009A
:10EE8000FFFF0000FFFF0000FFFF0000FFFF00008A
:10EE9000FFFF0000FFFF0000FFFF0000FFFF00007A
:10EEA000FFFF0000FFFF0000FFFF0000FFFF00006A
:10EEB000FFFF0000FFFF0000FFFF0000FFFF00005A
:10EEC000FFFF0000FFFF0000FFFF0000FFFF00004A
:10EED000FFFF0000FFFF0000FFFF0000FFFF00003A
:10EEE000FFFF0000FFFF0000FFFF0000FFFF00002A
:10EEF000FFFF0000FFFF0000FFFF0000FFFF00001A
:10EF0000FFFF0000FFFF0000FFFF0000FFFF000009
:10EF1000FFFF0000FFFF0000FFFF0000FFFF0000F9
:10EF2000FFFF0000FFFF0000FFFF0000FFFF0000E9
:10EF3000FFFF0000FFFF0000FFFF0000FFFF0000D9
:10EF4000FFFF0000FFFF0000FFFF0000FFFF0000C9
:10EF5000FFFF0000FFFF0000FFFF0000FFFF0000B9
:10EF6000FFFF0000FFFF0000FFFF0000FFFF0000A9
:10EF7000FFFF0000FFFF0000FFFF0000FFFF000099
:10EF8000FFFF0000FFFF0000FFFF0000FFFF000089
:10EF9000FFFF0000FFFF0000FFFF0000FFFF000079
:10EFA000FFFF0000FFFF0000FFFF0000FFFF000069
:10EFB000FFFF0000FFFF0000FFFF0000FFFF000059
:10EFC000FFFF0000FFFF0000FFFF0000FFFF000049
:10EFD000FFFF0000FFFF0000FFFF0000FFFF000039
:10EFE000FFFF0000FFFF0000FFFF0000FFFF000029
:10EFF000FFFF0000FFFF0000FFFF0000FFFF000019
:10F00000FFFF0000FFFF0000FFFF0000FFFF000008
:10F01000FFFF0000FFFF0000FFFF0000FFFF0000F8
:10F02000FFFF0000FFFF0000FFFF0000FFFF0000E8
:10F03000FFFF0000FFFF0000FFFF0000FFFF0000D8
:10F04000FFFF0000FFFF0000FFFF0000FFFF0000C8
:10F05000FFFF0000FFFF0000FFFF0000FFFF0000B8
:10F06000FFFF0000FFFF0000FFFF0000FFFF0000A8
:10F07000FFFF0000FFFF0000FFFF0000FFFF000098
:10F08000FFFF0000FFFF0000FFFF0000FFFF000088
:10F09000FFFF0000FFFF0000FFFF0000FFFF000078
:10F0A000FFFF0000FFFF0000FFFF0000FFFF000068
:10F0B000FFFF0000FFFF0000FFFF0000FFFF000058
:10F0C000FFFF0000FFFF0000FFFF0000FFFF000048
:10F0D000FFFF0000FFFF0000FFFF0000FFFF000038
:10F0E000FFFF0000FFFF0000FFFF0000FFFF000028
:10F0F000FFFF0000FFFF0000FFFF0000FFFF000018
:10F10000FFFF0000FFFF0000FFFF0000FFFF000007
:10F11000FFFF0000FFFF0000FFFF0000FFFF0000F7
:10F12000FFFF0000FFFF0000FFFF0000FFFF0000E7
:10F13000FFFF0000FFFF0000FFFF0000FFFF0000D7
:10F14000FFFF0000FFFF0000FFFF0000FFFF0000C7
:10F15000FFFF0000FFFF0000FFFF0000FFFF0000B7
:10F16000FFFF0000FFFF0000FFFF0000FFFF0000A7
:10F17000FFFF0000FFFF0000FFFF0000FFFF000097
:10F18000FFFF0000FFFF0000FFFF0000FFFF000087
:10F19000FFFF0000FFFF0000FFFF0000FFFF000077
:10F1A000FFFF0000FFFF0000FFFF0000FFFF000067
:10F1B000FFFF0000FFFF0000FFFF0000FFFF000057
:10F1C000FFFF0000FFFF0000FFFF0000FFFF000047
:10F1D000FFFF0000FFFF0000FFFF0000FFFF000037
:10F1E000FFFF0000FFFF0000FFFF0000FFFF000027
:10F1F000FFFF0000FFFF0000FFFF0000FFFF000017
:10F20000FFFF0000FFFF0000FFFF0000FFFF000006
:10F21000FFFF0000FFFF0000FFFF0000FFFF0000F6
:10F22000FFFF0000FFFF0000FFFF0000FFFF0000E6
:10F23000FFFF0000FFFF0000FFFF0000FFFF0000D6
:10F24000FFFF0000FFFF0000FFFF0000FFFF0000C6
:10F25000FFFF0000FFFF0000FFFF0000FFFF0000B6
:10F26000FFFF0000FFFF0000FFFF0000FFFF0000A6
:10F27000FFFF0000FFFF0000FFFF0000FFFF000096
:10F28000FFFF0000FFFF0000FFFF0000FFFF000086
:10F29000FFFF0000FFFF0000FFFF0000FFFF000076
:10F2A000FFFF0000FFFF0000FFFF0000FFFF000066
:10F2B000FFFF0000FFFF0000FFFF0000FFFF000056
:10F2C000FFFF0000FFFF0000FFFF0000FFFF000046
:10F2D000FFFF0000FFFF0000FFFF0000FFFF000036
:10F2E000FFFF0000FFFF0000FFFF0000FFFF000026
:10F2F000FFFF0000FFFF0000FFFF0000FFFF000016
:10F30000FFFF0000FFFF0000FFFF0000FFFF000005
:10F31000FFFF0000FFFF0000FFFF0000FFFF0000F5
:10F32000FFFF0000FFFF0000FFFF0000FFFF0000E5
:10F33000FFFF0000FFFF0000FFFF0000FFFF0000D5
:10F34000FFFF0000FFFF0000FFFF0000FFFF0000C5
:10F35000FFFF0000FFFF0000FFFF0000FFFF0000B5
:10F36000FFFF0000FFFF0000FFFF0000FFFF0000A5
:10F37000FFFF0000FFFF0000FFFF0000FFFF000095
:10F38000FFFF0000FFFF0000FFFF0000FFFF000085
:10F39000FFFF0000FFFF0000FFFF0000FFFF000075
:10F3A000FFFF0000FFFF0000FFFF0000FFFF000065
:10F3B000FFFF0000FFFF0000FFFF0000FFFF000055
:10F3C000FFFF0000FFFF0000FFFF0000FFFF000045
:10F3D000FFFF0000FFFF0000FFFF0000FFFF000035
:10F3E000FFFF0000FFFF0000FFFF0000FFFF000025
:10F3F000FFFF0000FFFF0000FFFF0000FFFF000015
:10F40000FFFF0000FFFF0000FFFF0000FFFF000004
:10F41000FFFF0000FFFF0000FFFF0000FFFF0000F4
:10F42000FFFF0000FFFF0000FFFF0000FFFF0000E4
:10F43000FFFF0000FFFF0000FFFF0000FFFF0000D4
:10F44000FFFF0000FFFF0000FFFF0000FFFF0000C4
:10F45000FFFF0000FFFF0000FFFF0000FFFF0000B4
:10F46000FFFF0000FFFF0000FFFF0000FFFF0000A4
:10F47000FFFF0000FFFF0000FFFF0000FFFF000094
:10F48000FFFF0000FFFF0000FFFF0000FFFF000084
:10F49000FFFF0000FFFF0000FFFF0000FFFF000074
:10F4A000FFFF0000FFFF0000FFFF0000FFFF000064
:10F4B000FFFF0000FFFF0000FFFF0000FFFF000054
:10F4C000FFFF0000FFFF0000FFFF0000FFFF000044
:10F4D000FFFF0000FFFF0000FFFF0000FFFF000034
:10F4E000FFFF0000FFFF0000FFFF0000FFFF000024
:10F4F000FFFF0000FFFF0000FFFF0000FFFF000014
:10F50000FFFF0000FFFF0000FFFF0000FFFF000003
:10F51000FFFF0000FFFF0000FFFF0000FFFF0000F3
:10F52000FFFF0000FFFF0000FFFF0000FFFF0000E3
:10F53000FFFF0000FFFF0000FFFF0000FFFF0000D3
:10F54000FFFF0000FFFF0000FFFF0000FFFF0000C3
:10F55000FFFF0000FFFF0000FFFF0000FFFF0000B3
:10F56000FFFF0000FFFF0000FFFF0000FFFF0000A3
:10F57000FFFF0000FFFF0000FFFF0000FFFF000093
:10F58000FFFF0000FFFF0000FFFF0000FFFF000083
:10F59000FFFF0000FFFF0000FFFF0000FFFF000073
:10F5A000FFFF0000FFFF0000FFFF0000FFFF000063
:10F5B000FFFF0000FFFF0000FFFF0000FFFF000053
:10F5C000FFFF0000FFFF0000FFFF0000FFFF000043
:10F5D000FFFF0000FFFF0000FFFF0000FFFF000033
:10F5E000FFFF0000FFFF0000FFFF0000FFFF000023
:10F5F000FFFF0000FFFF0000FFFF0000FFFF000013
:10F60000FFFF0000FFFF0000FFFF0000FFFF000002
:10F61000FFFF0000FFFF0000FFFF0000FFFF0000F2
:10F62000FFFF0000FFFF0000FFFF0000FFFF0000E2
:10F63000FFFF0000FFFF0000FFFF0000FFFF0000D2
:10F64000FFFF0000FFFF0000FFFF0000FFFF0000C2
:10F65000FFFF0000FFFF0000FFFF0000FFFF0000B2
:10F66000FFFF0000FFFF0000FFFF0000FFFF0000A2
:10F67000FFFF0000FFFF0000FFFF0000FFFF000092
:10F68000FFFF0000FFFF0000FFFF0000FFFF000082
:10F69000FFFF0000FFFF0000FFFF0000FFFF000072
:10F6A000FFFF0000FFFF0000FFFF0000FFFF000062
:10F6B000FFFF0000FFFF0000FFFF0000FFFF000052
:10F6C000FFFF0000FFFF0000FFFF0000FFFF000042
:10F6D000FFFF0000FFFF0000FFFF0000FFFF000032
:10F6E000FFFF0000FFFF0000FFFF0000FFFF000022
:10F6F000FFFF0000FFFF0000FFFF0000FFFF000012
:10F70000FFFF0000FFFF0000FFFF0000FFFF000001
:10F71000FFFF0000FFFF0000FFFF0000FFFF0000F1
:10F72000FFFF0000FFFF0000FFFF0000FFFF0000E1
:10F73000FFFF0000FFFF0000FFFF0000FFFF0000D1
:10F74000FFFF0000FFFF0000FFFF0000FFFF0000C1
:10F75000FFFF0000FFFF0000FFFF0000FFFF0000B1
:10F76000FFFF0000FFFF0000FFFF0000FFFF0000A1
:10F77000FFFF0000FFFF0000FFFF0000FFFF000091
:10F78000FFFF0000FFFF0000FFFF0000FFFF000081
:10F79000FFFF0000FFFF0000FFFF0000FFFF000071
:10F7A000FFFF0000FFFF0000FFFF0000FFFF000061
:10F7B000FFFF0000FFFF0000FFFF0000FFFF000051
:10F7C000FFFF0000FFFF0000FFFF0000FFFF000041
:10F7D000FFFF0000FFFF0000FFFF0000FFFF000031
:10F7E000FFFF0000FFFF0000FFFF0000FFFF000021
:10F7F000FFFF0000FFFF0000FFFF0000FFFF000011
:10F80000FFFF0000FFFF0000FFFF0000FFFF000000
:10F81000FFFF0000FFFF0000FFFF0000FFFF0000F0
:10F82000FFFF0000FFFF0000FFFF0000FFFF0000E0
:10F83000FFFF0000FFFF0000FFFF0000FFFF0000D0
:10F84000FFFF0000FFFF0000FFFF0000FFFF0000C0
:10F85000FFFF0000FFFF0000FFFF0000FFFF0000B0
:10F86000FFFF0000FFFF0000FFFF0000FFFF0000A0
:10F87000FFFF0000FFFF0000FFFF0000FFFF000090
:10F88000FFFF0000FFFF0000FFFF0000FFFF000080
:10F89000FFFF0000FFFF0000FFFF0000FFFF000070
:10F8A000FFFF0000FFFF0000FFFF0000FFFF000060
:10F8B000FFFF0000FFFF0000FFFF0000FFFF000050
:10F8C000FFFF0000FFFF0000FFFF0000FFFF000040
:10F8D000FFFF0000FFFF0000FFFF0000FFFF000030
:10F8E000FFFF0000FFFF0000FFFF0000FFFF000020
:10F8F000FFFF0000FFFF0000FFFF0000FFFF000010
:10F90000FFFF0000FFFF0000FFFF0000FFFF0000FF
:10F91000FFFF0000FFFF0000FFFF0000FFFF0000EF
:10F92000FFFF0000FFFF0000FFFF0000FFFF0000DF
:10F93000FFFF0000FFFF0000FFFF0000FFFF0000CF
:10F94000FFFF0000FFFF0000FFFF0000FFFF0000BF
:10F95000FFFF0000FFFF0000FFFF0000FFFF0000AF
:10F96000FFFF0000FFFF0000FFFF0000FFFF00009F
:10F97000FFFF0000FFFF0000FFFF0000FFFF00008F
:10F98000FFFF0000FFFF0000FFFF0000FFFF00007F
:10F99000FFFF0000FFFF0000FFFF0000FFFF00006F
:10F9A000FFFF0000FFFF0000FFFF0000FFFF00005F
:10F9B000FFFF0000FFFF0000FFFF0000FFFF00004F
:10F9C000FFFF0000FFFF0000FFFF0000FFFF00003F
:10F9D000FFFF0000FFFF0000FFFF0000FFFF00002F
:10F9E000FFFF0000FFFF0000FFFF0000FFFF00001F
:10F9F000FFFF0000FFFF0000FFFF0000FFFF00000F
:10FA0000FFFF0000FFFF0000FFFF0000FFFF0000FE
:10FA1000FFFF0000FFFF0000FFFF0000FFFF0000EE
:10FA2000FFFF0000FFFF0000FFFF0000FFFF0000DE
:10FA3000FFFF0000FFFF0000FFFF0000FFFF0000CE
:10FA4000FFFF0000FFFF0000FFFF0000FFFF0000BE
:10FA5000FFFF0000FFFF0000FFFF0000FFFF0000AE
:10FA6000FFFF0000FFFF0000FFFF0000FFFF00009E
:10FA7000FFFF0000FFFF0000FFFF0000FFFF00008E
:10FA8000FFFF0000FFFF0000FFFF0000FFFF00007E
:10FA9000FFFF0000FFFF0000FFFF0000FFFF00006E
:10FAA000FFFF0000FFFF0000FFFF0000FFFF00005E
:10FAB000FFFF0000FFFF0000FFFF0000FFFF00004E
:10FAC000FFFF0000FFFF0000FFFF0000FFFF00003E
:10FAD000FFFF0000FFFF0000FFFF0000FFFF00002E
:10FAE000FFFF0000FFFF0000FFFF0000FFFF00001E
:10FAF000FFFF0000FFFF0000FFFF0000FFFF00000E
:10FB0000FFFF0000FFFF0000FFFF0000FFFF0000FD
:10FB1000FFFF0000FFFF0000FFFF0000FFFF0000ED
:10FB2000FFFF0000FFFF0000FFFF0000FFFF0000DD
:10FB3000FFFF0000FFFF0000FFFF0000FFFF0000CD
:10FB4000FFFF0000FFFF0000FFFF0000FFFF0000BD
:10FB5000FFFF0000FFFF0000FFFF0000FFFF0000AD
:10FB6000FFFF0000FFFF0000FFFF0000FFFF00009D
:10FB7000FFFF0000FFFF0000FFFF0000FFFF00008D
:10FB8000FFFF0000FFFF0000FFFF0000FFFF00007D
:10FB9000FFFF0000FFFF0000FFFF0000FFFF00006D
:10FBA000FFFF0000FFFF0000FFFF0000FFFF00005D
:10FBB000FFFF0000FFFF0000FFFF0000FFFF00004D
:10FBC000FFFF0000FFFF0000FFFF0000FFFF00003D
:10FBD000FFFF0000FFFF0000FFFF0000FFFF00002D
:10FBE000FFFF0000FFFF0000FFFF0000FFFF00001D
:10FBF000FFFF0000FFFF0000FFFF0000FFFF00000D
:10FC0000FFFF0000FFFF0000FFFF0000FFFF0000FC
:10FC1000FFFF0000FFFF0000FFFF0000FFFF0000EC
:10FC2000FFFF0000FFFF0000FFFF0000FFFF0000DC
:10FC3000FFFF0000FFFF0000FFFF0000FFFF0000CC
:10FC4000FFFF0000FFFF0000FFFF0000FFFF0000BC
:10FC5000FFFF0000FFFF0000FFFF0000FFFF0000AC
:10FC6000FFFF0000FFFF0000FFFF0000FFFF00009C
:10FC7000FFFF0000FFFF0000FFFF0000FFFF00008C
:10FC8000FFFF0000FFFF0000FFFF0000FFFF00007C
:10FC9000FFFF0000FFFF0000FFFF0000FFFF00006C
:10FCA000FFFF0000FFFF0000FFFF0000FFFF00005C
:10FCB000FFFF0000FFFF0000FFFF0000FFFF00004C
:10FCC000FFFF0000FFFF0000FFFF0000FFFF00003C
:10FCD000FFFF0000FFFF0000FFFF0000FFFF00002C
:10FCE000FFFF0000FFFF0000FFFF0000FFFF00001C
:10FCF000FFFF0000FFFF0000FFFF0000FFFF00000C
:10FD0000FFFF0000FFFF0000FFFF0000FFFF0000FB
:10FD1000FFFF0000FFFF0000FFFF0000FFFF0000EB
:10FD2000FFFF0000FFFF0000FFFF0000FFFF0000DB
:10FD3000FFFF0000FFFF0000FFFF0000FFFF0000CB
:10FD4000FFFF0000FFFF0000FFFF0000FFFF0000BB
:10FD5000FFFF0000FFFF0000FFFF0000FFFF0000AB
:10FD6000FFFF0000FFFF0000FFFF0000FFFF00009B
:10FD7000FFFF0000FFFF0000FFFF0000FFFF00008B
:10FD8000FFFF0000FFFF0000FFFF0000FFFF00007B
:10FD9000FFFF0000FFFF0000FFFF0000FFFF00006B
:10FDA000FFFF0000FFFF0000FFFF0000FFFF00005B
:10FDB000FFFF0000FFFF0000FFFF0000FFFF00004B
:10FDC000FFFF0000FFFF0000FFFF0000FFFF00003B
:10FDD000FFFF0000FFFF0000FFFF0000FFFF00002B
:10FDE000FFFF0000FFFF0000FFFF0000FFFF00001B
:10FDF000FFFF0000FFFF0000FFFF0000FFFF00000B
:10FE0000FFFF0000FFFF0000FFFF0000FFFF0000FA
:10FE1000FFFF0000FFFF0000FFFF0000FFFF0000EA
:10FE2000FFFF0000FFFF0000FFFF0000FFFF0000DA
:10FE3000FFFF0000FFFF0000FFFF0000FFFF0000CA
:10FE4000FFFF0000FFFF0000FFFF0000FFFF0000BA
:10FE5000FFFF0000FFFF0000FFFF0000FFFF0000AA
:10FE6000FFFF0000FFFF0000FFFF0000FFFF00009A
:10FE7000FFFF0000FFFF0000FFFF0000FFFF00008A
:10FE8000FFFF0000FFFF0000FFFF0000FFFF00007A
:10FE9000FFFF0000FFFF0000FFFF0000FFFF00006A
:10FEA000FFFF0000FFFF0000FFFF0000FFFF00005A
:10FEB000FFFF0000FFFF0000FFFF0000FFFF00004A
:10FEC000FFFF0000FFFF0000FFFF0000FFFF00003A
:10FED000FFFF0000FFFF0000FFFF0000FFFF00002A
:10FEE000FFFF0000FFFF0000FFFF0000FFFF00001A
:10FEF000FFFF0000FFFF0000FFFF0000FFFF00000A
:10FF0000FFFF0000FFFF0000FFFF0000FFFF0000F9
:10FF1000FFFF0000FFFF0000FFFF0000FFFF0000E9
:10FF2000FFFF0000FFFF0000FFFF0000FFFF0000D9
:10FF3000FFFF0000FFFF0000FFFF0000FFFF0000C9
:10FF4000FFFF0000FFFF0000FFFF0000FFFF0000B9
:10FF5000FFFF0000FFFF0000FFFF0000FFFF0000A9
:10FF6000FFFF0000FFFF0000FFFF0000FFFF000099
:10FF7000FFFF0000FFFF0000FFFF0000FFFF000089
:10FF8000FFFF0000FFFF0000FFFF0000FFFF000079
:10FF9000FFFF0000FFFF0000FFFF0000FFFF000069
:10FFA000FFFF0000FFFF0000FFFF0000FFFF000059
:10FFB000FFFF0000FFFF0000FFFF0000FFFF000049
:10FFC000FFFF0000FFFF0000FFFF0000FFFF000039
:10FFD000FFFF0000FFFF0000FFFF0000FFFF000029
:10FFE000FFFF0000FFFF0000FFFF0000FFFF000019
:10FFF000FFFF0000FFFF0000FFFF0000FFFF000009
:020000040100F9
:100B8000FFFFFFFFFFFFFFFFFFFFFFFFFFFFFFFF75
:100B9000FFFFFFFFFFFFFFFFFFFFFFFFFFFFFFFF65
:100BA000FFFFFFFFFFFFFFFFFFFFFFFFFFFFFFFF55
:100BB000FFFFFFFFFFFFFFFFFFFFFFFFFFFFFFFF45
:100BC000FFFFFFFFFFFFFFFFFFFFFFFFFFFFFFFF35
:100BD000FFFFFFFFFFFFFFFFFFFFFFFFFFFFFFFF25
:100BE0003D3C3B3A393837363534333231302F2EAD
:100BF0002D2C2B2A292827262524232221201F1E9D
:00000001FF
